Company,Screener URL,Market Cap,Current Price,High / Low,Stock P/E,Book Value,Dividend Yield,ROCE,ROE,Face Value,Current ratio,Int Coverage,Chg in FII Hold,Chg in DII Hold,OPM last year,OPM preceding year,NPM last year,NPM preceding year,Sales growth 3Years,Profit Var 3Yrs,EPS growth 3Years,EPS growth 5Years,Pledged percentage,Debt to equity,Change in Prom Hold,Dividend last year,Dividend Prev Ann,Div 5Yrs,Broad Sector,Sector,Broad Industry,Industry,Net Profit Qtr (latest),Net Profit Qtr (-1),Net Profit Qtr (-2),Net Profit Qtr (-3),EPS Qtr Series,CF Operations LY,CF Operations PY,CF Operations Series,OPM 5Year %,OPM Series,Pledge Series,FII Holding Series,DII Holding Series,Dividend Series,Revenue Series,PAT Series
Aqylon Nexus,https://www.screener.in/company/AQYLON/,456 Cr.,18.0,226 / 17.9,643,-0.22,0.00 %,131 %,%,1.00,0.42,3.20,6.83 %,-2.34 %,4.09 %,9.15 %,-16.7 %,7.82 %,%,23.8 %,22.9 %,13.4 %,96.6 %,,-12.7 %,0.00 Cr.,0.00 Cr.,0.00 Cr.,Consumer Discretionary,"Media, Entertainment & Publication",Entertainment,TV Broadcasting & Software Production,4.26,-7.99,1.48,14.11,0.01|-0.9|0|-0.07|0.56|0.06|-0.31|0.17,7,6,5|38|51|6|-10|0|0|0|0|-12|6|7,-51.98,27|34|30|-7|-56|-210|9|4.1,,0|0|0|0|0|0.72|1.56|8.39,0.44|0.26|0.09|39.5|39.5|0.09|29.94|27.6,44|874|42|0|0|0|0|0|0|0|0|0,91|108|138|57|15|-1|0|0|0|2|6|13,5|0|5|-44|-53|-37|-25|-21|-21|-22|-22|6
Ksolves India,https://www.screener.in/company/KSOLVES/,597 Cr.,252,354 / 246,17.1,12.2,4.37 %,127 %,132 %,5.00,2.33,57.8,-0.07 %,0.00 %,29.3 %,35.3 %,20.6 %,25.3 %,27.7 %,9.98 %,9.94 %,33.2 %,0.00 %,0.20,0.00 %,26.1 Cr.,18.4 Cr.,17.5 Cr.,Information Technology,Information Technology,IT - Software,Computers - Software & Consulting,8.49,9.02,9.08,8.36,3.89|4.29|2.71|2.79|3.53|3.83|3.8|3.58,31,34,0|0|1|4|10|20|33|34|31,38.60,12|4.1|4.1|6|13|45|43|43|43|35|29,,0.87|0.78|0.63|0.49|0.1|0.12|0.08|0.01,0.08|0.08|0|0.01|0.01|0.01|0.01|0.01,0|0|0|97|0|74|44|52|68|53|79,0|2|2|3|5|8|24|45|77|108|137|161,0|0|0|0|0|1|8|15|25|34|35|33
Indosolar,https://www.screener.in/company/WAAREEINDO/,"1,115 Cr.",268,725 / 241,6.70,69.0,0.00 %,124 %,151 %,10.0,6.70,316,-0.01 %,-0.07 %,39.8 %,29.3 %,36.3 %,16.9 %,%,231 %,231 %,208 %,0.00 %,0.01,0.00 %,0.00 Cr.,0.00 Cr.,0.00 Cr.,Industrials,Capital Goods,Electrical Equipment,Heavy Electrical Equipment,37,42,41,46,2.28|2.46|9.62|28.07|11.14|9.97|10.1|8.8,78,85,79|16|55|29|32|-1|-1|0|-14|18|85|78,-838.40,16|3.8|17|-7|-186|-4068|29|40,,0|0|0|0.01|0.53|0.53|0.55|0.54,0|0|0|0.05|0.07|0.06|0.13|0.06,0|0|0|0|0|0|0|0|0|0|0|0,296|258|442|314|13|0|0|0|0|0|324|680,-78|-141|-58|-163|-525|-8|-8|-122|1081|-15|55|247
Simca Advertis.,https://www.screener.in/company/SIMCA/,323 Cr.,270,291 / 132,19.4,,0.00 %,97.5 %,71.7 %,10.0,1.61,"1,140",%,%,18.0 %,18.0 %,13.1 %,13.3 %,120 %,120 %,-60.8 %,%,0.00 %,0.00,%,0.00 Cr.,0.00 Cr.,Cr.,Consumer Discretionary,"Media, Entertainment & Publication",Media,Advertising & Media Agencies,,,9,-1,-170|10.27,11,3,0|2|3|11,17.50,18|16|18|18,,,,0|0|0|0,12|49|75|127,2|6|10|17
One Global Serv,https://www.screener.in/company/ONEGLOBAL/,"1,053 Cr.",539,790 / 255,14.2,72.3,0.19 %,87.0 %,65.3 %,10.0,2.07,,2.28 %,0.00 %,18.6 %,16.9 %,14.0 %,12.3 %,202 %,269 %,164 %,61.1 %,0.00 %,0.00,0.00 %,0.00 Cr.,0.00 Cr.,0.14 Cr.,Healthcare,Healthcare,Healthcare Services,Healthcare Service Provider,14,18,22,20,3.2|4.9|15.48|13.82|10.13|11.08|9.31|7.32,-11,14,0|0|0|0|0|0|1|1|0|1|14|-11,16.60,73|14|68|23|9|15|17|19,,15.26|14.98|14.98|14.98|5.44|5.45|5.44|7.72,0|0|0|0|0|0|0.01|0.01,0|0|0|0|0|0|0|0|0|10|0|0,0|0|0|0|2|0|4|6|18|63|147|498,0|0|0|0|0|0|2|1|1|7|18|70
Adon Agro,https://www.screener.in/company/544809/,232 Cr.,101,113 / 75.2,10.0,,0.00 %,84.0 %,91.7 %,10.0,1.62,15.8,%,%,10.6 %,10.1 %,7.15 %,7.02 %,144 %,463 %,2.14 %,%,0.00 %,0.63,%,0.00 Cr.,0.00 Cr.,0.00 Cr.,Fast Moving Consumer Goods,Fast Moving Consumer Goods,Food Products,Other Food Products,,,20,8,25.53|12.19,-9,5,2|-2|5|-9,6.32,5|2.1|3.5|10|11,,,0.33,0|0|0|0|0,2|22|73|103|324,0|0|2|7|23
Rajasthan Securities,https://www.screener.in/company/526873/,448 Cr.,58.3,67.0 / 29.0,6.74,15.2,0.00 %,78.6 %,33.9 %,3.00,5.55,79.1,0.00 %,0.00 %,94.3 %,%,42.3 %,%,%,200 %,55.5 %,82.2 %,0.00 %,0.00,0.00 %,0.00 Cr.,0.00 Cr.,0.00 Cr.,Energy,"Oil, Gas & Consumable Fuels",Petroleum Products,Refineries & Marketing,-4.87,61.14,-23.99,34.24,0|0.83|0.09|1.25|4.45|-3.12|7.95|-0.63,-62,2,0|0|0|0|0|0|0|0|-1|-1|2|-62,-8.60,18|-48|-78|-29|94,,,,0|0|0|0|0|0|0|0|0|0|0|0,0|0|0|0|0|0|0|0|0|0|0|61,0|0|0|0|0|0|0|0|-1|0|7|81
Recode Studios,https://www.screener.in/company/544755/,383 Cr.,360,380 / 171,34.2,,0.07 %,74.1 %,77.9 %,10.0,2.26,21.0,%,%,20.8 %,13.0 %,14.0 %,6.51 %,52.9 %,153 %,-72.5 %,%,0.00 %,0.31,%,0.00 Cr.,0.00 Cr.,Cr.,Fast Moving Consumer Goods,Fast Moving Consumer Goods,Personal Products,Personal Care,,,7,2,1730.77|9.02,4,3,-5|-2|3|4,11.40,7|4.6|13|21,,3.41,12.26,0|0|0|0,22|37|48|80,1|0|3|11
Stellant Secu.,https://www.screener.in/company/526071/,555 Cr.,977,"1,105 / 136",15.1,141,0.02 %,71.7 %,53.0 %,10.0,22.2,198,0.00 %,0.57 %,56.7 %,89.4 %,41.9 %,68.6 %,583 %,792 %,"1,234 %",280 %,0.00 %,0.00,1.49 %,0.11 Cr.,0.00 Cr.,0.02 Cr.,Financial Services,Financial Services,Finance,Other Financial Services,17,-5,-5,29,0.58|0.05|0.1|0.92|78.98|-12.53|-9.01|30.83,-19,1,0|0|0|0|0|0|0|0|0|0|1|-19,36.80,-31|-12|0.4|-13|-73|-60|19|79|89|57,,,2.7|2.7|2.7|2.51|2.51|1.68|2.3|2.25,0|0|0|0|0|0|0|0|0|0|0|1,1|0|5|1|0|1|0|0|0|0|2|51,0|0|0|0|0|0|0|0|0|0|1|21
Emkay Tools,https://www.screener.in/company/ETL/,"1,128 Cr.","1,057","1,125 / 721",19.2,131,0.28 %,70.7 %,52.5 %,1.00,2.23,"7,936",0.00 %,0.00 %,55.7 %,52.6 %,40.7 %,38.2 %,%,%,%,%,0.00 %,0.00,0.00 %,0.00 Cr.,0.00 Cr.,Cr.,Industrials,Capital Goods,Industrial Manufacturing,Industrial Products,34,24,25,20,23.01|22.83|32.2,65,35,35|65,54.50,53|56,,,,0|0,117|144,44|59
Technocrats Plasma,https://www.screener.in/company/544877/,644 Cr.,368,455 / 218,43.1,,0.00 %,67.0 %,56.1 %,10.0,2.80,20.8,%,%,20.0 %,17.9 %,11.4 %,16.4 %,209 %,115 %,-50.9 %,%,0.00 %,0.38,%,0.00 Cr.,0.00 Cr.,Cr.,Industrials,Capital Goods,Industrial Products,Other Industrial Products,,,,3.55,20.88,-12,-5,-1|2|-5|-12,19.50,18|22|18|20,,2.53,11.86,0|0|0|0,4|6|49|131,2|2|8|15
Vegorama Punjabi,https://www.screener.in/company/544765/,370 Cr.,223,260 / 117,30.6,,0.00 %,65.7 %,59.4 %,10.0,4.71,44.6,%,%,11.7 %,10.8 %,8.58 %,8.11 %,103 %,143 %,-61.4 %,%,0.00 %,0.17,%,0.00 Cr.,0.00 Cr.,Cr.,Consumer Discretionary,Consumer Services,Leisure Services,Restaurants,,,6,3,622.27|4.48,1,5,3|7|5|1,9.75,7|9|11|12,,0.47,13.76,0|0|0|0,17|66|101|141,1|5|8|12
Complete Sports and Management,https://www.screener.in/company/544900/,298 Cr.,145,161 / 135,16.6,,0.00 %,65.0 %,53.5 %,10.0,1.76,20.5,%,%,21.2 %,13.9 %,15.8 %,10.3 %,54.4 %,144 %,%,%,0.00 %,0.21,%,0.00 Cr.,0.00 Cr.,Cr.,Consumer Discretionary,Consumer Services,Leisure Services,Amusement Parks/ Other Recreation,,,,,,-4,-3,0|9|-3|-4,14.00,5|16|14|21,,0.71,12.09,0|0|0|0,31|82|110|114,1|10|11|18
Jindal Poly Inve,https://www.screener.in/company/JPOLYINVST/consolidated/,"1,031 Cr.",981,"1,488 / 852",1.27,"1,527",0.00 %,63.4 %,54.8 %,10.0,0.12,721,-0.09 %,0.00 %,97.3 %,98.8 %,82.7 %,934 %,-30.8 %,44.8 %,44.8 %,123 %,0.00 %,0.01,0.00 %,0.00 Cr.,0.00 Cr.,0.00 Cr.,Financial Services,Financial Services,Finance,Investment Company,14,35,702,58,133|31.8|63.4|59.7|54.74|667.86|33.45|13.21,6,1,-1|-1|761|-1|0|-2|0|712|1085|-1|1|6,76.80,-54|-750|14|-46|-17712|-6145|2058|53|36|99|99|97,,0.13|0.2|0.12|0.12|0.12|0.12|0.19|0.1,0.44|0.53|0.45|0.44|0.44|0.44|0.44|0.44,0|0|0|0|0|0|0|0|0|0|0|0,0|0|1491|242|1|1|1|2477|3125|36|32|1037,-19|-20|-435|-700|-244|-110|-31|1443|498|296|296|858
Spice IslandsInd,https://www.screener.in/company/526827/,284 Cr.,91.2,110 / 14.2,42.2,4.49,0.35 %,62.4 %,69.1 %,2.00,2.86,97.1,0.00 %,0.00 %,13.9 %,-123 %,31.6 %,61.5 %,175 %,336 %,286 %,32.2 %,0.00 %,0.04,0.00 %,1.00 Cr.,0.00 Cr.,0.20 Cr.,Consumer Discretionary,Consumer Durables,Consumer Durables,"Gems, Jewellery And Watches",1.40,3.09,1.46,0.78,-0.43|-0.1|0.73|0.15|0.36|0.47|0.99|0.45,2.94,0.30,-2.64|1.56|-1.78|-3.43|0.82|-0.24|-0.9|0.76|0.07|-0.2|0.3|2.94,-32.89,2.45|0.78|-10.15|-5.45|-24.66|-17.26|-24.39|-34.33|-19.77|-1.11|-123.08|13.86,,,,105.74|115.18|0|0|0|0|0|0|0|0|0|17.61,24.11|22.95|17.73|28.82|17.03|15.64|6.6|2.68|0.86|0|0.78|17.89,0.61|0.28|-1.54|-1.32|-3.91|-2.94|-2.18|-1.32|-0.12|0.32|0.48|5.66
Vivid Electromech,https://www.screener.in/company/VIVIDEL/,"1,661 Cr.","1,869","1,990 / 556",52.6,,0.00 %,58.6 %,54.9 %,10.0,1.27,43.9,%,%,22.6 %,18.4 %,15.8 %,13.0 %,50.0 %,509 %,96.0 %,17.0 %,0.00 %,0.45,%,0.00 Cr.,0.00 Cr.,0.00 Cr.,Industrials,Capital Goods,Electrical Equipment,Other Electrical Equipment,,22,9,16,446.6|13.48|31.64,,7,2|3|5|3|7,11.18,3.2|2.5|3.4|9|18|23,,1.42,15.46,0|0|0|0|0|0,32|59|59|89|155|200,0|0|0|4|20|32
Devson Catalyst,https://www.screener.in/company/544823/,452 Cr.,332,363 / 186,36.9,,0.00 %,57.0 %,45.0 %,10.0,4.17,38.8,%,%,30.0 %,20.8 %,22.0 %,14.6 %,19.7 %,73.6 %,-49.6 %,%,0.00 %,0.07,%,0.00 Cr.,0.00 Cr.,Cr.,Commodities,Chemicals,Chemicals & Petrochemicals,Specialty Chemicals,,,,,,5,4,2|0|4|5,19.25,11|15|21|30,,3.87,8.37,0|0|0|0,33|43|53|56,2|4|8|13
Australian Prem,https://www.screener.in/company/APS/,465 Cr.,230,544 / 225,8.22,80.3,0.04 %,55.9 %,45.4 %,10.0,1.73,17.3,0.00 %,0.01 %,13.4 %,12.9 %,8.20 %,9.04 %,94.2 %,158 %,-74.3 %,-50.0 %,0.00 %,0.27,0.00 %,0.20 Cr.,0.00 Cr.,0.04 Cr.,Industrials,Capital Goods,Electrical Equipment,Heavy Electrical Equipment,28,28,26,13,825|1.8|1.56|6.65|13.2|13.95|14.08,-4,24,5|3|3|-5|24|-4,8.60,5|4.9|5|6|6|13|13,,1.42|0.46|0.32|0.79|0|0|0,3.44|0.15|0.11|0.11|0.56|0.46|0.47,0|0|0|0|0|0|0,50|74|98|94|149|433|689,1|2|3|3|6|39|57
Raksan Transformers,https://www.screener.in/company/544924/,599 Cr.,287,287 / 261,18.0,,0.00 %,55.4 %,54.5 %,10.0,1.47,43.4,%,%,13.0 %,9.19 %,9.18 %,6.44 %,71.7 %,113 %,-20.1 %,90.4 %,0.00 %,0.27,%,0.00 Cr.,0.26 Cr.,Cr.,Industrials,Capital Goods,Electrical Equipment,Heavy Electrical Equipment,,,,,,15,5,0|6|7|5|15,7.92,2.6|8|7|9|13,,2.1,7.54,0|0|0|1|0,34|72|161|324|363,0|3|7|21|33
Unifinz Capital,https://www.screener.in/company/541358/,452 Cr.,102,130 / 61.0,5.15,37.1,0.49 %,55.2 %,72.1 %,10.0,1.33,3.14,0.00 %,0.00 %,30.1 %,28.6 %,17.0 %,16.4 %,282 %,443 %,288 %,129 %,0.00 %,1.69,-4.80 %,2.21 Cr.,0.44 Cr.,0.53 Cr.,Financial Services,Financial Services,Finance,Non Banking Financial Company (NBFC),17,19,27,24,2.95|1.88|1.67|3.79|5.43|6.11|4.34|3.92,-190,-29,0|-3|-1|0|-1|0|-4|-16|-29|-190,,,,0|0|11.29|11.29|11.29|11.29|11.29|11.29,0|0|8.47|8.58|8.58|8.56|8.7|8.7,57|0|0|0|0|0|0|2|3,,0|0|0|0|0|0|0|1|-1|-1|20|87
NINtec Systems,https://www.screener.in/company/NINSYS/consolidated/,"1,314 Cr.",708,937 / 281,39.2,49.3,0.00 %,54.0 %,40.6 %,10.0,2.11,137,0.01 %,0.01 %,25.7 %,23.5 %,18.2 %,17.5 %,%,%,%,%,0.00 %,0.02,0.12 %,0.00 Cr.,0.00 Cr.,Cr.,Information Technology,Information Technology,IT - Software,Computers - Software & Consulting,9.20,8.74,7.75,7.87,3.5|3.62|3.96|4.12|4.24|4.17|4.7|4.95,26,24,10|24|26,24.67,24|24|26,,0.01|0.11|0.02|0|0|0.01|0|0.01,0|0|0|0|0|0|0|0.01,0|0|0,83|140|170,16|26|32
Deepa Jewellers,https://www.screener.in/company/DEEPA/,"1,810 Cr.",188,222 / 165,17.3,,0.00 %,51.6 %,56.4 %,2.00,4.94,23.2,%,%,7.59 %,4.01 %,5.44 %,2.90 %,27.9 %,68.2 %,-38.0 %,%,0.00 %,0.49,%,0.00 Cr.,0.00 Cr.,0.00 Cr.,Consumer Discretionary,Consumer Durables,Consumer Durables,"Gems, Jewellery And Watches",,,,49,118.56,-15,-10,8|-6|5|-10|-15,4.62,4|3.6|3.5|4|8,,2.73,8.05,0|0|0|0|0,638|921|1025|1397|1927,16|22|24|41|105
Kwick Forensic,https://www.screener.in/company/544895/,317 Cr.,148,170 / 134,23.4,,0.00 %,51.4 %,39.1 %,10.0,2.90,46.6,%,%,18.0 %,18.8 %,12.8 %,13.2 %,73.1 %,95.6 %,-47.3 %,-19.8 %,0.00 %,0.00,%,0.00 Cr.,0.00 Cr.,0.00 Cr.,Industrials,Capital Goods,Industrial Manufacturing,Industrial Products,,,,,,8,5,4|-1|0|-3|5|8,16.00,15|9|16|18|19|18,,1.49,10.85,0|0|0|0|0|0,12|4|20|30|65|106,1|0|2|3|9|14
Viviana Power,https://www.screener.in/company/VIVIANA/,728 Cr.,719,"1,162 / 565",13.2,113,0.00 %,50.7 %,57.2 %,10.0,1.02,6.84,0.01 %,0.38 %,14.2 %,14.0 %,10.0 %,9.02 %,140 %,155 %,151 %,14.9 %,0.00 %,0.81,0.16 %,1.01 Cr.,0.00 Cr.,0.20 Cr.,Industrials,Construction,Construction,Civil Construction,6.93,32.20,11.07,4.83,3.47|3.68|8.87|2.09|4.78|10.93|31.8|6.84,1,-3,4|-3|1|-11|-3|-3|1,15.00,11|9|15|14|18|14|14,,0|0|0|0.01|0.01|0.12|0|0.01,0|0|0|0|0|0.23|0.03|0.41,0|0|0|0|0|0|2,20|23|33|36|66|188|502,1|1|3|3|7|17|50
Frontier Springs,https://www.screener.in/company/FRONTSP/,"1,416 Cr.","1,198","1,870 / 1,175",24.2,155,0.06 %,50.6 %,39.2 %,10.0,3.53,310,0.00 %,-0.15 %,26.9 %,21.6 %,18.7 %,14.6 %,44.2 %,103 %,103 %,50.6 %,0.00 %,0.06,0.00 %,0.83 Cr.,0.71 Cr.,0.59 Cr.,Consumer Discretionary,Automobile and Auto Components,Auto Components,Auto Components & Equipments,12,17,14,16,6.18|7.4|9.88|12.49|13.31|12.1|14.04|10.16,31,22,5|1|6|7|9|10|11|10|10|12|22|31,18.40,8|10|12|14|16|20|17|15|12|16|22|27,,,0|0|0|0.12|0.1|0.21|0.51|0.36,0|0|0|0|5|3|0|5|5|5|2|1,35|39|47|59|83|100|77|84|107|135|231|322,0|1|2|4|8|14|8|8|7|13|35|61
Shankesh Jewellers,https://www.screener.in/company/SHANKESH/,"1,368 Cr.",93.1,116 / 87.2,12.8,,0.00 %,50.3 %,68.8 %,5.00,1.99,11.8,%,%,9.68 %,4.66 %,6.54 %,2.87 %,21.5 %,117 %,-37.6 %,%,0.00 %,0.80,%,0.00 Cr.,0.00 Cr.,Cr.,Consumer Discretionary,Consumer Durables,Consumer Durables,"Gems, Jewellery And Watches",,,,,,0,-23,-8|1|-23|0,4.97,2.5|2.7|4.7|10,,7.36,5.97,0|0|0|0,909|1062|1404|1631,10|13|40|107
Accelya Solution,https://www.screener.in/company/ACCELYA/consolidated/,"1,676 Cr.","1,123","1,527 / 1,012",16.2,168,4.01 %,49.4 %,39.3 %,10.0,2.55,21.6,-0.05 %,-0.04 %,32.5 %,36.8 %,19.5 %,24.1 %,4.28 %,-4.15 %,-4.15 %,19.8 %,0.00 %,0.06,0.00 %,52.3 Cr.,134 Cr.,94.7 Cr.,Information Technology,Information Technology,IT - Software,Computers - Software & Consulting,30,21,14,30,21.75|21.68|20.27|22.75|19.84|9.34|14.32|20.4,99,145,66|80|93|111|87|131|87|118|133|156|145|99,36.80,38|39|39|39|39|37|29|36|40|38|37|33,,0.22|0.23|1.83|2.34|0.26|0.3|0.16|0.11,0.67|1.09|1.09|0.34|0.33|0.05|0.05|0.01,80|81|78|77|45|17|184|121|77|103|104|55,303|341|367|383|433|412|290|368|469|511|529|532,67|83|97|89|106|87|42|76|127|94|129|95
Ardee Industries,https://www.screener.in/company/ARDEE/,"1,553 Cr.",49.3,73.6 / 46.5,18.0,,0.00 %,49.1 %,80.9 %,2.00,1.41,5.72,%,%,12.6 %,8.88 %,7.28 %,4.48 %,41.5 %,115 %,-76.9 %,%,0.00 %,1.25,%,0.00 Cr.,0.00 Cr.,Cr.,Commodities,Metals & Mining,Diversified Metals,Diversified Metals,,20,24,19,589.64|0.93|0.78,30,8,-14|-25|8|30,8.50,6|6|9|13,,1.85,8.4,0|0|0|0,412|463|743|1168,9|9|33|85
Rajesh Power,https://www.screener.in/company/544291/,"1,364 Cr.",757,"1,625 / 750",9.89,217,0.13 %,48.6 %,42.6 %,10.0,1.21,18.5,0.23 %,0.13 %,12.1 %,11.6 %,8.48 %,8.07 %,98.8 %,173 %,158 %,%,0.00 %,0.33,-0.70 %,1.80 Cr.,1.80 Cr.,0.72 Cr.,Utilities,Utilities,Other Utilities,Multi Utilities,79,58,60,26,17.36|33.58|32.24|44.14,-41,-21,7|15|-22|-21|-41,10.20,8|7|12|12|12,,2.32|0.84|0.45|0.68,7.43|4.88|3.39|3.52,0|0|0|2|1,147|207|285|1072|1628,3|7|26|87|138
Sigma Solve,https://www.screener.in/company/SIGMA/consolidated/,483 Cr.,47.0,65.5 / 35.5,15.4,7.50,1.06 %,48.3 %,37.8 %,1.00,5.24,126,0.00 %,0.02 %,29.5 %,33.9 %,25.0 %,24.9 %,19.6 %,26.9 %,26.9 %,51.1 %,0.00 %,0.03,0.00 %,0.00 Cr.,0.51 Cr.,0.35 Cr.,Information Technology,Information Technology,IT - Services,IT Enabled Services,13,5,7,7,0.4|0.41|0.66|0.5|0.65|0.65|0.52|1.22,30,18,0|5|16|20|7|18|30,35.40,18|35|37|41|35|34|30,,0|0|0|0|0|0.03|0|0,0|0|0|0|0|0|0|0.02,0|7|2|4|3|3|0,10|21|41|56|65|76|96,2|5|14|18|19|19|24
Career Point Edu,https://www.screener.in/company/CPEDU/,312 Cr.,172,340 / 135,13.4,40.6,1.46 %,47.8 %,34.5 %,10.0,7.37,224,-0.02 %,0.11 %,52.5 %,44.6 %,44.5 %,37.2 %,86.2 %,98.1 %,-37.2 %,%,0.00 %,0.00,0.00 %,4.55 Cr.,0.00 Cr.,0.91 Cr.,Consumer Discretionary,Consumer Services,Other Consumer Services,Education,7.95,5.53,5.06,4.77,66.73|91.86|60.7|3.87|2.62|2.78|3.04|4.37,19,7,1|2|7|7|19,35.60,5|35|41|45|52,,0.17|0.05|0.05|0.07|0.05,0|0|0|2.42|2.53,0|0|0|0|20,5|8|46|49|50,0|3|15|18|22
Safe Enterprises,https://www.screener.in/company/SAFEENTP/consolidated/,"1,162 Cr.",249,319 / 175,18.0,61.8,0.00 %,47.0 %,35.9 %,5.00,8.32,503,-0.68 %,0.17 %,36.2 %,35.8 %,29.6 %,28.3 %,%,%,%,%,0.00 %,0.00,0.00 %,0.00 Cr.,0.00 Cr.,Cr.,Consumer Discretionary,Consumer Durables,Consumer Durables,"Furniture, Home Furnishing",31,33,22,17,8480|6.48|7.13|6.57,34,31,13|31|34,34.33,31|36|36,,3.35|1.47|0.79,12.48|6.47|6.64,0|0|0,101|138|218,23|39|64
Sunlite Recycli.,https://www.screener.in/company/SUNLITE/,890 Cr.,645,718 / 165,22.2,116,0.00 %,46.5 %,36.4 %,10.0,2.41,23.6,0.00 %,0.11 %,2.16 %,1.71 %,1.45 %,1.01 %,34.0 %,92.8 %,-36.2 %,%,0.00 %,0.07,0.31 %,0.00 Cr.,0.00 Cr.,Cr.,Industrials,Capital Goods,Industrial Products,"Aluminium, Copper & Zinc Products",26,14,7,7,82.4|6.01|6.49|6.63|13.18|18.69,-2,8,2|11|8|-2,1.70,1.3|1.6|1.7|2.2,,2.58|0.32|0.32|0.32|0.09|0|0,4.01|1.63|1.31|1.18|0.98|0.73|0.84,0|0|0|0,1150|1166|1397|2765,6|9|14|40
Grover Jewells,https://www.screener.in/company/GJL/,440 Cr.,303,307 / 91.4,20.8,47.9,0.00 %,46.0 %,49.1 %,10.0,4.38,11.6,%,%,3.59 %,2.45 %,2.57 %,1.66 %,47.8 %,97.9 %,12.5 %,%,0.00 %,0.39,%,0.00 Cr.,0.00 Cr.,Cr.,Consumer Discretionary,Consumer Durables,Consumer Durables,"Gems, Jewellery And Watches",,,,17,11.75,-31,0,2|3|0|-31,2.38,1.6|1.8|2.5|3.6,,2.59,2.37,0|0|0|0,255|258|461|824,3|3|8|21
EPW India,https://www.screener.in/company/EPWINDIA/consolidated/,276 Cr.,240,282 / 98.0,26.7,37.4,0.00 %,45.9 %,42.8 %,5.00,2.15,8.45,0.00 %,-4.65 %,15.5 %,11.5 %,9.59 %,7.97 %,153 %,456 %,14.4 %,%,0.00 %,0.24,0.00 %,0.00 Cr.,0.00 Cr.,Cr.,Information Technology,Information Technology,IT - Hardware,Computers Hardware & Equipments,,,6,3,264|5.41,-13,-12,0|0|-12|-13,8.40,1.6|6|11|15,,3.63|3.63,9.92|5.27,0|0|0|0,7|19|53|107,0|1|4|10
Unified Data,https://www.screener.in/company/544406/,805 Cr.,401,495 / 284,32.9,69.0,2.75 %,45.2 %,20.7 %,10.0,1.22,"5,351",-2.03 %,0.15 %,14.0 %,17.1 %,14.2 %,11.9 %,37.6 %,34.9 %,-91.5 %,%,0.00 %,0.00,0.00 %,0.00 Cr.,0.00 Cr.,0.00 Cr.,Information Technology,Information Technology,IT - Services,IT Enabled Services,23,17,12,22,10.94|6.02|8.6|11.69,2,49,3|23|10|49|2,13.00,12|11|11|17|14,,3.21|2.6|0.57,9.77|5.74|5.89,0|0|0|0|0,93|110|260|222|288,10|10|25|34|41
Connplex Cinemas,https://www.screener.in/company/CONNPLEX/,479 Cr.,251,312 / 188,18.5,70.3,0.00 %,43.6 %,32.6 %,10.0,2.96,85.7,-1.75 %,-1.12 %,23.8 %,27.5 %,17.6 %,19.0 %,79.8 %,150 %,-25.7 %,%,0.00 %,0.01,0.04 %,0.00 Cr.,0.00 Cr.,0.00 Cr.,Consumer Discretionary,"Media, Entertainment & Publication",Entertainment,"Film Production, Distribution & Exhibition",13,13,9,10,191.8|6.7|6.83|6.82,-67,3,1|9|4|3|-67,18.20,20|10|10|27|24,,2.47|0.72,8.08|6.96,0|0|0|0|0,7|25|60|96|148,1|2|4|19|26
Parmeshwar Metal,https://www.screener.in/company/544330/,494 Cr.,323,343 / 64.7,15.3,66.7,0.39 %,43.4 %,37.4 %,10.0,2.59,26.3,-1.15 %,-0.23 %,2.18 %,1.10 %,1.64 %,0.79 %,26.6 %,53.7 %,-43.8 %,-16.6 %,0.00 %,0.23,0.47 %,1.91 Cr.,1.15 Cr.,0.61 Cr.,Industrials,Capital Goods,Industrial Products,"Aluminium, Copper & Zinc Products",23,9,7,4,8.07|3.8|4.38|5.91|15.33,22,-4,-7|3|3|5|-2|2|-4|22,1.40,1.2|1.7|1.4|1.3|1.4|1|1.1|2.2,,1.93|1.15|0,4.07|0.26|0.03,0|0|0|0|0|0|10|6,0|213|289|538|902|972|1100|1382|1973,0|0|2|4|7|9|7|11|32
Savy Infra,https://www.screener.in/company/SAVY/,291 Cr.,140,191 / 108,6.91,76.1,0.00 %,42.8 %,39.9 %,10.0,2.86,10.6,-0.26 %,-0.11 %,9.34 %,12.5 %,6.58 %,8.43 %,369 %,398 %,-15.9 %,%,0.00 %,0.33,0.00 %,0.00 Cr.,0.00 Cr.,0.00 Cr.,Industrials,Construction,Construction,Civil Construction,,24,18,13,8.92|8.79|11.41,-51,-18,1|0|-4|-18|-51,10.16,3.8|10|15|13|9,,3.21|0.96|0.66|0.4,2.26|0.98|0.93|0.82,0|0|0|0|0,6|6|102|283|638,0|0|10|24|42
Arihant Academy,https://www.screener.in/company/ARIHANTACA/,303 Cr.,500,555 / 385,32.9,55.4,0.40 %,42.7 %,31.1 %,10.0,0.77,"1,247",0.00 %,0.00 %,22.2 %,13.8 %,14.4 %,11.0 %,40.0 %,66.3 %,66.3 %,-57.8 %,0.00 %,0.00,0.00 %,1.21 Cr.,0.61 Cr.,0.48 Cr.,Consumer Discretionary,Consumer Services,Other Consumer Services,Education,2.05,3.32,1.77,2.05,2.53|1.93|1.57|3.24|3.39|2.92|5.48|3.39,10.39,5.91,-0.09|1.81|2.06|-0.03|8.25|5.91|10.39,15.15,7.08|15.13|20.79|12.46|6.46|13.78|22.24,,0.08|0|0|0|0|0|0|0,,0|0|0|0|39.1|13.62|13.3,19.21|14.08|15.2|23.12|30.32|40.56|63.43,0.42|1.13|2.01|1.49|1.55|4.45|9.11
Om Power Transmission,https://www.screener.in/company/OMPOWER/,590 Cr.,172,207 / 158,14.0,,0.00 %,42.7 %,38.2 %,10.0,1.55,7.90,%,%,12.7 %,12.8 %,8.91 %,7.88 %,55.2 %,85.7 %,-47.6 %,%,0.00 %,0.35,%,0.00 Cr.,0.00 Cr.,Cr.,Industrials,Construction,Construction,Civil Construction,11,17,9,8,203.33|139.17|3.24|6.24|3.07,-26,17,10|4|17|-26,11.00,10|8|13|13,,4.12,1.21,0|0|0|0,120|183|279|449,6|7|22|40
California Soft.,https://www.screener.in/company/CALSOFT/consolidated/,319 Cr.,39.2,44.8 / 10.2,21.8,5.84,0.00 %,42.0 %,32.7 %,10.0,5.72,"1,959",0.03 %,0.00 %,75.8 %,29.0 %,54.1 %,13.2 %,92.4 %,264 %,249 %,118 %,0.00 %,0.05,0.00 %,0.00 Cr.,0.00 Cr.,0.00 Cr.,Information Technology,Information Technology,IT - Software,Computers - Software & Consulting,4.19,9.20,1.01,0.23,0.01|0.03|0.05|0.03|0.04|0.16|1.31|0.51,-3,-2,3|-7|0|-35|0|-1|5|-3|-1|-2|-2|-3,50.60,57|46|-7|38|68|43|37|29|76,,0.01|0|0|0|0|0|0|0.03,,0|0|0|0|0|0|0|0|0|0|0|0,0|0|0|1|1|1|1|11|3|4|5|20,-15|-1|2|0|0|0|0|5|0|1|1|11
Pramodini Medicare,https://www.screener.in/company/PRAMODINI/consolidated/,261 Cr.,118,137 / 110,15.0,,0.00 %,41.8 %,39.1 %,10.0,1.26,18.9,%,%,49.6 %,54.8 %,27.9 %,28.8 %,%,%,%,%,%,0.34,%,0.00 Cr.,0.00 Cr.,Cr.,Healthcare,Healthcare,Healthcare Services,Healthcare Service Provider,,,,,,25,22,10|22|25,49.67,44|55|50,,2.84,8.64,0|0|0,35|38|62,7|11|17
Garuda Cons,https://www.screener.in/company/GARUDA/,"1,633 Cr.",176,249 / 130,12.0,48.8,0.01 %,41.8 %,31.2 %,5.00,2.84,66.7,-0.01 %,-0.25 %,30.9 %,29.5 %,23.1 %,22.1 %,48.9 %,44.3 %,-26.2 %,7.03 %,0.00 %,0.03,0.00 %,0.00 Cr.,0.23 Cr.,0.05 Cr.,Industrials,Construction,Construction,Civil Construction,42,34,33,27,1.37|1.38|1.94|3.01|2.92|3.54|3.7|4.47,41,-111,-11|8|13|12|-7|-111|41,32.60,3.4|21|35|35|32|30|31,,6.65|4.53|4.48|3.09|2.34|2.64|2.63,1.45|0.93|0.65|1.12|1.01|0.48|0.23,0|0|0|0|0|0|0,124|72|77|161|154|225|531,1|9|19|41|36|50|123
String Metaverse,https://www.screener.in/company/534535/consolidated/,978 Cr.,8.02,26.5 / 4.90,8.06,2.33,0.00 %,41.6 %,41.6 %,1.00,12.2,285,0.00 %,0.00 %,10.7 %,10.1 %,9.59 %,8.65 %,%,326 %,218 %,73.6 %,0.00 %,0.02,-6.84 %,0.00 Cr.,0.00 Cr.,Cr.,Information Technology,Information Technology,IT - Services,IT Enabled Services,37,35,28,22,0.03|0.04|0.05|0.13|0.15|0.19|0.25|0.3,144,49,0|0|0|-1|49|144,9.60,10|8|9|10|11,,,0|0|0|0|0.02|0|0|0,0|0|0|0|0|0|0,10|10|0|0|151|407|1069,0|-1|-3|-1|11|35|103
Apex Ecotech,https://www.screener.in/company/APEXECO/,346 Cr.,262,297 / 102,20.3,48.0,0.00 %,41.4 %,31.1 %,10.0,3.56,115,0.00 %,1.87 %,14.7 %,15.7 %,11.4 %,12.1 %,62.6 %,69.1 %,-30.6 %,22.0 %,0.00 %,0.02,0.00 %,0.00 Cr.,0.00 Cr.,0.00 Cr.,Utilities,Utilities,Other Utilities,Water Supply & Management,14,3,7,2,1.6|5.32|1.96|10.96,7,-5,5|-1|0|3|7|-5|7,11.68,9|6|12|-10|-1.6|12|17|16|15,,0.01|0|0,6.08|6.52|8.39,0|0|19|0|0|0|0|0|0,17|31|44|12|20|35|53|71|149,0|1|3|-2|-1|4|7|9|17
Teamtech Formwork,https://www.screener.in/company/TEAMTECH/,395 Cr.,132,144 / 68.2,34.1,,0.00 %,41.2 %,42.3 %,5.00,1.55,15.6,%,%,33.0 %,28.3 %,21.8 %,24.0 %,38.4 %,57.8 %,-23.0 %,%,0.00 %,0.50,%,0.00 Cr.,0.00 Cr.,0.00 Cr.,Commodities,Construction Materials,Other Construction Materials,Other Construction Materials,,,,7.33,14.32,3,6,1|0|4|6|3,25.40,15|21|30|28|33,,2.63,9.97,0|0|0|0|0,12|20|30|33|53,1|3|8|8|12
Merritronix,https://www.screener.in/company/544773/,698 Cr.,399,484 / 283,43.4,,0.00 %,41.1 %,46.0 %,10.0,1.56,6.64,%,%,17.5 %,13.3 %,10.3 %,7.63 %,43.1 %,273 %,-16.1 %,%,0.00 %,0.81,%,0.00 Cr.,0.00 Cr.,0.00 Cr.,Industrials,Capital Goods,Industrial Manufacturing,Industrial Products,,,,4,3.24,-23,-7,-1|5|-7|-23,10.12,9|3.6|8|13|17,,2.5,7.86,0|0|0|0|0,16|53|86|114|156,0|0|3|9|16
Sunshine Picture,https://www.screener.in/company/SUNSHINE/,"1,241 Cr.",398,525 / 326,30.3,,0.00 %,41.0 %,31.7 %,10.0,4.71,31.5,%,%,76.6 %,47.3 %,53.2 %,34.0 %,41.1 %,165 %,-53.6 %,15.8 %,0.00 %,0.07,%,0.00 Cr.,0.00 Cr.,0.00 Cr.,Consumer Discretionary,"Media, Entertainment & Publication",Entertainment,"Film Production, Distribution & Exhibition",,0.25,39.71,-1.08,-0.41|15.07|0.09,-33,41,27|-5|-5|32|41|-33,41.40,-32|18|15|50|47|77,,2.93,8.25,0|0|0|0|0|0,5|87|27|134|103|74,-2|11|2|52|35|40
TechD Cybersec.,https://www.screener.in/company/TECHD/,436 Cr.,583,844 / 360,31.0,96.0,0.00 %,40.9 %,29.9 %,10.0,5.70,241,0.00 %,-0.16 %,36.1 %,35.4 %,27.1 %,22.2 %,90.0 %,146 %,-72.9 %,%,0.00 %,0.00,0.00 %,0.00 Cr.,0.00 Cr.,0.00 Cr.,Information Technology,Information Technology,IT - Services,IT Enabled Services,8,6,4,4,7.84|7.49|8.52|10.25,9,1,1|0|-1|1|9,27.60,3.8|18|18|31|35|36,,1.57|0.01|0.01|0.01,8.58|3.02|2.9|2.74,0|0|0|0|0,1|2|8|15|30|52,0|0|1|3|8|14
Influx Health.,https://www.screener.in/company/INFLUX/,634 Cr.,274,315 / 161,30.8,43.5,0.00 %,40.0 %,30.0 %,10.0,3.59,152,-1.67 %,-1.18 %,20.3 %,19.6 %,14.0 %,12.8 %,24.5 %,41.8 %,-85.4 %,%,0.00 %,0.00,0.00 %,0.00 Cr.,0.00 Cr.,0.00 Cr.,Healthcare,Healthcare,Pharmaceuticals & Biotechnology,Pharmaceuticals,11,10,8,6,3.1|4.21|4.32|4.56,4,7,0|4|7|9|7|4,16.40,11|14|17|20|20,,3.38|1.83|0.16,10.46|6.83|5.65,0|0|0|0|0,0|59|76|100|105|147,0|4|7|11|13|21
Sahana Systems,https://www.screener.in/company/SAHANA/consolidated/,900 Cr.,849,"1,028 / 571",13.3,238,0.10 %,39.8 %,31.7 %,10.0,2.61,61.2,0.06 %,0.23 %,30.1 %,33.6 %,22.6 %,23.4 %,139 %,122 %,94.2 %,%,0.00 %,0.07,0.00 %,0.88 Cr.,0.00 Cr.,Cr.,Information Technology,Information Technology,IT - Services,IT Enabled Services,47,28,25,14,2.62|6.13|4.43|13.42|13.48|33.46|26.1|40.69,41,-48,1|34|-48|41,34.50,40|34|34|30,,0.21|0.2|0.27|0.23|0.18|0.7|0.96|0.76,0.89|0.56|0.53|0.57|0.6|0.59|0.6|0.82,0|0|0|1,24|69|167|331,6|18|39|75
Valiant Commun.,https://www.screener.in/company/526775/consolidated/,"1,626 Cr.","1,391","1,400 / 617",59.7,84.3,0.11 %,39.7 %,30.6 %,10.0,7.39,183,-0.02 %,1.70 %,35.6 %,27.2 %,28.5 %,18.0 %,39.2 %,144 %,139 %,163 %,0.00 %,0.03,-0.97 %,1.72 Cr.,1.14 Cr.,0.57 Cr.,Telecommunication,Telecommunication,Telecom -  Equipment & Accessories,Telecom -  Equipment & Accessories,7.79,8.14,6.04,5.27,2.46|-0.46|3.7|4.14|4.62|5.28|7.11|6.66,32,1,2|-1|-3|4|1|2|2|-4|3|3|1|32,15.20,0.4|8|10|14|11|6|7|-23|14|22|27|36,,0.16|0.16|0.16|0.16|0.85|0.85|0.98|0.96,0.2|0|0|0.6|1.58|1.58|1.58|3.28,0|0|0|0|0|0|0|0|0|12|7,12|14|18|23|19|20|22|13|32|46|51|85,0|0|1|1|0|0|2|-3|2|6|10|24
ACE Alpha Tech,https://www.screener.in/company/544431/,262 Cr.,149,150 / 80.0,17.5,39.4,0.00 %,39.6 %,29.3 %,10.0,13.3,,-0.55 %,-3.30 %,78.5 %,88.2 %,61.7 %,72.1 %,70.5 %,65.1 %,-86.3 %,-36.1 %,0.00 %,0.00,0.00 %,0.00 Cr.,0.00 Cr.,0.00 Cr.,Information Technology,Information Technology,IT - Software,Computers - Software & Consulting,8,8,5,6,7120.37|4.34|3.65|4.28|4.37,-11,11,0|1|10|11|-11,78.80,44|90|93|88|79,,0.74|0.19,3.31|0.01,0|0|0|0|0|0,0|0|5|15|16|24,0|0|3|10|11|15
K.P. Energy,https://www.screener.in/company/KPEL/consolidated/,"1,470 Cr.",217,465 / 207,8.08,77.4,0.41 %,39.2 %,43.4 %,5.00,1.20,5.96,-0.13 %,0.03 %,21.3 %,18.8 %,12.1 %,12.1 %,50.7 %,61.7 %,61.0 %,96.0 %,0.00 %,0.84,-0.13 %,6.08 Cr.,4.00 Cr.,3.13 Cr.,Utilities,Power,Power,Power Generation,26,79,41,36,3.74|3.96|6.87|3.8|5.37|6.18|11.64|3.85,123,162,7|4|36|12|2|-28|-6|26|28|33|162|123,17.60,18|23|26|17|21|14|25|14|16|18|19|21,,0.48|0.6|0.8|0.63|0.49|0.49|0.66|0.53,0.05|0.91|0.91|0.98|1.04|1.05|1|1.03,0|0|6|9|6|0|0|6|2|6|3|3,27|41|111|60|158|75|72|250|438|471|936|1497,3|5|17|2|19|1|6|18|44|58|115|181
Armee Infotech,https://www.screener.in/company/id/1286190/,"1,190 Cr.",,/,28.9,,%,39.0 %,35.9 %,10.0,1.14,9.14,%,%,4.45 %,6.83 %,3.19 %,4.75 %,118 %,132 %,27.4 %,%,%,0.34,%,0.00 Cr.,0.00 Cr.,0.00 Cr.,,,,,,,,,,-18,55,-8|-2|-7|55|-18,7.18,11|10|3.4|7|4.5,,,,0|0|0|0|0,105|125|503|1005|1294,4|3|17|48|41
Prizor Viztech,https://www.screener.in/company/PRIZOR/consolidated/,"1,195 Cr.","1,107","1,249 / 217",57.1,68.8,0.00 %,38.7 %,35.8 %,10.0,1.63,8.03,0.00 %,0.00 %,22.3 %,21.4 %,13.7 %,14.3 %,%,%,%,%,0.00 %,0.56,0.00 %,0.00 Cr.,0.00 Cr.,Cr.,Industrials,Capital Goods,Industrial Manufacturing,Industrial Products,6,6,4,5,57.62|4|5.49|5.54,0,-14,-2|-14|0,22.00,23|21|22,,3.37|1.42|1.42|1.41|1.2|1.17|1.19|1.19,0.82|0.51|0|0|0|0|0|0,0|0|0,36|71|153,6|10|21
Leapfrog Engg.,https://www.screener.in/company/544797/,298 Cr.,21.0,25.2 / 20.0,15.2,,0.00 %,38.4 %,31.0 %,1.00,1.73,5.00,%,%,15.5 %,17.5 %,12.8 %,12.0 %,13.5 %,312 %,-32.1 %,%,0.00 %,0.44,%,0.00 Cr.,0.00 Cr.,0.00 Cr.,Industrials,Construction,Construction,Civil Construction,,,13,12,1.11|1.26,-5,-16,1|12|0|-16|-5,10.96,7|1.8|13|18|15,,0.1,0.17,0|0|0|0|0,42|104|158|135|152,1|0|16|16|20
Swastika Infra,https://www.screener.in/company/id/1286193/,631 Cr.,,/,15.2,,%,38.4 %,53.8 %,10.0,1.39,4.27,%,%,14.1 %,12.5 %,8.23 %,7.86 %,48.6 %,59.3 %,%,%,%,1.44,%,0.00 Cr.,0.00 Cr.,0.00 Cr.,,,,,,,,,,-10,-75,-3|27|-5|-75|-10,12.40,12|12|11|13|14,,,,0|0|0|0|0,59|153|210|351|504,3|10|14|27|41
Cospower Engine.,https://www.screener.in/company/543172/,517 Cr.,"2,814","2,814 / 600",39.7,257,0.04 %,38.4 %,39.8 %,10.0,1.84,8.19,0.00 %,0.00 %,21.5 %,21.7 %,12.2 %,5.27 %,96.8 %,296 %,270 %,71.4 %,0.00 %,0.59,-5.80 %,0.00 Cr.,0.00 Cr.,0.03 Cr.,Industrials,Capital Goods,Industrial Manufacturing,Industrial Products,11,2,1,0,-4|5.4|-8|8.73|1.6|7.7|13.5|58.59,-15,2,1|0|2|-1|1|0|0|2|2|-15,16.00,9|10|5|8|8|13|13|15|7|15|22|21,,,,0|0|0|0|0|22|21|20|0|0|0|0,8|5|9|9|13|11|12|12|14|22|28|107,0|0|0|0|1|1|1|1|0|0|2|13
Zelio E-Mobility,https://www.screener.in/company/544563/,"1,803 Cr.",853,901 / 155,64.7,52.6,0.00 %,38.3 %,40.5 %,10.0,3.38,17.7,-3.33 %,-8.76 %,11.3 %,12.2 %,9.20 %,9.29 %,81.2 %,109 %,-76.5 %,%,0.00 %,0.17,0.00 %,0.00 Cr.,0.00 Cr.,0.00 Cr.,Consumer Discretionary,Automobile and Auto Components,Automobiles,2/3 Wheelers,16,12,9,7,2350|5.42|7.15|7.66,-7,-7,-3|-1|1|-7|-7,10.40,12|8|9|12|11,,3.42|0.09,10.89|2.13,0|0|0|0|0,13|51|94|172|303,1|3|6|16|28
GP Eco Solutions,https://www.screener.in/company/GPECO/consolidated/,489 Cr.,397,600 / 264,12.2,93.1,0.00 %,38.3 %,45.8 %,10.0,1.13,8.59,0.12 %,1.33 %,14.3 %,6.84 %,10.3 %,4.24 %,59.3 %,141 %,-38.2 %,%,55.5 %,0.99,-2.45 %,0.00 Cr.,0.00 Cr.,Cr.,Industrials,Capital Goods,Electrical Equipment,Other Electrical Equipment,33,10,6,5,42.5|4.18|4.84|8.79|25.12,29,22,2|-6|22|29,8.13,2.5|9|7|14,,0.4|1.41|0.6|0.23|0|0.12,2.57|0.82|0.25|0|0.05|1.38,0|0|0|0,103|138|246|414,3|7|10|43
TAC Infosec,https://www.screener.in/company/TAC/consolidated/,"1,032 Cr.",491,900 / 347,37.5,39.6,0.00 %,38.1 %,32.5 %,10.0,10.4,100,0.00 %,0.00 %,53.8 %,50.3 %,46.0 %,48.3 %,%,%,%,%,18.1 %,0.01,-0.30 %,0.00 Cr.,0.00 Cr.,Cr.,Information Technology,Information Technology,IT - Software,Computers - Software & Consulting,,8.05,6.02,3.40,1.31|2.87|3.7,12,19,-2|19|12,53.67,57|50|54,,9.81|3.78|3.57|0.06|0.04|0.04,2.23|0|0|0|0|0,0|0|0,12|30|57,6|15|26
Avana Electrosystems,https://www.screener.in/company/AVANA/,317 Cr.,140,168 / 60.1,27.1,26.1,0.00 %,38.1 %,28.9 %,10.0,3.35,19.3,%,%,19.5 %,19.4 %,14.0 %,13.8 %,43.4 %,133 %,-23.6 %,8.73 %,0.00 %,0.01,%,0.00 Cr.,0.00 Cr.,0.00 Cr.,Industrials,Capital Goods,Electrical Equipment,Heavy Electrical Equipment,,,6,6,3.21|2.7,8,6,0|1|0|0|1|6|8,12.36,6|4.3|3.8|7|13|19|19,,1.1,8.54,0|0|0|0|0|0|0,23|15|20|28|53|61|84,1|0|0|1|4|8|12
Adisoft Technol.,https://www.screener.in/company/ADISOFT/consolidated/,378 Cr.,232,280 / 170,16.5,,0.00 %,38.0 %,37.7 %,10.0,1.72,18.2,%,%,18.0 %,16.4 %,13.8 %,12.2 %,30.1 %,55.7 %,-85.4 %,%,0.00 %,0.30,%,0.00 Cr.,0.00 Cr.,Cr.,Industrials,Capital Goods,Industrial Manufacturing,Industrial Products,,,18,10,9560|14.65,17,-1,3|-6|-1|17,15.00,11|15|16|18,,1.26,4.95,0|0|0|0,76|103|132|166,6|12|16|23
R M Drip & Sprin,https://www.screener.in/company/RMDRIP/,950 Cr.,22.2,72.2 / 14.8,27.0,2.59,0.14 %,37.9 %,36.9 %,1.00,2.97,12.3,0.39 %,0.00 %,26.5 %,27.4 %,17.8 %,18.4 %,162 %,955 %,581 %,144 %,0.00 %,0.48,0.00 %,0.75 Cr.,0.00 Cr.,0.15 Cr.,Industrials,Capital Goods,Industrial Products,Plastic Products - Industrial,5.35,10.20,14.06,5.65,0.04|0.24|0.24|0.12|0.13|0.33|0.24|0.12,-11,-22,1|1|3|-6|2|2|3|1|-2|-14|-22|-11,11.90,1.9|12|12|11|-16|17|11|4.5|-9|11|27|26,,0|2|2.12|2.97|3.01|2.5|3.85|4.24,0|0|0|0.35|0.35|0.35|0.1|0.1,0|0|0|0|0|0|0|0|0|0|0|2,5|12|28|43|22|23|18|18|11|50|130|197,0|0|1|2|-5|3|0|-1|0|5|24|35
Gayatri Rubbers,https://www.screener.in/company/GRCL/,328 Cr.,572,629 / 307,58.8,34.3,0.00 %,37.9 %,33.1 %,10.0,2.24,12.3,0.00 %,0.00 %,21.1 %,14.7 %,13.4 %,8.93 %,23.4 %,83.1 %,83.1 %,%,0.00 %,0.35,0.47 %,0.00 Cr.,0.00 Cr.,Cr.,Industrials,Capital Goods,Industrial Products,Rubber,2.95,2.63,1.58,1.27,0.88|0.96|1.06|1.66|2.21|2.75|4.58|5.14,0.16,-1.47,1.55|-5.21|-0.31|-1.47|0.16,12.22,6.37|7.79|11.18|14.7|21.08,,,,0|0|0|0|0,16.65|22.21|24.41|31.91|41.79,0.55|0.91|1.56|2.85|5.59
Nisus Finance,https://www.screener.in/company/544296/consolidated/,363 Cr.,152,384 / 143,5.38,112,0.00 %,37.7 %,33.7 %,10.0,1.65,5.12,-0.03 %,0.02 %,25.9 %,66.1 %,15.0 %,48.6 %,269 %,189 %,2.71 %,11.4 %,32.0 %,0.97,0.00 %,0.00 Cr.,0.00 Cr.,0.00 Cr.,Financial Services,Financial Services,Finance,Holding Company,12,25,21,17,4.56|6.77|8.59|7.66|4.72,-20,-7,3|0|1|-2|15|-7|-20,51.20,11|30|33|46|85|66|26,,3.22|0.94|0.72|0.44|0.17|0.14,5.8|2.23|1.69|1.98|2.53|2.55,0|0|0|0|0|0|0,6|6|7|11|43|67|570,0|2|1|3|24|33|83
Workmates Core2,https://www.screener.in/company/544610/,525 Cr.,406,514 / 264,32.0,68.7,0.49 %,37.2 %,29.3 %,10.0,5.00,40.1,-1.73 %,-4.24 %,15.7 %,17.6 %,11.4 %,13.4 %,70.6 %,103 %,-81.4 %,-50.1 %,0.00 %,0.00,0.00 %,2.58 Cr.,0.00 Cr.,0.52 Cr.,Information Technology,Information Technology,IT - Software,Computers - Software & Consulting,7,9,7,7,6980|7080|9.32|5.46,,3,2|10|3,14.20,14|14|9|14|18|16,,1.73|0,10.84|6.6,0|0|0|0|0|16,4|13|29|53|105|144,0|1|2|5|14|16
Msafe Equipments,https://www.screener.in/company/544695/,620 Cr.,304,329 / 102,23.2,48.0,0.00 %,37.2 %,39.5 %,10.0,2.46,10.7,-1.20 %,-1.34 %,42.7 %,36.9 %,23.8 %,18.4 %,56.2 %,89.4 %,-30.7 %,-47.5 %,0.00 %,0.39,0.39 %,0.00 Cr.,0.00 Cr.,0.00 Cr.,Commodities,Metals & Mining,Non - Ferrous Metals,Aluminium,,7.27,6.51,5.04,50.4|3.19|3.56,12,14,5|6|14|12,32.80,22|27|24|33|37|43,,3.36|2.16,8.94|7.6,0|0|0|0|0|0,6|16|27|48|71|103,0|2|4|7|13|22
SRM Contractors,https://www.screener.in/company/SRM/consolidated/,972 Cr.,424,652 / 361,8.24,162,0.00 %,37.1 %,34.3 %,10.0,1.59,13.3,-0.33 %,-0.86 %,16.4 %,15.4 %,10.8 %,10.4 %,50.6 %,81.3 %,63.2 %,-38.4 %,0.00 %,0.36,0.00 %,0.00 Cr.,0.00 Cr.,0.00 Cr.,Industrials,Construction,Construction,Civil Construction,20,54,24,20,4.51|6.97|10.5|5.56|8.75|10.5|23.58|8.59,92,1,14|10|21|14|1|92,13.40,10|11|13|12|15|16,,0.28|0.09|0.04|0.17|0.16|0.05|0.43|0.1,4.81|4.32|3.45|2.42|1.52|1.26|1.11|0.25,0|0|0|0|0|0,160|264|300|342|528|1026,8|18|19|27|55|111
Akiko,https://www.screener.in/company/AKIKO/consolidated/,448 Cr.,416,439 / 190,23.2,55.7,0.00 %,37.1 %,29.4 %,10.0,2.38,20.2,0.04 %,1.18 %,14.5 %,15.3 %,10.1 %,10.4 %,%,%,%,%,0.00 %,0.25,0.00 %,0.00 Cr.,0.00 Cr.,Cr.,Financial Services,Financial Services,Finance,Other Financial Services,7.01,5.52,5.71,4.17,1.2|3.57|1.51|3.59|4.3|3.67|6.4,-6,-27,-27|-6,15.00,15|15,,1.11|0|0|0.04,3.34|1.1|0.68|1.86,0|0,76|173,8|17
Susan Electrical,https://www.screener.in/company/544793/,639 Cr.,314,367 / 181,25.5,,0.00 %,37.0 %,64.6 %,10.0,1.22,4.76,%,%,11.9 %,8.86 %,6.78 %,4.17 %,50.8 %,194 %,54.2 %,61.4 %,0.00 %,1.73,%,0.00 Cr.,0.00 Cr.,0.00 Cr.,Industrials,Capital Goods,Industrial Products,Cables - Electricals,6.39,10.32,7.93,-0.42,-0.84|5.09|6.62|3.14,-10,-18,0|0|4|-5|-18|-10,5.68,1.8|2.2|1.7|3.5|9|12,,2.12,13.46,0|0|0|0|0|0,49|55|78|103|135|269,0|0|1|1|6|18
Purple Wave Info,https://www.screener.in/company/544627/,371 Cr.,401,431 / 95.1,27.6,62.3,0.00 %,36.9 %,35.9 %,10.0,2.35,12.6,0.00 %,6.76 %,13.5 %,11.0 %,9.19 %,7.09 %,27.7 %,173 %,48.9 %,-33.8 %,0.00 %,0.29,-26.6 %,0.00 Cr.,0.00 Cr.,0.00 Cr.,Industrials,Capital Goods,Industrial Manufacturing,Industrial Products,7,7,5,5,30.07|6.74|10.1|7.14,-11,2,-1|4|-5|2|-11,7.78,3.9|2|2.9|9|11|14,,,0|6.76,0|0|0|0|0|0,35|56|70|90|128|146,0|0|1|5|9|13
Ganesh Green,https://www.screener.in/company/GGBL/,509 Cr.,205,475 / 202,6.78,111,0.24 %,36.8 %,31.8 %,10.0,1.98,19.1,-1.41 %,0.21 %,10.4 %,14.2 %,7.06 %,9.51 %,132 %,110 %,-23.6 %,-12.8 %,0.00 %,0.18,0.00 %,0.00 Cr.,0.00 Cr.,0.00 Cr.,Industrials,Capital Goods,Electrical Equipment,Other Electrical Equipment,42,33,17,13,1.3|6.61|5.05|6.89|13.23|17.07,13,-40,-4|-8|-4|23|-40|13,12.80,13|9|16|15|14|10,,3.06|1.45|1.41|0,2.76|1.03|0.55|0.76,0|0|0|0|0|0,83|106|85|166|311|1065,7|5|8|14|30|75
Brandman Retail,https://www.screener.in/company/BRANDMAN/,299 Cr.,162,244 / 109,10.1,79.5,0.00 %,36.8 %,29.5 %,10.0,3.49,17.3,-0.07 %,-0.22 %,17.4 %,41.1 %,15.6 %,15.5 %,51.9 %,286 %,-7.99 %,%,0.00 %,0.09,0.00 %,0.00 Cr.,0.00 Cr.,Cr.,Consumer Discretionary,Consumer Durables,Consumer Durables,Footwear,4.76,5.64,15.29,0.38,3.21|0.3|11.27|3.06|2.58,-39,-1,-1|2|-1|-39,17.57,2.3|10|41|17,,1.76|1.69,6.16|5.94,0|0|0|0,46|123|135|162,0|8|21|25
KP Green Engg.,https://www.screener.in/company/544150/,"1,417 Cr.",283,627 / 246,10.4,91.5,0.19 %,36.7 %,34.8 %,5.00,0.94,5.45,0.01 %,0.03 %,19.7 %,15.7 %,10.9 %,10.7 %,122 %,123 %,-37.0 %,14.0 %,0.00 %,0.76,0.00 %,2.75 Cr.,2.00 Cr.,0.95 Cr.,Industrials,Capital Goods,Electrical Equipment,Heavy Electrical Equipment,77,58,46,27,44.91|6.19|4.81|5.5|9.2|11.66|15.49,155,19,6|-3|4|12|-39|19|155,16.40,10|14|12|18|16|16|20,,7.61|1.82|0.55|0.34|0.35,1.38|0.46|0.16|0.1|0.13,0|0|0|0|0|3|2,49|39|78|114|349|695|1246,2|2|5|12|35|74|136
Horizon Reclaim,https://www.screener.in/company/544794/,270 Cr.,138,165 / 103,25.7,,0.00 %,36.5 %,53.6 %,10.0,0.68,12.9,%,%,32.0 %,28.5 %,21.2 %,19.1 %,36.0 %,150 %,-56.5 %,%,0.00 %,1.44,%,0.00 Cr.,0.00 Cr.,Cr.,Industrials,Capital Goods,Industrial Products,Rubber,,,,,,10,2,1|1|2|10,17.50,5|5|28|32,,3.63,6.75,0|0|0|0,20|20|36|49,1|1|7|10
Jyoti Resins,https://www.screener.in/company/JYOTIRES/,"1,009 Cr.",841,"1,299 / 700",15.7,241,1.07 %,36.5 %,26.9 %,10.0,2.48,965,-0.04 %,-0.35 %,27.0 %,31.5 %,22.2 %,26.0 %,6.41 %,14.5 %,14.5 %,44.3 %,0.00 %,0.00,0.00 %,10.8 Cr.,10.8 Cr.,8.52 Cr.,Commodities,Chemicals,Chemicals & Petrochemicals,Specialty Chemicals,12,20,15,17,13.58|15.88|16.48|14.48|14.3|12.81|16.73|9.79,48,15,-4|1|4|3|4|7|10|3|1|27|15|48,25.60,3.4|2.7|3.2|3.2|4.2|16|10|13|23|33|32|27,,0.31|0.12|0.1|0.08|0.04|0.04|0.1|0.06,0.44|0.54|0.77|1.22|0.95|1.04|0.43|0.08,0|0|0|0|0|12|10|15|16|16|15|15,26|46|41|54|69|74|101|182|261|257|284|315,0|0|0|1|2|8|12|20|46|67|74|70
Sathlokhar Sys.,https://www.screener.in/company/SSEGL/,"1,073 Cr.",413,580 / 283,10.5,138,0.00 %,36.3 %,30.3 %,10.0,1.92,18.3,0.00 %,0.37 %,14.0 %,13.2 %,10.1 %,9.24 %,111 %,147 %,5.17 %,62.5 %,0.00 %,0.25,0.00 %,0.00 Cr.,0.00 Cr.,0.00 Cr.,Industrials,Construction,Construction,Civil Construction,21,30,29,22,1.86|7.61|3.81|9.11|11.16|11.65|8.24,-163,-96,5|-6|-1|3|12|-96|-163,10.80,6|3.8|3|10|14|13|14,,3.18|0.07|0.56|0.12|0.28|0.28,1.21|0.17|1.28|1.53|1.65|2.02,0|0|0|0|0|0|0,65|32|58|87|247|370|820,2|1|1|5|26|34|82
Praruh Tech,https://www.screener.in/company/544538/,214 Cr.,154,155 / 45.0,22.6,35.0,0.00 %,36.3 %,28.3 %,10.0,1.48,12.4,0.00 %,-2.07 %,13.6 %,17.6 %,9.35 %,10.9 %,53.5 %,63.6 %,-60.2 %,%,0.00 %,0.00,0.00 %,0.00 Cr.,0.00 Cr.,0.00 Cr.,Information Technology,Information Technology,IT - Services,IT Enabled Services,8,1,4,2,2.2|4.38|0.7|6.04,0,4,-2|1|3|4|0,14.00,10|11|17|18|14,,,6.48|14.12|12.05,0|0|0|0|0,20|28|61|62|101,1|2|6|7|9
TIPCO Engineering,https://www.screener.in/company/544740/,605 Cr.,291,299 / 76.5,23.9,,0.00 %,36.3 %,38.0 %,10.0,2.04,6.69,%,%,26.2 %,17.8 %,17.4 %,11.5 %,59.2 %,115 %,-83.2 %,%,0.00 %,0.41,%,0.00 Cr.,0.00 Cr.,0.00 Cr.,Industrials,Capital Goods,Industrial Manufacturing,Industrial Products,,17,9,7,3807.02|5.6|8.06,3,12,-7|-10|12|3,16.50,10|12|18|26,,1.63|1.63,17.25|22.16,0|0|0|0,0|36|101|133|145,0|3|8|15|25
Vikram Thermo,https://www.screener.in/company/530477/,"1,059 Cr.",338,356 / 132,24.2,50.0,0.37 %,36.2 %,27.4 %,10.0,2.52,133,0.00 %,0.26 %,40.3 %,35.4 %,28.4 %,5.14 %,6.33 %,31.1 %,31.1 %,26.1 %,0.00 %,0.03,0.00 %,3.92 Cr.,3.14 Cr.,2.23 Cr.,Commodities,Chemicals,Chemicals & Petrochemicals,Commodity Chemicals,13,9,11,11,3.12|2.87|1.3|2.53|3.53|3.49|2.71|4.23,52,24,2|2|6|3|4|13|15|6|13|23|24|52,30.20,15|20|19|10|15|21|25|16|23|37|35|40,,,0|0|0|0|0|0|0|0.26,13|20|20|12|19|13|8|2|9|9|39|10,37|38|45|49|58|56|74|93|112|101|126|134,3|4|5|2|4|7|12|9|17|25|8|38
Metalic Technoforge,https://www.screener.in/company/METALIC/,345 Cr.,144,162 / 81.4,28.0,,0.00 %,36.1 %,48.5 %,10.0,1.35,8.52,%,%,23.0 %,21.6 %,12.9 %,12.1 %,26.8 %,114 %,-42.0 %,%,%,0.95,%,0.00 Cr.,0.00 Cr.,Cr.,Industrials,Capital Goods,Industrial Products,Iron & Steel Products,,,,,,-1,2,1|2|2|-1,16.00,5|14|22|23,,,,0|0|0|0,47|51|74|96,1|4|9|12
Kronox Lab,https://www.screener.in/company/KRONOX/,641 Cr.,173,223 / 96.0,22.4,31.3,0.29 %,36.0 %,26.8 %,10.0,7.60,258,-0.04 %,0.02 %,33.9 %,33.1 %,27.3 %,25.4 %,1.93 %,19.0 %,19.0 %,-55.0 %,0.00 %,0.01,0.00 %,1.86 Cr.,1.86 Cr.,1.11 Cr.,Commodities,Chemicals,Chemicals & Petrochemicals,Specialty Chemicals,7.30,8.00,6.59,6.68,1.74|1.76|1.7|1.69|1.8|1.78|2.16|1.97,24,31,4|11|9|20|17|31|24,29.20,23|24|24|23|32|33|34,,0.56|0.49|0.05|0.03|0.03|0.05|0.08|0.04,2.57|2.2|2.2|1.71|1.93|2|2.05|2.07,0|0|0|0|9|7|7,50|62|82|96|90|100|101,9|10|14|16|21|25|28
Sat Kartar Life,https://www.screener.in/company/SATKARTAR/,226 Cr.,143,220 / 110,14.2,43.0,0.49 %,35.8 %,26.7 %,10.0,4.60,44.7,-0.31 %,-0.84 %,12.8 %,8.73 %,8.22 %,5.97 %,32.7 %,84.7 %,40.9 %,%,0.00 %,0.04,0.19 %,1.10 Cr.,1.10 Cr.,0.48 Cr.,Healthcare,Healthcare,Pharmaceuticals & Biotechnology,Pharmaceuticals,9,8,6,4,13.29|3.3|3.8|4.95|6.01,0,-5,7|-5|0,8.20,5|6|8|9|13,,6.31|0.44|0.13,3.7|3.1|2.26,0|0|3|11|6,52|83|128|163|194,1|3|6|10|17
Sacheerome,https://www.screener.in/company/SACHEEROME/,"1,201 Cr.",537,553 / 200,42.4,66.3,0.00 %,35.7 %,27.0 %,10.0,3.88,318,-0.12 %,-0.01 %,24.1 %,20.8 %,18.6 %,14.9 %,29.3 %,67.9 %,-4.77 %,%,0.00 %,0.00,0.00 %,0.00 Cr.,0.00 Cr.,0.00 Cr.,Commodities,Chemicals,Chemicals & Petrochemicals,Specialty Chemicals,14,15,9,7,4.32|5.47|6.68|6.03,,22,9|11|10|22,18.00,13|14|18|21|24,,1.46|0.31|0.19,12.81|6.28|6.27,0|0|0|0|0,64|70|85|108|152,5|6|11|16|28
Dhara Rail Pro.,https://www.screener.in/company/DHARARAIL/consolidated/,214 Cr.,142,172 / 90.0,13.9,48.8,0.00 %,35.5 %,35.7 %,10.0,3.55,23.4,-1.35 %,-0.41 %,35.1 %,11.3 %,27.2 %,8.00 %,28.7 %,164 %,-50.4 %,%,0.00 %,0.18,2.20 %,0.00 Cr.,0.00 Cr.,Cr.,Services,Services,Commercial Services & Supplies,Diversified Commercial Services,,8,7,3,299|6.36|5.56,-7,-5,-2|-2|-5|-7,13.25,2.8|4.2|11|35,,2.48|1.13,8.84|8.43,0|0|0|0,27|31|44|57,1|3|6|15
Dam Capital Advi,https://www.screener.in/company/DAMCAPITAL/consolidated/,975 Cr.,138,286 / 119,13.4,47.0,0.73 %,35.4 %,24.4 %,2.00,2.94,12.0,-1.20 %,-0.20 %,51.0 %,58.6 %,30.7 %,41.5 %,40.8 %,103 %,%,%,0.00 %,0.01,0.00 %,7.07 Cr.,7.07 Cr.,4.24 Cr.,Financial Services,Financial Services,Capital Markets,Stockbroking & Allied,0.15,0.25,20.06,52.15,7.29|1.2|0.03|7.38|2.84|0.04|0.02,37,47,37|679|-595|47|37,44.80,36|22|56|59|51,,4.75|3.31|1.82|1.76|1.81|2.19|0.99,14.82|11.15|10.3|10.35|9.79|8.06|7.86,10|16|5|7|10,94|85|181|250|237,22|9|71|104|73
KRM Ayurveda,https://www.screener.in/company/KRMAYURVED/,664 Cr.,312,344 / 156,26.4,54.0,0.00 %,35.3 %,29.0 %,10.0,13.8,9.22,%,%,30.0 %,25.4 %,19.8 %,15.8 %,4.43 %,38.3 %,-87.7 %,%,0.00 %,0.00,%,0.00 Cr.,0.00 Cr.,Cr.,Healthcare,Healthcare,Pharmaceuticals & Biotechnology,Pharmaceuticals,,9.08,7.81,4.05,270|3.67|4.27,1,-0,4|-1|0|1,19.75,13|11|25|30,,3.86,3.34,0|0|0|0,89|67|77|102,8|3|12|20
GRE Renew,https://www.screener.in/company/544682/,262 Cr.,184,194 / 77.5,21.7,48.1,0.00 %,35.2 %,26.7 %,10.0,2.77,48.5,-0.17 %,-1.95 %,13.4 %,12.2 %,10.5 %,8.79 %,50.3 %,150 %,11.1 %,16.2 %,0.00 %,0.02,0.00 %,0.00 Cr.,0.00 Cr.,0.00 Cr.,Industrials,Construction,Construction,Civil Construction,,,8,3,3.22|5.7,5,9,1|0|0|6|9|5,9.48,6|11|6|4.2|4.2|14|12|13,,0.55|0.38,10.74|8.79,0|0|0|0|0|0|0|0,2|3|20|11|34|76|80|115,0|0|0|0|1|8|7|12
Infinity Infoway,https://www.screener.in/company/544567/consolidated/,296 Cr.,543,545 / 294,38.0,76.8,0.00 %,35.1 %,25.7 %,10.0,29.2,154,0.00 %,-0.24 %,41.6 %,46.8 %,29.5 %,31.8 %,66.3 %,95.4 %,-76.1 %,%,0.00 %,0.01,0.00 %,0.00 Cr.,0.00 Cr.,Cr.,Information Technology,Information Technology,IT - Services,IT Enabled Services,2.02,2.64,1.57,1.57,0.52|2.68|4.05|2.88|4.84|3.7,2.92,2.40,1.4|2.22|2.4|2.92,41.31,28.43|48.48|46.78|41.56,,0.63|0.03|0.03,15.14|15.55|15.31,0|0|0|0,5.17|10.17|13.19|23.77,0.94|3.47|4.19|7.01
Citizen Solar,https://www.screener.in/company/538786/,263 Cr.,188,318 / 182,13.2,77.6,0.00 %,34.8 %,69.3 %,10.0,0.86,23.0,0.00 %,-0.25 %,10.9 %,10.5 %,7.32 %,6.33 %,407 %,"1,215 %","1,215 %",186 %,0.00 %,2.53,18.7 %,0.00 Cr.,0.00 Cr.,0.00 Cr.,Industrials,Capital Goods,Electrical Equipment,Other Electrical Equipment,5.77,14.02,-0.09,0.17,0.02|0.02|0|28.16|0.31|-0.17|25.98|4.11,21,23,0|0|1|0|0|0|0|0|0|0|23|21,-21.40,10|2.2|-2.6|-1.4|-9|-30|-95|-107|-13|-9|11|11,,,0.4|0.4|0.4|0.4|0.4|0.4|0.15|0.15,0|0|0|0|0|0|0|0|0|0|0|0,5|4|3|3|2|1|1|1|2|4|186|311,0|0|0|0|0|0|0|0|0|0|12|22
Khazanchi Jewell,https://www.screener.in/company/543953/,"1,825 Cr.",737,812 / 577,17.9,140,0.07 %,34.8 %,32.4 %,10.0,2.81,20.5,0.00 %,-1.61 %,6.11 %,3.63 %,4.36 %,2.54 %,62.2 %,130 %,%,%,0.00 %,0.32,0.00 %,0.00 Cr.,0.00 Cr.,0.00 Cr.,Consumer Discretionary,Consumer Durables,Consumer Durables,"Gems, Jewellery And Watches",28,26,25,24,4.36|5|5.07|6.12|9.52|10.15|10.34|11.25,-36,1,6|5|-1|6|-83|1|-36,4.14,2.2|2|2.9|3.2|5|3.6|6,,0|0|0|0|0|0|0.02|0.02,1.44|1.51|1.6|1.59|1.76|1.76|1.74|0.13,0|0|0|0|0|0|0,361|382|257|481|821|1772|2049,2|3|3|8|27|45|89
Wealth First Por,https://www.screener.in/company/WEALTH/consolidated/,897 Cr.,842,"1,440 / 690",27.1,141,1.07 %,34.6 %,27.7 %,10.0,5.79,"1,099",0.00 %,-0.01 %,72.2 %,78.3 %,56.0 %,59.0 %,32.4 %,40.9 %,40.9 %,24.6 %,0.00 %,0.00,0.00 %,1.07 Cr.,17.1 Cr.,6.18 Cr.,Financial Services,Financial Services,Finance,Other Financial Services,10,10,1,11,14.23|8.7|-4.03|14.98|10.39|1.05|9.87|9.69,75,10,0|16|8|-8|7|21|20|16|10|75,74.60,3|4|5|2.9|25|74|75|65|83|78|72,,,0|0.04|0.04|0.09|0.12|0.1|0.11|0.1,12|13|7|9|50|8|11|23|17|50|3,151|199|224|331|10|25|33|29|67|60|68,3|5|9|7|1|13|19|14|43|34|38
Indo Thai Sec.,https://www.screener.in/company/INDOTHAI/consolidated/,446 Cr.,33.6,470 / 33.6,6.50,22.1,0.60 %,34.6 %,28.7 %,1.00,3.05,29.0,0.06 %,-0.03 %,82.9 %,43.7 %,63.7 %,29.5 %,139 %,130 %,115 %,38.4 %,0.00 %,0.09,-0.43 %,0.00 Cr.,0.00 Cr.,0.64 Cr.,Financial Services,Financial Services,Capital Markets,Stockbroking & Allied,11,26,17,14,0.45|0.09|-0.22|0.72|1.19|1.33|2.04|0.85,-34,-22,-11|-8|0|7|4|13|4|5|1|-3|-22|-34,28.00,11|14|-1.2|22|-3.6|-128|77|62|-114|65|44|83,,0|0.13|0.52|0.48|1.17|1.28|1.22|1.28,0|0|0|0|0|0.19|0.49|0.46,34|16|30|11|-76|0|10|10|-9|10|0|0,37|49|45|58|8|9|22|20|8|31|27|104,3|6|3|9|-1|-11|10|10|-7|15|8|66
Bansal Roofing,https://www.screener.in/company/538546/,206 Cr.,156,164 / 98.1,18.4,32.0,1.28 %,34.4 %,28.0 %,10.0,1.57,102,0.00 %,0.00 %,10.3 %,9.50 %,6.84 %,5.72 %,18.3 %,36.3 %,36.3 %,36.2 %,0.00 %,0.07,-0.01 %,1.98 Cr.,1.32 Cr.,0.66 Cr.,Industrials,Capital Goods,Industrial Products,Iron & Steel Products,2.66,3.49,3.57,1.46,0.4|1.71|1.41|1.53|1.11|2.71|2.65|2.02,8,2,-2|0|2|-2|3|0|4|6|9|8|2|8,8.20,3.9|6|6|6|7|8|8|8|7|6|10|10,,0.15|0.15|0.15|0.15|0.15|0.15|0.15|0.15,,0|0|0|15|16|15|15|0|0|0|24|19,24|22|27|33|44|41|42|73|93|106|97|154,0|1|1|1|2|2|2|4|4|4|6|11
Macfos,https://www.screener.in/company/543787/,"1,064 Cr.","1,027","1,315 / 636",40.1,92.6,0.00 %,34.2 %,30.8 %,10.0,2.12,10.3,0.00 %,-0.40 %,12.4 %,9.59 %,8.29 %,7.04 %,56.8 %,51.2 %,47.9 %,%,0.00 %,0.37,0.00 %,0.00 Cr.,0.00 Cr.,0.00 Cr.,Consumer Discretionary,Consumer Services,Retailing,E-Retail/ E-Commerce,5.82,9.97,5.63,5.12,6.04|2.65|4.7|4.78|4.92|5.41|9.62|5.62,-8,-25,0|0|-1|6|4|-25|-8,12.80,8|11|16|14|12|10|12,,0.32|0.27|0.25|0.25|0.25|0.2|0.2|0.2,5.31|6.04|7.06|7.36|7.61|6.06|6.49|6.09,0|0|0|0|0|0|0,16|27|56|80|125|255|309,0|2|6|7|11|18|26
Qualiance International,https://www.screener.in/company/QUALIANCE/,259 Cr.,192,236 / 192,21.8,,0.00 %,34.1 %,40.2 %,10.0,1.64,5.09,%,%,22.2 %,16.5 %,15.4 %,9.26 %,29.5 %,95.8 %,4.41 %,%,%,0.82,%,0.00 Cr.,0.00 Cr.,Cr.,,,,,,,,,,8,-4,1|3|-4|8,15.50,9|14|17|22,,0.91,14.47,0|0|0|0,35|37|53|77,2|3|5|12
Solex Energy,https://www.screener.in/company/SOLEX/,751 Cr.,695,"1,985 / 651",10.2,225,0.08 %,34.0 %,44.1 %,10.0,1.22,3.65,-0.06 %,-0.30 %,11.0 %,10.4 %,5.70 %,6.00 %,113 %,220 %,212 %,99.0 %,0.00 %,1.33,0.00 %,0.00 Cr.,0.59 Cr.,0.23 Cr.,Industrials,Capital Goods,Electrical Equipment,Other Electrical Equipment,7.15,54.80,8.23,3.40,8.45|13.06|10.92|20.8|3.15|7.62|50.73|6.62,214,-49,1|-4|5|2|2|4|-6|2|-49|214,7.72,5|2.4|6|6|5|5|4.2|2.6|7|8|10|11,,0|0|0.03|0.01|0.09|0.25|0.13|0.07,0|1.1|0.89|0.79|1.02|0.98|0.81|0.51,0|0|0|16|0|6|9|12|0|5|2|0,6|46|34|101|149|138|80|72|161|366|660|1555,0|0|1|3|5|4|2|1|3|9|40|89
Goel Construct.,https://www.screener.in/company/544504/,556 Cr.,385,506 / 249,12.3,176,0.00 %,33.9 %,23.5 %,10.0,1.43,6.96,-0.63 %,0.38 %,11.2 %,9.86 %,6.90 %,6.53 %,34.4 %,46.8 %,-39.1 %,-15.0 %,0.00 %,0.03,0.00 %,0.00 Cr.,0.00 Cr.,0.00 Cr.,Industrials,Construction,Construction,Civil Construction,29,17,22,17,162.31|18.96|11.6|20.41,63,38,13|21|24|48|38|63,9.60,9|9|9|9|10|11,,2.91|2.28,6.09|6.47,0|0|0|0|0|0,159|206|271|386|590|657,7|11|14|23|38|46
Shanti Gold,https://www.screener.in/company/SHANTIGOLD/,"1,928 Cr.",251,281 / 155,10.4,78.0,0.00 %,33.9 %,38.1 %,10.0,3.31,14.0,2.45 %,-0.33 %,9.86 %,8.13 %,6.94 %,4.89 %,43.8 %,92.2 %,-3.84 %,16.1 %,0.00 %,0.36,-4.54 %,0.00 Cr.,0.00 Cr.,0.00 Cr.,Consumer Discretionary,Consumer Durables,Consumer Durables,"Gems, Jewellery And Watches",50,52,40,44,9.64|3.07|1.6|4.29|5.71|5.23|6.77|6.58,-261,-15,-28|-16|-4|-13|-15|-261,7.08,5|4.4|6|7|8|10,,2.68|2.21|2.18|1.92|4.63,4.01|2.29|2.13|1.58|1.8,0|0|0|0|0|0,377|428|679|711|1106|2019,8|3|20|27|54|140
Pranav Construc.,https://www.screener.in/company/PRANAV/,"1,211 Cr.",108,165 / 104,19.7,,0.00 %,33.9 %,46.6 %,10.0,1.16,4.07,%,%,15.2 %,12.8 %,9.68 %,8.86 %,42.7 %,157 %,-21.3 %,%,0.00 %,1.12,%,0.00 Cr.,0.00 Cr.,Cr.,Consumer Discretionary,Realty,Realty,"Residential, Commercial Projects",,,,,,-93,5,-26|38|5|-93,13.00,10|14|13|15,,4.59,4.74,0|0|0|0,219|355|447|636,4|20|40|62
Indo SMC,https://www.screener.in/company/544681/,"1,189 Cr.",520,534 / 134,36.7,67.4,0.00 %,33.8 %,33.9 %,10.0,2.98,8.15,-0.69 %,-4.14 %,15.1 %,16.9 %,10.4 %,12.2 %,249 %,313 %,26.0 %,%,0.00 %,0.30,0.00 %,0.00 Cr.,0.00 Cr.,0.00 Cr.,Industrials,Capital Goods,Electrical Equipment,Other Electrical Equipment,,,21,5,2.82|9.16,-35,-11,-3|-6|-11|-35,16.20,14|17|18|17|15,,0.82|0.13,6.79|2.65,0|0|0|0,1|7|28|139|310,0|0|3|17|32
PNGS Gargi FJ,https://www.screener.in/company/543709/,623 Cr.,595,"1,197 / 532",20.0,136,0.00 %,33.8 %,26.0 %,10.0,14.6,41.6,0.05 %,0.07 %,26.5 %,29.6 %,21.0 %,22.8 %,73.4 %,88.5 %,83.3 %,%,0.00 %,0.08,0.00 %,0.00 Cr.,0.00 Cr.,0.00 Cr.,Consumer Discretionary,Consumer Durables,Consumer Durables,"Gems, Jewellery And Watches",5.05,5.14,10.60,10.27,4.91|8.83|3.97|5.13|9.81|10.12|4.91|4.82,11,15,0|0|-4|2|-11|15|11,25.60,0|26|23|22|30|27,,0|0|0|0|0|0.01|0.02|0.07,0.55|1.01|1.01|1.09|1.16|1.2|1.23|1.3,0|0|0|0|0,0|0|6|29|50|126|149,0|0|1|5|8|29|31
Virtual Galaxy,https://www.screener.in/company/VGINFOTECH/,348 Cr.,140,191 / 99.5,7.56,87.8,0.71 %,33.7 %,29.6 %,10.0,2.17,22.9,0.00 %,-0.36 %,46.2 %,46.0 %,25.3 %,26.7 %,46.4 %,195 %,125 %,56.1 %,0.00 %,0.22,0.00 %,2.49 Cr.,0.00 Cr.,0.50 Cr.,Information Technology,Information Technology,IT - Software,Software Products,9.20,14.49,9.58,4.90,2.68|3.85|5.83|3.7,49,43,19|5|3|8|31|43|49,37.60,27|22|24|21|24|22|50|46|46,,5.04|1.92|1.27|1.12|1.12,8.71|3.36|2.27|1.54|1.18,0|0|0|0|0|0|0|0|5,25|27|30|42|43|58|61|120|182,1|1|2|2|2|2|16|32|46
JD Cables,https://www.screener.in/company/544524/,443 Cr.,197,254 / 130,14.0,64.8,0.00 %,33.6 %,36.0 %,10.0,2.24,10.6,0.00 %,-0.94 %,13.0 %,13.6 %,8.70 %,8.83 %,107 %,363 %,-49.1 %,-28.1 %,0.00 %,0.39,0.00 %,0.00 Cr.,0.00 Cr.,0.00 Cr.,Industrials,Capital Goods,Industrial Products,Cables - Electricals,20,12,12,10,2062|2342|5.29|8.78,-74,-18,0|0|1|-13|-18|-74,7.62,3|2|2.1|7|14|13,,4.55|0.59|0.59,9.89|4.99|4.05,0|0|0|0|0|0,20|55|41|101|251|365,0|0|0|5|22|32
KSE,https://www.screener.in/company/KSE/,571 Cr.,178,285 / 173,12.4,109,7.01 %,33.6 %,25.9 %,1.00,4.81,25.0,0.00 %,0.02 %,6.52 %,7.29 %,4.98 %,5.26 %,1.44 %,191 %,191 %,-4.94 %,0.00 %,0.07,0.01 %,40.0 Cr.,25.6 Cr.,17.6 Cr.,Fast Moving Consumer Goods,Fast Moving Consumer Goods,Food Products,Animal Feed,0.94,-3.73,16.35,32.87,5.35|6.57|10.87|12.05|10.27|5.11|-1.17|0.29,54,143,36|-5|24|65|-13|35|34|4|34|-15|143|54,3.28,7|1.8|2.8|8|1.1|1.9|9|0.7|-0.2|1.9|7|7,,0.08|0.08|0.08|0.08|0.08|0.08|0.08|0.08,0|0|0|0|0|0|0|0.02,37|84|59|28|51|34|28|97|-269|55|28|48,900|925|1047|1304|1209|1429|1543|1670|1610|1683|1650|1680,44|8|16|70|9|19|113|7|-2|18|91|84
Acetech E-Commerce,https://www.screener.in/company/ACETEC/consolidated/,246 Cr.,150,164 / 112,24.0,42.6,0.00 %,33.6 %,24.8 %,10.0,14.0,175,%,%,16.9 %,13.6 %,12.4 %,10.0 %,16.5 %,89.1 %,-84.0 %,%,0.00 %,0.00,%,0.00 Cr.,0.00 Cr.,Cr.,Consumer Discretionary,Consumer Services,Retailing,E-Retail/ E-Commerce,,5,6,2,2.5|4.78|2.76,,-1,0|0|-1,11.65,4.6|11|14|17,,,,0|0|0|0,52|60|70|83,2|4|7|10
Poojaa Precision Engg.,https://www.screener.in/company/544844/,"1,408 Cr.",706,730 / 447,45.6,,0.00 %,33.4 %,28.1 %,10.0,1.56,10.8,%,%,17.8 %,18.1 %,10.5 %,10.8 %,21.5 %,30.2 %,-49.5 %,-11.5 %,0.00 %,0.31,%,0.00 Cr.,2.57 Cr.,1.63 Cr.,Consumer Discretionary,Automobile and Auto Components,Auto Components,Auto Components & Equipments,,,,,,24,16,3|14|12|16|16|24,15.80,10|12|15|16|18|18,,3.25,9.28,0|10|15|16|11|0,87|130|163|173|222|293,3|9|14|16|24|31
Novus Loyalty,https://www.screener.in/company/544735/,317 Cr.,204,224 / 127,34.2,39.6,0.00 %,33.4 %,25.1 %,10.0,6.91,247,-2.94 %,-1.65 %,9.68 %,5.44 %,7.28 %,3.57 %,28.8 %,156 %,-77.7 %,%,0.00 %,0.00,0.00 %,0.00 Cr.,0.00 Cr.,Cr.,Consumer Discretionary,"Media, Entertainment & Publication",Media,Web based media and service,,,,4,2.51,20,3,3|2|3|20,6.45,3.8|7|5|10,,4.14|1.2,7.72|6.07,0|0|0|0,60|73|105|127,1|3|4|9
Foseco Crucible (India),https://www.screener.in/company/523160/,"1,130 Cr.","2,017","2,115 / 1,155",28.7,250,0.62 %,33.2 %,21.8 %,5.00,3.26,294,0.00 %,-0.22 %,26.8 %,23.5 %,17.2 %,15.9 %,3.61 %,22.6 %,22.6 %,126 %,0.00 %,0.01,-1.77 %,7.00 Cr.,27.4 Cr.,19.7 Cr.,Industrials,Capital Goods,Industrial Products,Electrodes & Refractories,10,-1,6,9,15.93|14.02|5.14|10.3|15.68|9.95|-2.5|18.38,36,25,3|18|25|17|21|11|19|26|32|43|25|36,22.00,21|23|26|21|17|13|10|20|16|23|24|27,,0.18|0.18|0.18|0.18|0.18|0.16|0.16|0.16,0.62|0.93|1.02|1.13|1.13|1.19|0.24|0.02,5|11|13|32|29|34|0|70|69|95|100|37,89|89|111|109|120|129|107|152|155|168|174|172,6|10|17|14|15|13|-1|43|16|23|28|19
Systango Tech,https://www.screener.in/company/SYSTANGO/consolidated/,327 Cr.,223,411 / 203,10.2,92.4,3.14 %,33.0 %,26.8 %,10.0,7.19,654,0.27 %,0.19 %,37.7 %,34.2 %,35.3 %,31.5 %,20.0 %,32.2 %,32.2 %,60.1 %,0.00 %,0.00,0.04 %,10.3 Cr.,0.00 Cr.,2.05 Cr.,Information Technology,Information Technology,IT - Software,Computers - Software & Consulting,14,18,14,10,16.15|6.56|5.55|5.99|6.61|9.56|12.48|9.25,34,12,4|7|3|5|9|12|34,31.20,22|29|23|30|31|34|38,,3.32|0.22|0.22|0.2|0.21|0.2|0.47,2.66|1.68|1.42|0.97|1.21|1.5|1.69,109|0|0|0|0|0|32,14|23|33|52|57|67|90,3|6|7|14|17|24|32
B.A.G. Converge.,https://www.screener.in/company/BAGDIGITAL/,224 Cr.,106,139 / 95.8,20.8,36.3,0.00 %,33.0 %,21.7 %,10.0,5.06,10.4,%,%,42.3 %,38.6 %,24.9 %,26.4 %,20.4 %,29.2 %,-89.9 %,%,0.00 %,0.00,%,0.00 Cr.,0.00 Cr.,0.00 Cr.,Consumer Discretionary,"Media, Entertainment & Publication",Entertainment,Digital Entertainment,5,6,5,4,2.65|3.37|3.86|2.23,-15,4,13|1|4|4|-15,30.60,11|26|35|39|42,,,1.47,0|0|0|0|0,22|25|30|36|43,3|5|8|9|11
Xtranet Techno.,https://www.screener.in/company/XTRANET/consolidated/,"1,632 Cr.",312,330 / 120,38.1,,0.00 %,32.8 %,34.8 %,10.0,1.31,9.04,%,%,17.4 %,17.4 %,11.2 %,10.9 %,18.0 %,89.4 %,6.16 %,%,0.00 %,0.63,%,0.00 Cr.,0.00 Cr.,Cr.,Information Technology,Information Technology,IT - Services,IT Enabled Services,,6.04,24.22,3.39,4.44|6.15|1.55,28,9,0|-1|9|28,12.25,6|9|17|17,,,3.09,0|0|0|0,223|233|276|365,6|11|30|41
Borana Weaves,https://www.screener.in/company/BORANA/,792 Cr.,297,420 / 213,11.5,106,0.00 %,32.5 %,34.5 %,10.0,4.33,26.9,-0.97 %,0.13 %,23.6 %,21.8 %,16.4 %,14.1 %,42.1 %,57.6 %,-82.0 %,%,0.00 %,0.25,0.00 %,0.00 Cr.,0.00 Cr.,0.00 Cr.,Consumer Discretionary,Textiles,Textiles & Apparels,Other Textile Products,16,17,19,17,3.94|5.71|5.47|4.58|6.25|6.96|6.46|6.18,44,23,-8|7|22|23|44,19.60,12|19|21|22|24,,3.55|2.58|4.01|2.63|1.66,6.98|3.67|3.73|2.65|2.78,0|0|0|0|0,42|135|199|290|389,2|16|24|40|65
FlySBS Aviation,https://www.screener.in/company/FLYSBS/,"1,160 Cr.",670,720 / 355,19.1,181,0.00 %,32.5 %,26.2 %,10.0,2.26,25.6,-0.14 %,-0.55 %,21.7 %,20.6 %,19.1 %,14.7 %,111 %,160 %,%,%,0.00 %,0.12,0.00 %,0.00 Cr.,0.00 Cr.,0.00 Cr.,Services,Services,Transport Services,Airline,37,24,23,5,18.2|13.78|21.34,32,0,-4|1|4|1|0|32,15.06,13|4.3|14|14|21|22,,2.59|2.15|2.01,3.21|1.21|0.66,0|0|0|0|0|0,16|27|34|106|194|319,2|1|3|11|28|61
S J Logistics (I,https://www.screener.in/company/SJLOGISTIC/consolidated/,497 Cr.,314,459 / 225,6.55,198,0.00 %,32.4 %,29.1 %,10.0,3.22,7.14,-0.01 %,-0.75 %,18.4 %,15.0 %,11.6 %,10.4 %,69.5 %,115 %,24.1 %,%,39.8 %,0.38,1.71 %,0.00 Cr.,0.00 Cr.,Cr.,Services,Services,Transport Services,Logistics Solution Provider,43,32,29,23,8.75|9.18|16.18|19.01|21.17|28.4,21,-52,-6|-39|-52|21,13.25,9|11|15|18,,0.02|0.01|0.25|0.24|0.24|0.24|0.24|0.23,0.83|1.84|2.02|2.02|2.19|1.81|1.75|1.06,0|0|0|0,134|271|502|654,8|23|52|76
Anawil Wire,https://www.screener.in/company/ANAWIL/,"1,113 Cr.",445,492 / 313,30.4,,0.00 %,32.3 %,56.6 %,10.0,1.40,8.49,%,%,42.9 %,38.3 %,25.6 %,15.7 %,77.1 %,92.0 %,51.3 %,%,%,1.43,%,0.00 Cr.,0.00 Cr.,Cr.,Industrials,Capital Goods,Electrical Equipment,Heavy Electrical Equipment,,,,,,18,10,-3|9|10|18,43.25,50|42|38|43,,2.31,11.74,0|0|0|0,26|54|78|143,5|4|12|37
Advit Jewels,https://www.screener.in/company/RAMBHAJO/,"1,332 Cr.",291,293 / 161,36.4,,0.00 %,32.2 %,45.6 %,10.0,2.21,7.41,%,%,29.6 %,29.8 %,20.6 %,20.3 %,52.9 %,49.0 %,-89.9 %,%,0.00 %,0.79,%,0.00 Cr.,0.00 Cr.,Cr.,Consumer Discretionary,Consumer Durables,Consumer Durables,"Gems, Jewellery And Watches",8.19,8.74,9.74,5.94,16160|5940|3.04|2.73|1.79,13,-37,-3|-10|-37|13,28.50,27|27|30|30,,3.92|3.92,9.22|9.24,0|0|0|0,47|69|125|167,10|15|25|34
Hoac Foods,https://www.screener.in/company/HOACFOODS/,366 Cr.,842,"1,010 / 220",64.4,57.9,0.00 %,32.1 %,24.1 %,10.0,3.44,8.37,-0.16 %,-0.21 %,14.2 %,15.7 %,9.03 %,9.46 %,59.1 %,106 %,-23.9 %,-4.85 %,0.00 %,0.07,0.00 %,0.00 Cr.,0.00 Cr.,0.00 Cr.,Fast Moving Consumer Goods,Fast Moving Consumer Goods,Food Products,Other Food Products,,1.91,1.31,0.63,1.64|3.02|4.4,-4.31,-1.19,0.37|0.04|0.02|-0.51|-0.29|-1.19|-4.31,11.32,2.23|5.26|5.24|9.75|11.71|15.66|14.24,,0|0|0.16|0,0|0|0.71|0.5,0|0|0|0|0|0|0,6.29|7.42|10.87|12.1|15.63|26.43|48.75,0.07|0.13|0.27|0.5|1.02|2.5|4.4
Aryaman Capital,https://www.screener.in/company/538716/,502 Cr.,419,596 / 385,20.4,90.3,0.00 %,32.0 %,30.0 %,10.0,11.1,96.4,0.00 %,0.00 %,55.8 %,39.7 %,45.1 %,29.6 %,9.64 %,165 %,165 %,157 %,0.00 %,0.00,0.00 %,0.00 Cr.,0.00 Cr.,0.00 Cr.,Financial Services,Financial Services,Finance,Investment Company,7.83,4.32,5.73,6.72,4.73|9.65|4.44|9.21|5.61|4.78|3.61|6.54,34,28,0|-2|7|-10|-18|-4|13|9|7|9|28|34,28.80,4.9|2.6|7|4.2|3.6|3.5|2.4|4|11|33|40|56,,,,0|0|0|0|0|0|0|0|0|0|0|0,7|10|23|28|78|85|135|73|47|34|77|62,0|0|1|0|0|0|0|0|1|6|23|28
Apsis Aerocom,https://www.screener.in/company/APSISAERO/,681 Cr.,565,625 / 147,90.3,40.6,0.00 %,32.0 %,25.5 %,10.0,3.94,39.3,%,%,37.5 %,49.8 %,24.6 %,32.8 %,43.5 %,94.2 %,-15.9 %,%,0.00 %,0.09,%,0.00 Cr.,0.00 Cr.,Cr.,Industrials,Capital Goods,Aerospace & Defense,Aerospace & Defense,,4.24,3.12,2.99,30.58|3.55|3.52,7.04,0.05,1.29|5.76|0.05|7.04,32.63,18.51|24.72|49.78|37.52,,3.02,5.25,0|0|0|0,10.37|16.87|20.49|30.65,1.03|2.55|6.6|7.51
Neetu Yoshi,https://www.screener.in/company/544434/consolidated/,867 Cr.,223,223 / 71.3,34.6,35.4,0.00 %,31.8 %,27.5 %,5.00,5.96,20.5,-0.01 %,-0.66 %,31.1 %,33.0 %,25.4 %,23.3 %,82.3 %,291 %,51.9 %,%,0.00 %,0.03,0.00 %,0.00 Cr.,0.00 Cr.,0.00 Cr.,Industrials,Capital Goods,Industrial Products,Castings & Forgings,13,12,8,8,2.78|2.97|2.97|3.47,4,12,0|-2|8|12|4,21.96,2.8|7|36|33|31,,1.03|0.07|0.06,4.82|3.91|3.25,0|0|0|0|0,5|16|47|71|98,0|0|13|16|25
Kalind,https://www.screener.in/company/526935/,432 Cr.,4.73,14.1 / 3.80,11.7,2.33,2.82 %,31.8 %,24.9 %,2.00,9.23,"1,233",0.00 %,0.75 %,49.6 %,%,36.2 %,35.2 %,180 %,198 %,198 %,111 %,0.00 %,0.05,-0.40 %,12.2 Cr.,0.00 Cr.,2.44 Cr.,Services,Services,Commercial Services & Supplies,Diversified Commercial Services,15,11,3,8,0|0|0|0.06|0.09|0.03|0.12|0.16,-80,-1,0|-1|-1|-1|0|0|1|-5|2|4|-1|-80,49.46,21|22|-26|31|5|-96|71|1.3|74|51|50,,,0|0|0|0|0.2|0.71|1.46|1.46,0|0|0|0|0|0|0|0|0|0|0|45,1|1|1|1|0|0|1|2|3|1|0|75,0|0|0|1|0|0|1|0|0|0|0|27
Bhagwati Auto,https://www.screener.in/company/504646/,201 Cr.,699,734 / 428,13.9,204,0.50 %,31.6 %,24.7 %,10.0,2.04,27.8,0.00 %,0.00 %,13.5 %,8.84 %,7.60 %,4.08 %,3.52 %,19.0 %,19.0 %,49.0 %,0.00 %,0.15,0.00 %,1.01 Cr.,0.72 Cr.,0.63 Cr.,Consumer Discretionary,Automobile and Auto Components,Auto Components,Auto Components & Equipments,4.22,3.12,3.54,3.61,-1.67|4.89|9.51|9.51|12.53|12.29|10.83|14.65,17,10,3|2|-1|4|4|6|5|7|12|8|10|17,8.88,0.3|7|7|4.9|7|6|5|1.4|10|10|9|14,,,,-6|26|18|21|8|13|17|-30|7|8|12|8,64|64|70|90|120|100|104|112|154|134|140|171,-3|1|1|1|4|2|2|-1|8|7|6|13
Neptune Pet.,https://www.screener.in/company/NEPTUNE/,403 Cr.,178,247 / 155,13.3,75.2,0.00 %,31.6 %,25.6 %,10.0,2.46,25.7,0.00 %,-0.06 %,3.02 %,2.48 %,2.88 %,2.65 %,14.1 %,42.9 %,-89.1 %,%,0.00 %,0.11,0.00 %,0.00 Cr.,0.00 Cr.,0.00 Cr.,Commodities,Chemicals,Chemicals & Petrochemicals,Petrochemicals,16,15,12,13,7.74|7.33|6.42|6.97,-63,56,12|-7|17|56|-63,2.06,-0.1|1.8|3.1|2.5|3,,10.33|12.28|12.28,2.24|0.23|0.17,0|0|0|0|0,81|708|668|948|1052,1|10|21|25|30
ADC India,https://www.screener.in/company/523411/,"1,045 Cr.","2,271","2,678 / 1,150",46.4,188,1.10 %,31.4 %,24.2 %,10.0,2.66,,-0.03 %,0.00 %,10.3 %,15.6 %,9.46 %,13.1 %,11.9 %,32.3 %,32.3 %,39.4 %,0.00 %,0.00,0.00 %,11.5 Cr.,13.8 Cr.,9.48 Cr.,Telecommunication,Telecommunication,Telecom -  Equipment & Accessories,Telecom -  Equipment & Accessories,8.58,3.51,6.13,4.31,18.96|12.67|6.41|10.8|9.37|13.33|7.63|18.65,13,26,7|3|3|0|5|3|5|8|-4|19|26|13,11.40,6|6|6|4.8|7|6|8|9|7|15|16|10,,0|0|0|0.35|0.12|0.12|0.12|0.09,,277|22|36|52|188|24|32|76|23|67|56|61,58|58|60|65|86|78|60|121|143|179|187|200,5|5|4|4|6|4|4|8|8|21|24|19
Covance Softsol,https://www.screener.in/company/544361/consolidated/,326 Cr.,147,270 / 41.1,8.30,76.2,0.00 %,31.4 %,26.5 %,10.0,3.64,10.9,0.00 %,0.00 %,28.7 %,11.8 %,23.6 %,5.05 %,%,%,%,%,0.00 %,0.00,0.00 %,0.00 Cr.,0.00 Cr.,Cr.,Information Technology,Information Technology,IT - Software,Computers - Software & Consulting,13,6,13,8,0.43|-0.87|3.52|3.47|5.69|2.84|5.71,4,18,-10|18|4,14.17,1.5|12|29,,,,0|0|0,61|102|146,1|12|34
Blue Water,https://www.screener.in/company/BLUEWATER/,522 Cr.,475,503 / 128,14.7,73.7,0.00 %,31.4 %,49.8 %,10.0,1.52,8.01,0.00 %,-1.99 %,11.4 %,9.61 %,6.53 %,5.47 %,57.9 %,154 %,43.8 %,%,0.00 %,1.33,0.00 %,0.00 Cr.,0.00 Cr.,Cr.,Services,Services,Transport Services,Logistics Solution Provider,14,9,7,5,3.76|5.42|3.21|4.64|6.72|8.35|12.7,-53,-9,-14|4|-9|-53,8.22,3.9|8|10|11,,3.51|1.74|0.23|0|0,6.37|6|6.88|7.17|5.18,0|0|0|0,98|139|196|386,2|6|11|25
Pajson Agro,https://www.screener.in/company/544657/,505 Cr.,212,255 / 120,20.4,57.1,0.00 %,31.4 %,27.5 %,10.0,2.51,13.2,-0.92 %,-3.33 %,14.3 %,16.2 %,9.70 %,10.9 %,36.2 %,608 %,273 %,%,0.00 %,0.25,0.00 %,0.00 Cr.,0.00 Cr.,Cr.,Fast Moving Consumer Goods,Fast Moving Consumer Goods,Food Products,Other Food Products,,11,14,10,27.71|8.11|4.44,-14,17,12|-9|17|-14,9.30,1.2|6|16|14,,0.92|0,10.96|7.63,0|0|0|0,101|96|187|256,0|3|20|25
Meghna Infracon,https://www.screener.in/company/MIIL/consolidated/,"1,545 Cr.",711,819 / 470,340,12.6,0.04 %,31.3 %,21.9 %,10.0,1.87,24.7,0.09 %,0.00 %,22.1 %,28.7 %,12.1 %,24.5 %,%,%,%,%,0.00 %,0.82,0.00 %,0.54 Cr.,0.22 Cr.,Cr.,Consumer Discretionary,Realty,Realty,"Residential, Commercial Projects",0.57,1.77,1.10,1.20,0.14|1.57|1.81|0.64|0.48|0.44|0.92|0.25,-24.76,18.26,0|18.26|-24.76,19.08,6.4|28.7|22.14,,0.89|1.93|1.93|7.26|7.84|7.84|7.89|7.98,,3.43|2.35|10.07,55.66|40|46.2,3.17|9.79|5.6
Nila Spaces,https://www.screener.in/company/NILASPACES/consolidated/,484 Cr.,12.3,20.5 / 10.7,15.5,4.34,0.00 %,31.3 %,18.2 %,1.00,2.69,2.53,-0.05 %,0.00 %,31.0 %,24.4 %,15.5 %,10.2 %,468 %,106 %,106 %,69.5 %,0.00 %,0.46,0.00 %,0.00 Cr.,0.00 Cr.,0.00 Cr.,Consumer Discretionary,Realty,Realty,"Residential, Commercial Projects",8.60,9.40,8.18,5.34,0.09|0.1|0.12|0.15|0.14|0.2|0.23|0.22,-29,-40,0|17|-3|34|25|-22|13|50|-40|-29,-161.20,35|-1.9|10|2.8|4.2|-58|-815|12|24|31,,0.85|0|0|0.04|0.33|0.03|0.05|0,,0|0|0|0|0|0|0|0|0|0,29|20|9|88|45|5|1|91|136|185,7|1|3|2|-2|0|-4|13|15|29
Sotefin Bharat,https://www.screener.in/company/544832/,516 Cr.,284,314 / 197,29.8,,0.00 %,31.2 %,24.7 %,10.0,2.27,10.9,%,%,24.3 %,19.6 %,14.8 %,12.1 %,46.4 %,63.0 %,-31.3 %,%,0.00 %,0.29,%,0.00 Cr.,0.00 Cr.,Cr.,Information Technology,Information Technology,IT - Software,Software Products,,,,4.94,3.88,-7,4,-4|1|4|-7,20.50,20|18|20|24,,4.81,8.96,0|0|0|0,37|56|94|117,4|6|11|17
Krishna Defence,https://www.screener.in/company/KRISHNADEF/,"1,540 Cr.","1,030","1,400 / 665",37.5,127,0.12 %,31.1 %,23.7 %,10.0,3.99,160,0.75 %,-0.74 %,21.5 %,16.5 %,15.6 %,11.6 %,56.9 %,93.0 %,76.6 %,40.8 %,0.00 %,0.01,-0.06 %,1.87 Cr.,0.70 Cr.,0.51 Cr.,Industrials,Capital Goods,Aerospace & Defense,Aerospace & Defense,12,12,10,7,2.75|5.32|6.01|4.6|6.82|8.24|7.81,86,-11,3|7|2|4|-7|-3|-11|86,16.20,10|16|14|14|14|15|16|22,,0|0.01|0.04|0.04|0.24|0.16|0.61|1.36,0|0|0|0|0.68|1.2|2.06|1.32,0|0|0|0|0|0|3|5,58|25|35|50|63|106|190|245,2|1|2|2|5|10|22|38
Modison,https://www.screener.in/company/MODISONLTD/consolidated/,"1,485 Cr.",458,546 / 114,13.8,84.6,1.20 %,31.0 %,32.0 %,1.00,1.81,14.1,0.44 %,0.00 %,16.7 %,9.25 %,11.1 %,5.20 %,28.5 %,82.8 %,82.8 %,25.8 %,0.00 %,0.64,0.07 %,17.9 Cr.,11.4 Cr.,8.78 Cr.,Industrials,Capital Goods,Electrical Equipment,Other Electrical Equipment,34,36,20,12,2.52|1.79|2.94|1.48|3.59|6.18|11.09|10.43,-64,-16,13|26|12|19|19|24|14|22|-4|-16|-64,10.00,10|16|16|14|12|14|9|7|8|9|17,,0.53|0.48|0.55|0.48|0.48|0.48|0.48|0.92,0|0|0|0|0|0|0|0,53|30|23|30|21|22|22|29|38|46|25,171|168|191|201|219|292|340|335|405|490|710,5|11|14|16|15|22|15|11|21|25|73
Behari Lal Engg.,https://www.screener.in/company/BLEL/,"1,863 Cr.",440,548 / 415,27.2,,0.00 %,30.9 %,23.6 %,10.0,4.28,47.6,%,%,16.8 %,14.4 %,12.1 %,10.3 %,4.86 %,31.0 %,-38.7 %,%,0.00 %,0.06,%,0.00 Cr.,0.00 Cr.,Cr.,Industrials,Capital Goods,Industrial Products,Iron & Steel Products,,19,21,15,3.95|5.48|4.92,28,62,13|37|62|28,13.50,10|13|14|17,,1.81,10.69,0|0|0|0,462|445|507|533,29|36|53|65
Suratwwala Busi.,https://www.screener.in/company/SBGLP/consolidated/,386 Cr.,22.2,42.5 / 18.4,9.20,6.02,0.54 %,30.8 %,42.9 %,1.00,2.79,43.3,0.00 %,0.00 %,37.2 %,40.2 %,26.4 %,28.9 %,31.9 %,20.7 %,20.7 %,%,0.00 %,0.80,0.00 %,2.08 Cr.,1.73 Cr.,0.76 Cr.,Consumer Discretionary,Realty,Realty,"Residential, Commercial Projects",9.34,13.28,11.13,8.16,0.01|0.01|0.38|0.31|0.47|0.64|0.77|0.54,-6,-5,-15|-10|0|-5|-6,47.20,58|47|54|40|37,,0.03|0.3|0.05|0|0|0.01|0|0,,0|0|0|16|6,36|62|72|36|143,14|21|28|11|38
Eco Recyc.,https://www.screener.in/company/ECORECO/consolidated/,834 Cr.,432,640 / 225,34.7,57.3,0.23 %,30.8 %,23.6 %,10.0,3.77,55.0,-0.18 %,0.06 %,59.8 %,70.7 %,48.3 %,48.2 %,39.5 %,79.0 %,79.0 %,99.6 %,0.00 %,0.03,0.00 %,0.00 Cr.,0.00 Cr.,0.39 Cr.,Utilities,Utilities,Other Utilities,Waste Management,9.17,7.14,2.05,5.60,4.16|2.53|1.08|4.04|2.97|1.02|3.96|4.49,13,17,1|2|-1|1|8|5|9|0|16|-3|17|13,47.20,7|1.8|5|-8|15|21|8|24|22|59|71|60,,1.19|1.14|1.12|0.93|0.91|0.72|0.43|0.25,0|0.02|0.11|0.17|0.13|0.13|0.13|0.19,0|0|0|0|0|0|0|15|0|0|0|0,31|37|19|12|12|12|13|15|18|28|44|48,1|0|-2|-9|1|1|4|13|6|18|23|23
SKM Egg Prod.,https://www.screener.in/company/SKMEGGPROD/consolidated/,"1,210 Cr.",230,372 / 143,10.9,75.1,0.54 %,30.7 %,29.7 %,5.00,2.32,14.0,0.80 %,-0.15 %,22.3 %,15.7 %,13.5 %,6.82 %,5.09 %,11.0 %,11.0 %,44.8 %,0.00 %,0.36,0.00 %,3.95 Cr.,6.58 Cr.,4.21 Cr.,Fast Moving Consumer Goods,Fast Moving Consumer Goods,Food Products,Meat Products including Poultry,24,33,30,25,1.64|1.43|1.2|3.09|4.7|5.7|6.21|4.53,53,65,37|30|-4|17|14|-12|26|2|60|109|65|53,18.40,13|12|-2.6|0.9|3.7|2.2|12|10|22|22|16|22,,0.14|0.04|0.07|0.29|0.1|0.75|0.49|1.29,0|0|0|0|0.22|0.32|0.36|0.21,10|11|0|105|27|28|16|35|2|8|19|4,290|303|232|318|335|313|269|302|662|701|498|768,26|25|2|1|5|5|16|7|76|85|35|104
Wanbury,https://www.screener.in/company/WANBURY/,779 Cr.,223,360 / 162,13.1,41.3,0.00 %,30.7 %,68.4 %,10.0,1.19,2.79,0.30 %,0.06 %,16.4 %,12.8 %,10.7 %,4.75 %,9.18 %,107 %,104 %,41.2 %,62.2 %,1.57,0.00 %,0.00 Cr.,0.00 Cr.,0.00 Cr.,Healthcare,Healthcare,Pharmaceuticals & Biotechnology,Pharmaceuticals,3.24,21.70,15.76,15.18,2.45|0.37|6.18|4.1|4.35|4.52|6.21|0.93,32,26,40|43|43|32|30|44|17|41|20|5|26|32,10.54,9|8|4.3|-18|4.1|6|4.7|7|4.7|12|13|16,,1.02|0.84|1.55|1.59|0.82|0.72|0.59|0.89,0|0|0|0|0|0|0|0.06,0|0|0|0|0|0|0|0|0|0|0|0,250|420|432|370|391|367|392|511|500|578|600|650,3|-7|62|-32|-25|64|-13|81|-10|30|31|66
Fluidomat,https://www.screener.in/company/522017/,368 Cr.,747,"1,064 / 550",18.8,196,1.00 %,30.5 %,22.7 %,10.0,6.66,,0.00 %,0.03 %,33.5 %,38.7 %,28.0 %,31.4 %,16.3 %,27.8 %,27.8 %,38.5 %,0.65 %,0.00,0.00 %,3.70 Cr.,3.70 Cr.,2.71 Cr.,Industrials,Capital Goods,Industrial Manufacturing,Industrial Products,2.23,10.27,2.28,4.84,12.52|11|12.97|5.44|9.82|4.63|20.84|4.53,11,14,3|-1|6|3|3|3|2|6|5|10|14|11,29.20,28|21|15|12|11|13|17|19|27|27|39|34,,0.58|0.58|0.58|0.58|0.58|0.58|0.58|0.58,0|0|0|0|0|0|0.22|0.25,25|31|31|37|41|35|40|31|23|17|17|18,28|27|26|24|27|25|28|33|45|55|71|72,5|4|3|2|2|3|4|5|10|13|22|20
L. T. Elevator,https://www.screener.in/company/544518/consolidated/,725 Cr.,341,380 / 125,42.6,48.3,0.00 %,30.4 %,24.7 %,10.0,2.40,10.3,0.00 %,4.27 %,24.5 %,23.0 %,15.3 %,12.8 %,47.8 %,149 %,55.0 %,-45.4 %,0.00 %,0.21,-6.14 %,0.00 Cr.,0.00 Cr.,0.00 Cr.,Industrials,Capital Goods,Industrial Manufacturing,Industrial Products,11,6,8,1,1.17|5.75|3.37|5.52,-17,-4,4|3|-3|-4|-17,16.40,13|7|11|17|23|24,,2.18|0|0,9.24|8.68|12.95,0|0|0|0|0|0,32|25|34|40|55|111,1|0|1|3|7|17
Pushpa Jewellers,https://www.screener.in/company/PUSHPA/,262 Cr.,108,149 / 81.2,9.75,63.8,0.00 %,30.4 %,25.2 %,10.0,22.7,18.3,-0.34 %,0.21 %,9.14 %,11.3 %,6.41 %,7.93 %,36.1 %,48.7 %,-68.4 %,-32.0 %,0.00 %,0.12,0.11 %,0.00 Cr.,0.00 Cr.,0.00 Cr.,Consumer Discretionary,Consumer Durables,Consumer Durables,"Gems, Jewellery And Watches",15,11,13,9,4.98|6.84|4.55|6.13,-51,0,1|0|0|9|0|-51,8.80,6|8|8|8|11|9,,2.36|1.51|1.51|1.17,1.92|1.61|1.7|1.91,0|0|0|0|0|0,49|108|166|255|281|418,2|6|8|14|22|26
GTV Engineering,https://www.screener.in/company/539479/,325 Cr.,63.9,83.9 / 41.6,20.1,13.0,0.21 %,30.4 %,26.3 %,2.00,2.14,363,0.04 %,0.00 %,18.1 %,16.3 %,14.0 %,11.2 %,1.95 %,87.1 %,87.3 %,90.4 %,0.00 %,0.12,0.00 %,0.00 Cr.,0.94 Cr.,0.19 Cr.,Industrials,Capital Goods,Industrial Manufacturing,Industrial Products,3.99,3.11,5.51,3.51,0.24|0.9|0.91|0.44|0.75|1.18|0.66|0.79,3,2,0|1|-1|0|4|2|5|-7|0|5|2|3,8.62,4.5|6|2.7|2.7|2.2|2|2.4|1.9|2.7|4.5|16|18,,0.06|0.06|0|0.16|0.16|0.16|0|0.04,,0|0|0|0|0|0|0|0|0|0|8|0,33|28|44|50|69|64|57|77|96|120|102|102,0|0|0|1|1|1|1|1|4|5|11|14
Univastu India,https://www.screener.in/company/UNIVASTU/consolidated/,548 Cr.,152,179 / 56.0,18.0,28.7,0.00 %,30.0 %,25.4 %,10.0,1.37,11.9,0.01 %,0.00 %,16.4 %,16.5 %,10.6 %,9.06 %,40.9 %,52.1 %,49.4 %,18.2 %,0.00 %,0.32,-3.22 %,0.00 Cr.,0.00 Cr.,0.00 Cr.,Industrials,Construction,Construction,Civil Construction,10,10,6,5,0.9|0.89|0.78|0.72|1.29|1.53|2.85|2.77,12,-6,-2|2|-8|0|2|-5|12|10|11|-6|12,17.60,13|9|8|11|10|42|22|17|16|17|16,,0.04|0|0|0|0|0|0.01|0.01,0.9|0.9|0|0|0|0|0|0,0|0|0|0|0|0|0|0|0|0|0,22|42|82|101|111|51|59|87|121|171|243,1|1|3|5|4|10|5|7|10|16|26
Aptus Pharma,https://www.screener.in/company/544529/,606 Cr.,353,361 / 32.3,131,13.6,0.00 %,30.0 %,30.5 %,10.0,1.82,8.96,0.00 %,0.00 %,16.0 %,19.8 %,9.92 %,12.6 %,49.6 %,190 %,4.19 %,%,0.00 %,0.31,0.00 %,0.00 Cr.,0.00 Cr.,Cr.,Healthcare,Healthcare,Pharmaceuticals & Biotechnology,Pharmaceuticals,2.87,1.75,1.79,1.31,5.24|1.43|1.02|1.67,-5.60,-1.84,-0.18|-2.17|-1.84|-5.6,12.21,4.46|8.65|19.75|16,,10.03|0|0|0,2.8|0|0|0,0|0|0|0,13.9|17.81|24.56|46.56,0.19|0.8|3.1|4.62
Axtel Industries,https://www.screener.in/company/AXTEL/,711 Cr.,440,528 / 335,22.8,77.2,2.73 %,30.0 %,20.5 %,10.0,1.14,150,0.00 %,0.06 %,18.2 %,13.3 %,11.3 %,9.16 %,7.50 %,15.0 %,15.0 %,3.98 %,0.00 %,0.00,0.00 %,19.4 Cr.,17.8 Cr.,11.0 Cr.,Industrials,Capital Goods,Industrial Manufacturing,Industrial Products,1.96,11.16,7.98,10.12,3.65|2.02|2.95|1.18|6.26|4.94|6.91|1.21,71,31,7|-1|15|12|9|12|25|-11|30|39|31|71,15.20,-6|15|14|12|18|14|19|12|13|20|13|18,,0.58|0.61|0.62|0.61|0.6|0.41|0.41|0.41,0.39|1.49|0.99|1.12|0.81|1.36|1.42|1.48,0|0|0|41|19|37|46|23|28|30|99|62,39|67|76|82|111|100|153|144|180|223|179|224,-8|5|7|6|13|11|21|14|17|32|18|31
Jainik Power,https://www.screener.in/company/JAINIK/,286 Cr.,199,221 / 102,20.4,59.3,0.00 %,29.9 %,25.6 %,10.0,3.15,16.9,0.17 %,0.67 %,4.96 %,4.00 %,3.56 %,2.63 %,80.1 %,364 %,58.4 %,47.4 %,0.00 %,0.07,0.00 %,0.00 Cr.,0.00 Cr.,0.00 Cr.,Commodities,Metals & Mining,Non - Ferrous Metals,Aluminium,8,6,5,4,4.62|4.93|4.3|5.47,-23,-5,0|3|7|-5|-23,3.08,2.7|2|2|2.4|4|5,,0|0|0.17,3.12|0|0.67,0|0|0|0|0|0,61|64|67|339|351|393,0|0|0|5|9|14
Benares Hotels,https://www.screener.in/company/BENARAS/,"1,376 Cr.","10,588","11,499 / 9,000",31.3,"1,636",0.24 %,29.8 %,22.5 %,10.0,2.85,142,0.00 %,0.04 %,42.9 %,43.8 %,31.2 %,31.9 %,14.2 %,22.9 %,22.9 %,59.4 %,0.00 %,0.02,0.00 %,3.25 Cr.,3.25 Cr.,2.73 Cr.,Consumer Discretionary,Consumer Services,Leisure Services,Hotels & Resorts,8.25,15.35,14.23,6.08,55.38|104.31|123.46|58.31|46.77|109.46|118.08|63.46,49,42,13|10|11|9|16|17|2|16|28|41|42|49,39.60,34|30|28|24|29|33|1.6|29|39|43|44|43,,0.01|0.01|0.01|0.01|0.01|0.02|0.02|0.02,0|0|0|0.02|0.02|0.01|0.01|0.05,28|31|29|30|22|9|0|23|11|9|8|8,47|50|50|47|60|64|24|50|93|121|135|139,9|8|7|6|9|11|-5|6|23|36|43|43
Silver Touch,https://www.screener.in/company/SILVERTUC/consolidated/,"1,855 Cr.",146,225 / 67.6,44.5,13.4,0.07 %,29.8 %,24.4 %,2.00,1.94,8.62,-0.66 %,0.00 %,18.0 %,13.0 %,10.8 %,7.41 %,27.8 %,55.6 %,55.7 %,106 %,4.08 %,0.19,0.04 %,1.27 Cr.,0.63 Cr.,0.76 Cr.,Information Technology,Information Technology,IT - Software,Computers - Software & Consulting,10,13,11,7,0.35|0.41|0.73|0.32|0.59|0.87|1.04|0.79,17,-3,-1|5|13|8|-7|0|12|8|16|3|-3|17,12.00,11|9|10|10|9|7|2.7|8|10|11|13|18,,0|0|0|0.05|0.1|0.75|1.14|0.48,0|0|0|0|0|0.04|0|0,23|15|7|8|6|12|64|10|7|4|3|4,117|140|123|172|211|190|152|140|164|224|288|342,3|3|4|8|11|5|1|6|10|16|22|36
Taurian MPS,https://www.screener.in/company/TAURIAN/,459 Cr.,517,545 / 192,28.4,97.9,0.00 %,29.7 %,26.7 %,10.0,2.47,15.1,0.00 %,-0.50 %,24.9 %,20.5 %,16.3 %,12.8 %,109 %,292 %,244 %,%,0.00 %,0.28,0.00 %,0.00 Cr.,0.00 Cr.,0.00 Cr.,Industrials,Capital Goods,Industrial Manufacturing,Industrial Products,13,4,6,4,5.83|8.8|4.13|14.12,-37,0,1|-1|1|0|-37,15.00,-14|21|22|21|25,,3.3|2.31|0|0,6.33|1.89|1.17|0.67,0|0|0|0|0,4|11|38|74|99,-2|0|11|10|16
Dynacons Sys.,https://www.screener.in/company/DSSL/,"1,291 Cr.","1,013","1,926 / 781",15.2,247,0.05 %,29.7 %,31.1 %,10.0,1.35,5.47,0.71 %,-0.02 %,10.2 %,8.31 %,5.96 %,5.72 %,21.0 %,36.4 %,36.3 %,48.8 %,0.00 %,0.75,0.00 %,0.00 Cr.,0.00 Cr.,0.24 Cr.,Information Technology,Information Technology,IT - Services,IT Enabled Services,20,19,23,23,14.36|14.4|14.28|15.41|17.74|18.43|15.02|15.36,46,64,3|-4|4|-13|2|4|9|-15|15|29|64|46,7.54,3.8|3.4|3|3.2|3.9|4.5|4.3|4.7|7|8|8|10,,0.01|0.81|0.16|0.17|0.28|0.34|0.37|1.08,0|0|0.27|0.24|0.11|0.26|0.3|0.28,0|0|0|0|0|7|5|3|2|0|0|0,105|124|158|211|304|328|436|654|804|1024|1267|1423,1|1|1|2|4|6|9|16|33|54|72|85
Captain Techno.,https://www.screener.in/company/540652/consolidated/,536 Cr.,231,299 / 140,46.1,22.5,0.00 %,29.7 %,25.1 %,10.0,1.63,9.31,0.00 %,0.00 %,13.4 %,12.7 %,9.64 %,9.11 %,30.0 %,58.5 %,51.8 %,34.5 %,0.00 %,0.38,0.00 %,0.00 Cr.,0.00 Cr.,0.08 Cr.,Industrials,Capital Goods,Industrial Manufacturing,Industrial Products,6,7,5,3,0.54|0.89|0.7|1.19|1.63|2.03|2.76|2.24,8,10,2|1|1|3|7|10|8,11.20,8|8|10|10|10|13|13,,,,0|9|7|7|0|0|0,34|43|50|59|64|92|130,2|2|3|3|4|8|13
Arrow Greentech,https://www.screener.in/company/ARROWGREEN/consolidated/,"1,342 Cr.",889,953 / 342,21.0,155,0.56 %,29.6 %,21.2 %,10.0,8.43,218,0.14 %,0.17 %,32.4 %,36.4 %,22.3 %,25.3 %,22.6 %,53.9 %,53.9 %,47.4 %,0.00 %,0.01,0.82 %,7.54 Cr.,6.04 Cr.,3.62 Cr.,Industrials,Capital Goods,Industrial Products,Packaging,27,7,13,16,12.37|8.52|7.58|7.22|10.43|8.82|4.9|18.15,43,68,26|27|17|5|-16|3|1|2|3|18|68|43,20.00,60|73|69|16|-42|-34|17|-21|22|31|36|32,,0.09|0.56|0.27|0.25|0.12|0.14|0.06|0.2,0|0|0.04|0.11|0.69|0.79|0.82|0.99,13|17|19|870|-4|0|0|0|12|10|10|16,49|51|53|35|34|22|52|34|109|149|243|201,22|31|35|0|-17|-10|7|-9|12|29|63|47
Auto.Corp.of Goa,https://www.screener.in/company/ACGL/,"1,058 Cr.","1,737","2,403 / 1,410",17.5,507,1.58 %,29.6 %,25.7 %,10.0,2.66,630,0.00 %,0.00 %,9.18 %,7.92 %,7.73 %,7.05 %,22.6 %,41.3 %,41.3 %,50.7 %,0.00 %,0.03,0.00 %,16.8 Cr.,15.2 Cr.,11.0 Cr.,Consumer Discretionary,Automobile and Auto Components,Auto Components,Auto Components & Equipments,11,21,11,15,12.06|7.41|27.66|37.89|24.04|17.84|35.02|18.43,136,10,1|31|19|40|-5|21|-20|-29|-4|61|10|136,6.50,4.6|6|7|6|7|2.9|-19|2.5|6|7|8|9,,0.01|0.01|0.01|0.01|0.01|0.01|0.01|0.01,,63|57|54|56|54|61|0|0|38|32|33|24,395|417|467|489|426|333|116|282|506|584|661|934,15|17|21|20|21|10|-13|3|28|38|47|70
ANB Metal,https://www.screener.in/company/AMCL/,455 Cr.,384,554 / 180,21.2,83.1,0.00 %,29.6 %,32.4 %,10.0,2.07,10.3,-1.10 %,0.29 %,14.5 %,10.8 %,9.54 %,6.33 %,38.7 %,126 %,43.3 %,%,0.00 %,0.50,0.00 %,0.00 Cr.,0.00 Cr.,0.00 Cr.,Industrials,Capital Goods,Industrial Products,"Aluminium, Copper & Zinc Products",13,8,4,6,6.86|5.01|7.17|10.96,-39,4,-4|-6|-7|4|-39,8.22,1.3|3.8|10|11|15,,3.81|2.71,0.29|0.58,0|0|0|0|0,51|84|112|162|225,0|2|5|10|21
Cryogenic OGS,https://www.screener.in/company/544440/,563 Cr.,394,408 / 151,65.3,38.3,0.00 %,29.6 %,20.6 %,10.0,13.3,112,-1.51 %,-1.86 %,27.8 %,24.2 %,21.1 %,18.4 %,22.9 %,30.0 %,-57.5 %,%,0.00 %,0.00,0.77 %,0.00 Cr.,0.00 Cr.,0.00 Cr.,Industrials,Capital Goods,Industrial Manufacturing,Industrial Products,4,6,3,3,2.65|3.15|3.87|3.13,8,2,2|2|2|2|8,24.60,19|26|26|24|28,,3.34|1.51|0,9.19|3.51|1.65,0|0|0|0|0,23|22|24|33|41,3|4|5|6|10
Kamdhenu,https://www.screener.in/company/KAMDHENU/,"1,157 Cr.",41.0,41.6 / 16.2,13.5,14.1,0.97 %,29.5 %,22.1 %,1.00,3.22,119,0.18 %,0.02 %,13.3 %,10.1 %,10.3 %,8.18 %,1.41 %,24.3 %,22.5 %,27.6 %,0.00 %,0.02,0.00 %,11.3 Cr.,6.94 Cr.,6.07 Cr.,Industrials,Capital Goods,Industrial Products,Iron & Steel Products,29,17,21,19,0.57|0.45|0.62|0.76|0.66|0.74|0.62|1.02,66,69,5|12|18|21|25|-3|50|43|67|102|69|66,9.60,3.1|3.8|4|3.7|4.4|4.8|8|9|8|8|10|13,,9.57|6.02|6.44|5.12|3.21|2.52|1.88|2.06,0.18|0.01|0.01|0.33|0.01|0.01|0.01|0.03,20|20|23|15|12|71|14|10|10|11|11|14,968|841|825|1180|1232|924|625|600|732|725|747|763,8|8|8|16|22|2|15|27|41|50|61|78
Exhicon Events,https://www.screener.in/company/543895/consolidated/,776 Cr.,473,595 / 390,19.1,135,0.03 %,29.5 %,26.1 %,10.0,3.73,29.9,0.00 %,-1.99 %,27.1 %,24.6 %,22.3 %,21.1 %,51.0 %,64.6 %,37.4 %,-30.5 %,0.00 %,0.10,-6.00 %,0.00 Cr.,0.19 Cr.,0.30 Cr.,Consumer Discretionary,Consumer Services,Other Consumer Services,Other Consumer Services,23,22,20,11,4700|5.15|6.44|4.19|7.58|12.47|15.01|13.37,27,17,1|4|-3|-29|17|27,22.00,5|14|22|22|25|27,,0|2.63|0|0.13|0.13|0.15|0|0,0|1.97|3.65|4.83|4.83|4.24|3.53|1.54,0|0|0|10|1|0,9|46|59|88|144|203,0|4|9|14|30|45
Gaudium IVF,https://www.screener.in/company/GAUDIUMIVF/consolidated/,846 Cr.,116,164 / 69.2,36.5,20.9,0.00 %,29.3 %,24.7 %,5.00,1.90,10.1,-3.69 %,-0.41 %,36.1 %,40.8 %,23.5 %,27.0 %,33.1 %,21.9 %,-70.9 %,%,0.00 %,0.16,0.00 %,0.00 Cr.,0.00 Cr.,0.00 Cr.,Healthcare,Healthcare,Healthcare Services,Healthcare Service Provider,1.78,8.36,3.63,9.38,0.55|1.05|0.5|1.53|0.59|1.15|0.24,7,9,-1|24|3|9|7,40.20,37|46|41|41|36,,6.7|3.01,2.63|2.22,0|0|0|0|0,37|44|48|71|104,9|14|10|19|24
Effwa Infra,https://www.screener.in/company/EFFWA/,838 Cr.,362,400 / 165,29.3,53.4,0.00 %,29.3 %,26.2 %,10.0,2.92,11.5,-0.12 %,-0.71 %,16.6 %,16.2 %,11.3 %,10.9 %,30.1 %,77.4 %,-61.7 %,-33.7 %,20.4 %,0.31,0.00 %,0.00 Cr.,0.00 Cr.,0.00 Cr.,Utilities,Utilities,Other Utilities,Waste Management,18,10,15,5,58.04|7.04|2.06|6.63|4.38|7.98,29,-31,1|4|-5|5|-31|29,12.20,8|6|8|14|16|17,,2.2|0.27|0.21|0.19|0.19|0.13|0.13|0.01,1.48|3.58|3.5|3.94|3.96|4.04|4.22|3.51,0|0|0|0|0|0,55|104|115|145|185|253,2|4|5|14|20|29
Sunrakshakk Inds,https://www.screener.in/company/SUNRAKSHAK/consolidated/,"1,143 Cr.",368,394 / 197,26.3,59.7,0.00 %,29.2 %,29.6 %,2.00,2.01,16.4,0.00 %,3.95 %,9.66 %,14.2 %,5.76 %,6.11 %,%,%,%,%,0.00 %,0.26,0.00 %,0.00 Cr.,0.00 Cr.,Cr.,Consumer Discretionary,Textiles,Textiles & Apparels,Other Textile Products,15,12,9,7,0.74|0.87|2.56|2.1|2.24|3.03|3.9|4.85,-34,0,21|0|-34,13.33,16|14|10,,,0|0|0|0|0|0|0|3.95,0|0|0,117|180|608,8|11|35
Marc Technocrats,https://www.screener.in/company/MARC/,270 Cr.,156,159 / 40.8,25.6,40.0,0.00 %,29.2 %,21.6 %,10.0,4.69,55.5,0.41 %,-0.03 %,19.3 %,22.1 %,15.1 %,15.8 %,51.2 %,58.6 %,31.0 %,22.1 %,0.00 %,0.01,0.00 %,0.00 Cr.,0.00 Cr.,0.00 Cr.,Services,Services,Commercial Services & Supplies,Consulting Services,,5,6,4,2.77|4.22|2.78,2,5,3|4|5|5|2,19.20,19|18|19|18|18|22|19,,0.27|3.28|3.69,1.38|4.99|4.96,0|0|0|0|0|0|0,17|18|19|20|26|48|70,2|2|3|3|3|8|11
Global Education,https://www.screener.in/company/GLOBAL/,663 Cr.,130,134 / 55.3,26.8,24.2,0.77 %,29.2 %,21.7 %,2.00,7.26,,-0.37 %,0.02 %,38.2 %,49.6 %,27.7 %,37.1 %,12.8 %,2.86 %,2.85 %,51.0 %,0.00 %,0.00,0.00 %,5.09 Cr.,7.64 Cr.,6.21 Cr.,Consumer Discretionary,Consumer Services,Other Consumer Services,Education,4.39,7.74,6.00,6.57,2.06|0.87|0.87|0.86|1.29|1.18|1.52|0.86,14,20,1|3|3|2|-3|-2|6|21|26|20|20|14,49.20,46|50|28|33|34|41|15|42|56|60|50|38,,0|0|0.08|0|0.03|0.45|0.4|0.03,0|0|0|0|0|0.06|0.06|0.08,0|0|20|9|15|13|65|28|22|33|30|21,5|11|26|32|30|27|26|39|62|72|68|89,1|3|5|7|7|8|3|11|23|30|25|25
CSM Technologies,https://www.screener.in/company/CSM/consolidated/,567 Cr.,110,115 / 76.3,22.8,,0.46 %,29.2 %,28.5 %,10.0,1.66,5.88,%,%,20.0 %,14.8 %,11.5 %,7.01 %,12.1 %,17.6 %,-35.8 %,%,0.00 %,0.70,%,4.26 Cr.,1.38 Cr.,1.69 Cr.,Information Technology,Information Technology,IT - Software,Computers - Software & Consulting,-8.28,9.30,8.67,-7.34,8.15|-1.95|2.19|2.41|-1.61,-6,9,4|17|10|9|-6,15.80,15|17|12|15|20,,9.19,3.63,0|9|11|10|18,92|160|197|199|226,6|16|13|14|24
InfoBeans Tech.,https://www.screener.in/company/INFOBEAN/consolidated/,"1,467 Cr.",151,258 / 116,17.3,42.6,0.33 %,29.2 %,23.2 %,10.0,5.28,94.3,-0.04 %,-0.20 %,22.0 %,17.3 %,16.9 %,9.84 %,10.0 %,34.0 %,34.0 %,18.3 %,0.00 %,0.04,-0.02 %,9.70 Cr.,2.44 Cr.,3.88 Cr.,Information Technology,Information Technology,IT - Software,Computers - Software & Consulting,22,21,19,23,1.3|0.72|1.08|2.4|2.33|1.99|2.21|2.23,85,50,5|8|9|9|20|60|36|81|77|44|50|85,19.00,21|24|18|20|17|19|22|24|18|14|17|22,,0.31|0.54|0.56|0.45|0.55|0.55|0.45|0.41,0.01|0|0|0|0.36|0.96|0.2|0,1|1|2|7|1|0|20|4|7|11|6|11,43|74|83|95|116|157|180|271|385|369|395|514,6|13|13|17|19|21|37|55|36|22|38|87
Srivari Spices &,https://www.screener.in/company/SSFL/,260 Cr.,303,329 / 86.0,16.1,86.9,0.17 %,29.2 %,24.3 %,10.0,2.50,7.07,0.20 %,0.00 %,17.3 %,17.2 %,9.41 %,9.11 %,68.7 %,73.6 %,54.2 %,91.7 %,0.00 %,0.46,0.00 %,0.00 Cr.,0.43 Cr.,0.09 Cr.,Fast Moving Consumer Goods,Fast Moving Consumer Goods,Food Products,Other Food Products,9,7,5,5,1.12|3.03|5.15|5.73|5.61|8.32|10.55,-14,-3,0|-1|-9|-11|-3|-14,15.00,-11|7|9|16|16|17|17,,0|0|0|0|0|0.2,0|1.09|1.09|1.35|1.35|1.35,0|0|0|0|0|4|0,0|11|18|36|78|107|172,0|0|1|3|7|10|16
Sugs Lloyd,https://www.screener.in/company/544501/,602 Cr.,259,297 / 82.5,19.8,59.1,0.00 %,29.0 %,33.0 %,10.0,1.71,5.89,0.00 %,0.18 %,14.5 %,14.7 %,9.54 %,9.54 %,103 %,134 %,21.5 %,-27.9 %,0.00 %,0.50,0.26 %,0.00 Cr.,0.00 Cr.,0.00 Cr.,Industrials,Capital Goods,Electrical Equipment,Other Electrical Equipment,7.50,10.77,6.10,6.03,3.15|3.43|3.11|3.56|2.6|2.63|4.64|3.23,-37,-44,-11|-6|-44|-37,13.00,8|14|8|14|15|14,,1.05|1.05|1.02|1.02,0.25|0.46|0.42|0.6,0|0|0|0|0|0,21|23|36|65|175|301,2|2|2|9|17|29
Accretion Pha.,https://www.screener.in/company/ACCPL/,233 Cr.,210,219 / 53.8,24.1,49.2,0.00 %,28.9 %,27.6 %,10.0,2.90,16.0,0.00 %,2.76 %,16.7 %,20.7 %,10.8 %,11.8 %,%,%,%,%,0.00 %,0.23,0.00 %,0.00 Cr.,0.00 Cr.,Cr.,Healthcare,Healthcare,Pharmaceuticals & Biotechnology,Pharmaceuticals,4.92,4.75,4.33,2.46,3.72|3.01|5.3|4.27|4.43,-14.53,-0.62,-11.51|-0.62|-14.53,18.89,19.25|20.72|16.7,,2.22|1.16|0|0|0,0.09|0|0|0|2.76,0|0|0,13.35|57.38|89.63,1.49|6.79|9.67
Premier Polyfilm,https://www.screener.in/company/PREMIERPOL/,853 Cr.,81.4,98.8 / 38.0,24.4,14.0,0.18 %,28.9 %,24.0 %,1.00,2.39,61.6,0.02 %,0.00 %,15.6 %,14.3 %,10.8 %,9.85 %,5.45 %,39.6 %,39.6 %,30.5 %,0.00 %,0.13,1.70 %,1.59 Cr.,1.59 Cr.,1.38 Cr.,Industrials,Capital Goods,Industrial Products,Plastic Products - Industrial,9.08,8.58,9.28,8.01,0.75|0.64|0.53|0.57|0.76|0.89|0.82|0.87,27,23,1|6|4|3|16|7|17|4|12|16|23|27,12.20,6|9|8|8|7|9|10|9|9|13|14|16,,0.04|0|0.01|0.02|0|0|0.07|0.09,1.02|1.02|1.02|1.02|1.02|1.02|1.02|1.02,0|29|29|23|24|0|13|11|9|8|6|5,84|95|103|126|150|147|151|212|252|259|263|296,3|4|4|5|4|6|8|10|12|21|26|32
Utssav CZ Gold,https://www.screener.in/company/UTSSAV/,"1,577 Cr.",653,670 / 160,26.7,82.0,0.00 %,28.8 %,36.4 %,10.0,1.91,7.32,-0.35 %,0.00 %,7.89 %,6.13 %,5.11 %,3.95 %,69.2 %,112 %,18.4 %,44.7 %,0.00 %,0.94,2.25 %,0.00 Cr.,0.00 Cr.,0.00 Cr.,Consumer Discretionary,Consumer Durables,Consumer Durables,"Gems, Jewellery And Watches",30,29,15,10,15.79|3.7|4.14|6.38|12.18|12.27,-61,-89,3|-14|-2|-12|7|-89|-61,6.00,3.7|2.9|5|5|6|6|8,,2.98|1.34|0.64|0.36|0.01,1.56|0|0|0|0,0|0|0|0|0|0|0,117|120|123|238|340|646|1155,2|2|3|7|13|25|59
Annu Projects,https://www.screener.in/company/ANNU/,330 Cr.,50.5,78.7 / 46.6,10.0,,0.00 %,28.6 %,23.8 %,10.0,1.71,11.1,%,%,20.9 %,18.1 %,13.7 %,11.4 %,23.2 %,65.6 %,-36.7 %,%,0.00 %,0.34,%,0.00 Cr.,0.00 Cr.,0.00 Cr.,Industrials,Construction,Construction,Civil Construction,,,,,,-0,-35,-9|3|7|-35|0,15.80,9|12|19|18|21,,0.97,3.77,0|0|0|0|0,110|129|154|180|241,4|7|18|21|33
Kothari Petroche,https://www.screener.in/company/KOTHARIPET/,803 Cr.,136,156 / 94.8,11.1,63.3,0.73 %,28.6 %,21.4 %,10.0,2.07,141,-0.01 %,0.01 %,16.4 %,13.9 %,12.3 %,11.4 %,7.04 %,24.1 %,24.1 %,26.4 %,0.00 %,0.01,0.00 %,0.00 Cr.,0.00 Cr.,3.55 Cr.,Commodities,Chemicals,Chemicals & Petrochemicals,Petrochemicals,17,18,19,18,2.78|2.18|2.94|2.99|3.13|3.18|3.02|2.89,81,59,14|16|4|16|28|26|30|19|26|72|59|81,14.20,7|7|5|9|7|10|15|13|12|16|14|16,,0.34|0.16|0.01|0|0|0|0.01|0,0.09|0.09|0.09|0.09|0.09|0.09|0.09|0.1,52|64|51|46|24|0|0|0|19|16|0|0,277|212|219|195|300|273|227|382|482|596|577|591,11|9|6|10|12|18|23|33|39|64|66|72
Sayaji Hot. Pune,https://www.screener.in/company/544090/consolidated/,260 Cr.,853,"1,100 / 631",12.5,332,0.00 %,28.5 %,21.3 %,10.0,3.34,344,0.00 %,0.00 %,34.5 %,32.6 %,24.0 %,21.8 %,7.39 %,12.2 %,%,%,2.29 %,0.00,0.01 %,0.00 Cr.,0.00 Cr.,Cr.,Consumer Discretionary,Consumer Services,Leisure Services,Hotels & Resorts,5.94,3.63,5.86,5.33,13.75|17.89|11.98|15.03|17.49|19.23|11.91|19.5,5,4,9|8|4|5,34.25,35|34|33|35,,,,0|0|0|0,66|70|77|81,14|17|17|19
Monarch Surve.,https://www.screener.in/company/544453/,358 Cr.,253,331 / 165,9.62,163,0.63 %,28.5 %,21.9 %,10.0,6.32,30.2,-2.15 %,0.10 %,29.7 %,33.2 %,21.7 %,22.6 %,33.8 %,63.2 %,-86.2 %,%,0.00 %,0.05,0.00 %,0.00 Cr.,0.00 Cr.,0.00 Cr.,Services,Services,Commercial Services & Supplies,Consulting Services,24,14,27,10,9.26|25.9|10.1|17.13,-38,3,7|5|35|3|-38,24.60,13|16|31|33|30,,2.52|0.37,5.85|5.95,0|0|0|0|0,43|72|139|154|172,4|9|30|35|37
Yaap Digital,https://www.screener.in/company/YAAP/consolidated/,264 Cr.,126,214 / 117,16.7,51.8,0.00 %,28.5 %,24.2 %,10.0,1.99,14.1,-1.88 %,-0.33 %,15.2 %,9.94 %,10.3 %,5.91 %,40.6 %,85.4 %,-20.8 %,20.7 %,0.00 %,0.29,-1.22 %,0.00 Cr.,0.00 Cr.,0.00 Cr.,Consumer Discretionary,"Media, Entertainment & Publication",Media,Advertising & Media Agencies,,19,9,8,48.42|5.98|7.29,-35,-6,-7|2|25|35|-6|-35,10.00,-4.6|13|7|5|10|15,,9.49|7.61,9.64|9.31,0|0|0|0|0|0,37|72|67|113|153|185,-2|6|3|3|11|22
Gandhi Spl. Tube,https://www.screener.in/company/GANDHITUBE/,"1,015 Cr.",899,"1,020 / 681",13.4,260,1.67 %,28.4 %,20.0 %,5.00,5.71,"1,002",0.00 %,-0.01 %,43.6 %,39.6 %,30.3 %,27.0 %,4.62 %,9.26 %,9.26 %,11.4 %,0.00 %,0.00,0.00 %,18.2 Cr.,18.2 Cr.,15.8 Cr.,Industrials,Capital Goods,Industrial Products,Iron & Steel Products,28,9,20,18,14.2|12.48|9.83|17.78|14.56|16.21|7.7|22.99,55,47,15|29|21|32|31|19|32|42|45|26|47|55,38.80,25|30|34|36|37|30|39|36|36|38|40|44,,1.42|1.42|1.41|1.4|1.23|1.23|1.23|1.23,0|0.04|0.04|0.05|0.05|0.09|0.06|0.05,70|59|43|37|32|54|32|32|31|28|31|27,92|91|98|114|123|81|114|137|167|171|173|192,16|19|31|34|39|21|36|39|47|56|59|68
Ovobel Foods,https://www.screener.in/company/530741/,252 Cr.,265,284 / 106,6.49,116,0.00 %,28.3 %,24.9 %,10.0,1.78,33.0,0.00 %,0.00 %,10.6 %,4.62 %,9.48 %,4.80 %,5.07 %,-14.6 %,-14.6 %,76.0 %,0.00 %,0.26,0.00 %,0.00 Cr.,0.00 Cr.,0.00 Cr.,Fast Moving Consumer Goods,Fast Moving Consumer Goods,Food Products,Meat Products including Poultry,15,14,3,6,1.68|-1.21|6.16|2.89|6.75|2.93|14.94|16.21,30,4,8|-2|-3|1|3|1|-1|-5|41|7|4|30,10.10,7|-1.1|-8|-11|-4.7|-2|-6|-0.1|23|12|4.6|11,,,0.01|0.01|0.01|0.01|0.01|0.01|0.01|0.01,0|0|0|0|0|0|0|0|0|0|0|0,98|106|74|83|97|109|111|125|221|175|189|257,9|4|-4|5|6|3|-2|0|39|18|9|24
RBM Infracon,https://www.screener.in/company/RBMINFRA/,293 Cr.,275,525 / 221,6.47,186,0.00 %,28.2 %,27.6 %,10.0,1.28,11.3,0.23 %,0.00 %,15.0 %,13.4 %,9.20 %,9.16 %,80.9 %,174 %,158 %,31.1 %,0.00 %,0.76,0.00 %,0.00 Cr.,0.00 Cr.,0.00 Cr.,Services,Services,Commercial Services & Supplies,Diversified Commercial Services,18,27,20,10,11.69|1.06|1.85|2.55|9.8|19.37|26.65|18.17,-26,-12,1|0|1|-4|-52|-12|-26,11.20,2.5|-1.1|7|6|15|13|15,,0|0|0|0.01|0.02|0|0.23,0|0|0|0|0|0.05|0.05,0|0|0|0|0|0|0,35|39|48|83|130|322|492,0|-1|2|2|11|29|45
Shraddha Prime,https://www.screener.in/company/SHRADDHA/,594 Cr.,147,259 / 140,9.24,32.7,0.20 %,28.0 %,51.2 %,10.0,2.44,188,0.00 %,0.00 %,19.9 %,19.4 %,16.4 %,23.9 %,%,344 %,351 %,207 %,23.2 %,1.75,0.00 %,0.00 Cr.,1.69 Cr.,0.34 Cr.,Consumer Discretionary,Realty,Realty,"Residential, Commercial Projects",19,23,13,9,1.8|2.25|1.66|2.19|2.16|3.25|5.73|4.78,-36,-30,0|0|1|-2|0|0|0|-20|-35|-36|-30|-36,-231.60,-31|-45|-223|-4289|-429|-625|-675|-529|7|19|20,,,,0|0|0|0|0|0|0|0|0|0|7|0,0|0|0|0|0|0|0|0|0|43|103|329,0|0|0|-3|0|0|0|0|-1|7|25|54
Ecos (India),https://www.screener.in/company/ECOSMOBLTY/consolidated/,649 Cr.,108,291 / 104,11.0,44.2,2.20 %,28.0 %,20.5 %,2.00,1.75,97.1,-0.77 %,-0.11 %,11.9 %,14.4 %,6.31 %,8.76 %,23.6 %,6.29 %,-95.1 %,-63.6 %,0.00 %,0.03,0.00 %,0.00 Cr.,14.4 Cr.,2.88 Cr.,Services,Services,Transport Services,Road Transport,15,16,14,15,2.62|2.13|3.01|2.22|2.44|2.32|2.62|2.42,68,75,35|31|22|16|67|75|68,14.20,6|16|12|17|16|14|12,,4.29|7.81|6.27|6.38|5.42|2.36|1.78|1.01,10.72|11.18|11.27|11.37|12.09|12.83|12.73|12.62,0|0|0|0|0|24|0,401|102|145|418|547|642|790,2|3|10|44|63|60|58
Iware Supplych.,https://www.screener.in/company/IWARE/,449 Cr.,391,539 / 122,31.3,52.0,0.26 %,28.0 %,40.0 %,10.0,1.40,5.20,0.00 %,-0.03 %,11.4 %,19.9 %,5.58 %,9.35 %,80.9 %,225 %,-68.3 %,-58.3 %,0.00 %,1.26,-5.07 %,0.00 Cr.,0.00 Cr.,0.00 Cr.,Services,Services,Transport Services,Logistics Solution Provider,,9,6,1,1.55|6|8.05,-20,6,-3|8|2|10|6|-20,15.40,12|13|14|19|20|11,,,0.47|0.48|0.44,0|0|0|0|0|0,19|24|44|59|86|258,1|1|0|4|8|15
Alldigi Tech,https://www.screener.in/company/ALLDIGI/consolidated/,"1,183 Cr.",776,"1,000 / 680",12.8,165,7.73 %,27.9 %,31.5 %,10.0,2.06,11.0,-0.31 %,0.13 %,27.1 %,23.8 %,13.4 %,11.0 %,15.3 %,19.8 %,19.8 %,18.2 %,0.00 %,0.68,0.00 %,91.4 Cr.,45.7 Cr.,65.5 Cr.,Services,Services,Commercial Services & Supplies,Business Process Outsourcing (BPO)/ Knowledge Process Outsourcing (KPO),18,29,21,18,7.97|13.07|12.66|9.77|11.56|13.68|18.95|11.89,144,118,-6|35|70|53|20|76|70|64|71|91|118|144,24.80,-6|15|20|19|15|26|24|25|23|25|24|27,,0.41|0.02|0.93|1.33|1.88|1.51|1.35|1.04,1.25|1.39|1.32|1.36|1.37|1.43|1.44|1.57,0|0|0|13|97|0|65|257|62|107|55|111,151|233|318|325|261|294|277|317|390|469|546|599,-14|31|62|60|16|45|35|36|49|64|83|82
Narmada Gelatine,https://www.screener.in/company/526739/,284 Cr.,469,545 / 327,8.97,234,2.34 %,27.9 %,21.8 %,10.0,3.59,46.7,0.00 %,0.00 %,19.2 %,13.0 %,13.2 %,8.78 %,4.07 %,25.8 %,25.8 %,38.6 %,0.00 %,0.06,0.00 %,6.05 Cr.,6.05 Cr.,16.9 Cr.,Commodities,Chemicals,Chemicals & Petrochemicals,Specialty Chemicals,8.19,9.58,7.40,6.48,6.33|7.07|8.86|8.23|10.71|12.23|15.84|13.54,25,17,6|7|7|9|12|5|3|2|14|15|17|25,12.60,16|8|3.3|4.6|7|11|6|9|10|12|13|19,,,0.01|0.01|0.01|0.01|0.01|0.01|0.01|0.01,14|29|40|30|60|47|72|49|396|39|35|21,134|131|113|118|126|134|135|157|191|182|189|215,16|8|6|8|10|13|8|12|15|15|17|28
Prime Cable Ind.,https://www.screener.in/company/PRIMECAB/,300 Cr.,164,222 / 70.4,21.9,33.2,0.00 %,27.8 %,36.4 %,5.00,1.36,5.13,-1.87 %,0.63 %,10.0 %,10.6 %,5.84 %,5.33 %,47.2 %,351 %,46.1 %,11.6 %,0.00 %,0.85,0.30 %,0.00 Cr.,0.00 Cr.,0.00 Cr.,Industrials,Capital Goods,Industrial Products,Cables - Electricals,7,5,5,2,39.4|3.57|2.99|3.69,-13,3,2|-4|-1|1|3|-13,6.92,6|3.6|4|6|11|10,,2.92|1.05,10.18|10.81,0|0|0|0|0|0,25|54|74|82|141|235,0|0|0|2|8|12
Kalyani Cast-Tec,https://www.screener.in/company/544023/,999 Cr.,"1,391","1,394 / 439",66.8,114,0.00 %,27.7 %,20.4 %,10.0,3.57,141,0.00 %,-0.15 %,14.5 %,14.2 %,9.98 %,9.86 %,33.3 %,22.9 %,9.07 %,109 %,0.00 %,0.01,0.00 %,0.00 Cr.,0.00 Cr.,0.00 Cr.,Industrials,Capital Goods,Industrial Manufacturing,Industrial Products,8,10,6,8,11.73|5.19|11.16|8.68|13.27|10.49,19,8,1|0|6|4|-9|8|19,12.90,7|8|4.5|18|14|14|14,,0.01|0.03|0.01|0.01|0.01|0.01|0.01|0.01,0|0.68|0.68|0.81|0.43|0.47|0.16|0.01,0|0|0|0|0|0|0,13|11|49|63|94|139|150,0|0|1|8|10|14|17
Accretion Nutraveda,https://www.screener.in/company/544694/,214 Cr.,296,313 / 150,42.3,49.0,0.00 %,27.7 %,25.0 %,10.0,12.0,12.7,0.00 %,-0.90 %,20.5 %,23.2 %,15.1 %,15.6 %,127 %,163 %,-3.44 %,%,0.00 %,0.12,0.00 %,0.00 Cr.,0.00 Cr.,Cr.,Healthcare,Healthcare,Pharmaceuticals & Biotechnology,Pharmaceuticals,,2.69,2.33,1.72,35.32|4.38|3.72,-9.42,-2.22,0.68|0.23|-2.22|-9.42,22.43,21.45|24.55|23.19|20.51,,1.08|1.08,7|6.1,0|0|0|0,2.89|5.01|16|33.59,0.28|0.82|2.5|5.07
Nitta Gelatin,https://www.screener.in/company/NITTAGELA/consolidated/,"1,554 Cr.","1,711","2,088 / 765",15.0,563,0.41 %,27.7 %,21.0 %,10.0,6.04,200,0.05 %,0.02 %,23.4 %,20.2 %,16.6 %,13.3 %,1.33 %,12.8 %,12.8 %,41.3 %,0.00 %,0.01,0.00 %,6.36 Cr.,7.26 Cr.,5.90 Cr.,Commodities,Chemicals,Chemicals & Petrochemicals,Specialty Chemicals,25,34,26,18,22.26|26.92|21.62|21.11|20.3|28.16|37.54|27.73,122,75,20|20|11|27|22|40|19|17|101|94|75|122,19.80,7|10|10|8|10|10|11|13|20|23|20|23,,0|0|0|0|0|0|0|0.05,0.12|0.08|0.09|0.35|0.64|0.75|0.93|0.95,-64|21|16|51|39|20|16|11|10|7|9|7,354|357|356|342|303|342|396|506|565|533|527|588,-4|9|12|5|5|12|18|35|74|84|84|97
Chemkart India,https://www.screener.in/company/544442/consolidated/,240 Cr.,198,231 / 87.0,12.2,107,0.00 %,27.7 %,21.5 %,10.0,4.73,19.4,-0.55 %,-2.45 %,13.1 %,16.2 %,9.15 %,12.1 %,17.8 %,36.9 %,-34.0 %,%,0.00 %,0.04,1.35 %,0.00 Cr.,0.00 Cr.,0.00 Cr.,Fast Moving Consumer Goods,Fast Moving Consumer Goods,Food Products,Other Food Products,10,10,9,16,115.25|9.37|8.39|7.86,-3,4,-6|0|0|4|-3,12.20,8|8|16|16|13,,0.95|0.4,6.78|4.33,0|0|0|0|0,87|131|132|203|215,5|8|15|25|20
Danlaw Tech.,https://www.screener.in/company/532329/,792 Cr.,"1,626","1,839 / 428",31.1,205,0.00 %,27.6 %,26.1 %,10.0,2.05,20.3,0.00 %,0.02 %,15.2 %,14.7 %,8.78 %,8.72 %,16.2 %,46.8 %,46.8 %,53.4 %,0.00 %,0.30,0.00 %,0.00 Cr.,0.00 Cr.,0.00 Cr.,Industrials,Capital Goods,Industrial Manufacturing,Industrial Products,5.93,9.54,4.48,5.50,9.28|9.05|13.39|7.12|11.29|9.2|19.59|12.17,21,10,0|2|-2|-4|10|4|0|-8|7|24|10|21,12.80,2.8|15|6|6|0|-21|-9|5|12|17|15|15,,0|0.13|0|0|0|0|0|0,0|0|0|0|0|0|0|0.02,0|0|0|0|0|0|0|0|0|0|0|0,9|11|11|18|26|15|28|122|167|211|218|262,1|2|-2|1|0|-3|-3|4|7|22|19|23
TAAL Tech,https://www.screener.in/company/TAALTECH/consolidated/,"1,688 Cr.","5,416","5,555 / 2,610",27.2,787,1.20 %,27.5 %,18.3 %,10.0,4.59,336,0.00 %,-0.13 %,30.1 %,31.8 %,20.8 %,22.4 %,7.45 %,10.3 %,10.3 %,5.46 %,0.00 %,0.00,0.00 %,20.3 Cr.,7.80 Cr.,8.58 Cr.,Services,Services,Transport Services,Airline,19,17,12,14,46.63|36.45|38.96|43.99|45.79|37.16|55.07|62.35,19,41,0|2|15|23|33|40|30|22|34|41|19,29.00,6|9|15|21|24|21|31|27|25|32|30,,2.21|2.21|2.21|2.21|2.31|2.28|2.28|2.28,0|0.21|0.21|0.21|0.37|0.37|0.37|0.24,0|0|0|17|0|20|24|22|0|16|36,66|92|104|149|130|105|129|159|187|185|197,0|5|18|22|19|32|32|31|37|49|57
Ceinsys Tech,https://www.screener.in/company/CEINSYS/consolidated/,"1,414 Cr.",675,"1,697 / 664",10.6,321,0.52 %,27.5 %,24.8 %,10.0,3.19,25.2,-0.20 %,0.05 %,22.1 %,19.2 %,20.3 %,15.0 %,44.4 %,63.3 %,47.5 %,105 %,12.4 %,0.08,0.00 %,7.33 Cr.,6.10 Cr.,4.82 Cr.,Information Technology,Information Technology,IT - Software,Computers - Software & Consulting,31,37,39,26,6.68|10.21|12.54|18.14|14.43|21.79|17.75|14.78,3,6,2|-31|5|-3|24|36|23|26|47|49|6|3,17.00,18|17|16|15|14|25|10|12|15|17|19|22,,4.27|4.55|4.67|4.67|4.56|4.33|10.25|10.05,0|0.25|0.87|1|1.03|0.23|0.19|0.24,0|20|21|31|73|13|126|38|10|12|10|5,108|133|144|141|176|197|185|203|220|253|418|661,7|5|6|5|3|22|2|10|31|35|63|133
Inspirisys Sol.,https://www.screener.in/company/INSPIRISYS/consolidated/,329 Cr.,83.2,134 / 69.9,8.10,25.3,0.00 %,27.4 %,53.6 %,10.0,1.21,5.40,0.00 %,0.00 %,8.52 %,7.16 %,8.94 %,7.87 %,8.59 %,37.6 %,37.6 %,76.0 %,0.00 %,0.82,0.00 %,0.00 Cr.,0.00 Cr.,0.00 Cr.,Information Technology,Information Technology,IT - Services,IT Enabled Services,4.07,8.77,18.62,7.40,0.95|3.33|3.09|1.55|1.87|4.7|2.21|1.03,23,39,31|13|8|47|0|42|72|-12|18|29|39|23,6.02,10|-2.5|4.8|-0.5|3.6|3.9|2.8|-0.9|8|7|7|9,,0|0|0|0|0|0|0|0,,0|0|0|0|0|0|0|0|0|0|0|0,486|511|589|484|546|458|404|342|372|490|388|476,3|-137|-14|12|1|2|-3|-13|-3|4|32|41
RNFI Services,https://www.screener.in/company/RNFI/consolidated/,811 Cr.,319,404 / 216,28.6,67.7,0.00 %,27.3 %,20.6 %,10.0,1.68,21.1,1.17 %,-0.07 %,5.97 %,4.04 %,3.35 %,2.18 %,-3.16 %,75.4 %,-72.2 %,-56.6 %,0.00 %,0.17,-0.76 %,0.00 Cr.,0.00 Cr.,0.00 Cr.,Financial Services,Financial Services,Finance,Other Financial Services,5.06,8.36,9.52,8.79,2.45|2.1|1.83|2.08|3.14|3.34|3.03|1.81,-17,30,5|20|-20|47|30|-17,3.18,7|3.9|0.7|1.3|4|6,,1.07|0.29|0|0|0|1.17,3.28|2.39|2.48|2.42|2.49|2.42,0|0|0|0|0|0,134|188|1067|935|917|969,7|6|5|10|20|32
Optimystix Entertainment,https://www.screener.in/company/OPTIMYSTIX/consolidated/,324 Cr.,139,195 / 130,13.5,,0.00 %,27.3 %,21.0 %,10.0,4.34,"3,120",%,%,23.0 %,19.2 %,17.8 %,13.9 %,%,%,%,%,%,0.00,%,0.00 Cr.,0.00 Cr.,Cr.,Consumer Discretionary,"Media, Entertainment & Publication",Entertainment,Media & Entertainment,,,,,,-8,1,-3|1|-8,16.67,8|19|23,,5.07,9.93,0|0|0,55|124|135,7|17|24
Ashutosh Fibre,https://www.screener.in/company/ASHUTOSH/,341 Cr.,156,172 / 137,21.3,,0.00 %,27.2 %,36.6 %,10.0,1.66,5.61,%,%,26.5 %,15.6 %,13.7 %,6.62 %,6.22 %,69.4 %,-82.5 %,%,%,0.92,%,0.00 Cr.,0.00 Cr.,0.04 Cr.,Consumer Discretionary,Textiles,Textiles & Apparels,Other Textile Products,,,,,,21,11,4|12|6|11|21,15.60,10|11|15|16|26,,,,8|0|0|0|0,89|98|110|114|117,3|3|7|9|16
Optivalue Tek,https://www.screener.in/company/OPTIVALUE/,452 Cr.,193,202 / 56.0,32.8,39.3,0.00 %,27.2 %,22.2 %,10.0,2.02,17.1,-1.56 %,-2.80 %,19.7 %,29.2 %,15.2 %,21.7 %,32.7 %,70.6 %,-87.2 %,-65.0 %,0.00 %,0.10,0.00 %,0.00 Cr.,0.00 Cr.,0.00 Cr.,Information Technology,Information Technology,IT - Services,IT Enabled Services,7,7,6,6,3.81|3.35|3.09|2.79,-12,-4,-4|3|4|-4|-12,22.00,33|28|11|22|29|20,,4.98|3.42,3.68|0.88,0|0|0|0|0|0,5|29|39|37|56|91,1|5|3|5|12|14
Maxvolt Energy,https://www.screener.in/company/MAXVOLT/,411 Cr.,377,509 / 223,16.9,95.6,0.00 %,27.1 %,28.2 %,10.0,1.78,10.5,0.01 %,0.19 %,12.0 %,13.0 %,8.22 %,9.42 %,179 %,343 %,36.7 %,%,0.00 %,0.82,0.00 %,0.00 Cr.,0.00 Cr.,0.00 Cr.,Consumer Discretionary,Automobile and Auto Components,Auto Components,Auto Components & Equipments,11,13,5,5,5.14|5.62|4.9|11.85|10.51,-29,-45,-2|0|-8|-45|-29,9.12,2.6|4|14|13|12,,1.54|0.88|0.87|0.35|0.43|0.44,6.51|3.21|1.4|0.7|0.76|0.95,0|0|0|0|0,6|14|48|107|297,0|0|5|10|24
Anlon Tech,https://www.screener.in/company/ANLON/,557 Cr.,742,764 / 335,40.2,116,0.00 %,27.1 %,21.1 %,10.0,2.23,11.1,-0.09 %,7.21 %,19.8 %,19.2 %,13.1 %,12.9 %,47.7 %,46.2 %,41.0 %,-50.4 %,0.00 %,0.16,-10.4 %,0.00 Cr.,0.00 Cr.,0.00 Cr.,Services,Services,Commercial Services & Supplies,Diversified Commercial Services,8,5,4,3,5.82|3.66|3.96|4.1|4.08|6.3|8.66|13.51,8,-17,2|2|0|-1|-9|2|-17|8,19.60,2.8|2.2|6|9|19|22|18|19|20,,3.08|3.53|6.29|4.07|0.85|1.06|1.06|0.97,0|0|6.02|2.03|4.42|5.15|4.14|12.36,0|0|0|0|0|0|0|0|0,6|15|15|14|19|33|35|50|106,0|1|1|1|2|4|5|6|14
Jenburkt Pharma,https://www.screener.in/company/JENBURPH/,432 Cr.,980,"1,321 / 944",12.1,446,2.11 %,27.0 %,20.2 %,10.0,4.11,97.1,0.00 %,0.00 %,25.9 %,26.6 %,22.1 %,20.5 %,7.26 %,14.9 %,14.9 %,18.7 %,0.00 %,0.01,-0.02 %,9.13 Cr.,7.94 Cr.,7.13 Cr.,Healthcare,Healthcare,Pharmaceuticals & Biotechnology,Pharmaceuticals,5.89,10.85,5.93,10.16,21.75|14.75|19.35|17.65|23.02|13.44|24.58|13.35,27,28,9|8|10|16|13|15|19|9|17|8|28|27,24.00,18|18|19|21|20|17|18|22|22|23|27|26,,0|0|0|0|0|0|0|0,0|0.12|0.12|0.12|0.12|0.12|0.12|0.12,30|31|28|24|24|25|28|25|26|26|25|26,85|94|103|115|123|119|109|124|137|142|152|169,10|11|14|17|20|15|16|22|25|26|32|35
Spunweb Nonwoven,https://www.screener.in/company/SPUNWEB/consolidated/,239 Cr.,99.0,165 / 80.0,10.3,51.1,0.00 %,26.9 %,27.4 %,10.0,1.69,3.94,-0.82 %,-0.41 %,17.2 %,13.8 %,7.11 %,4.77 %,40.9 %,173 %,104 %,%,0.00 %,0.63,0.09 %,0.00 Cr.,0.00 Cr.,0.00 Cr.,Consumer Discretionary,Textiles,Textiles & Apparels,Other Textile Products,12,11,7,3,3.44|4.14|4.46|5.12,3,3,15|17|10|3|3,11.20,6|9|10|14|17,,0.87|0.05,5.47|5.06,0|0|0|0|0,114|116|149|226|324,3|1|5|11|23
NILE,https://www.screener.in/company/NILE/,439 Cr.,"1,462","2,065 / 1,215",8.26,"1,083",0.34 %,26.8 %,20.1 %,10.0,12.9,87.6,0.00 %,-0.01 %,7.79 %,6.32 %,5.80 %,4.45 %,8.50 %,38.2 %,38.2 %,34.1 %,0.00 %,0.00,0.00 %,1.50 Cr.,1.20 Cr.,0.90 Cr.,Commodities,Metals & Mining,Minerals & Mining,Industrial Minerals,9.80,14.19,15.72,13.37,30.88|38.44|36.84|54.83|44.54|52.37|47.27|32.65,78,4,38|15|21|9|7|13|19|20|52|26|4|78,6.10,4.4|4.5|9|7|4.8|3.6|4.6|6|4.5|6|6|8,,0.26|0.26|0.16|0.16|0.16|0.16|0.16|0.16,0|0|0.01|0.02|0.04|0.27|0.28|0.27,11|13|3|7|7|3|2|1|3|3|3|3,386|425|579|633|571|593|536|702|806|838|919|1030,8|7|26|23|13|11|14|24|23|32|41|60
Bizotic Commer.,https://www.screener.in/company/543926/,671 Cr.,116,176 / 73.3,37.4,20.8,0.00 %,26.8 %,20.5 %,10.0,2.14,139,0.00 %,0.23 %,10.4 %,6.43 %,7.16 %,3.83 %,56.7 %,88.3 %,58.8 %,-37.7 %,0.00 %,0.07,0.00 %,0.00 Cr.,0.00 Cr.,0.00 Cr.,Consumer Discretionary,Textiles,Textiles & Apparels,Garments & Apparels,10,8,4,1,0.17|0.47|0.28|0.82|1.74|1.72,-40,5,-3|-2|0|-3|-26|5|-40,4.88,2.1|2.8|4.1|1.6|6|0.8|6|10,,,0|0|0|0|0|0|0.23|0.23,0|0|0|0|0|0|0|0,8|11|17|53|65|71|112|251,0|0|0|1|3|3|4|18
Exato Technologies,https://www.screener.in/company/544626/,726 Cr.,721,786 / 266,38.9,88.3,0.00 %,26.7 %,24.4 %,10.0,2.75,17.1,-2.20 %,-2.61 %,14.6 %,11.0 %,9.66 %,7.54 %,%,%,%,-59.2 %,0.00 %,0.24,0.00 %,0.00 Cr.,0.00 Cr.,Cr.,Information Technology,Information Technology,IT - Services,IT Enabled Services,5.37,4.35,4.36,4.56,1921.88|3528.99|3.7|5.99|4.33|4.32|5.34,2,14,-4|-1|-9|14|2,8.86,6|4.3|8|11|15,,2.2|0,10.49|7.88,0|0|0|0|0,35|42|114|123|167,1|2|6|9|16
Disa India,https://www.screener.in/company/DISAQ/consolidated/,"1,754 Cr.","12,062","14,499 / 10,414",32.7,"2,098",1.66 %,26.6 %,19.7 %,10.0,2.18,135,0.00 %,0.04 %,15.7 %,15.4 %,13.2 %,13.9 %,17.5 %,23.7 %,23.7 %,18.5 %,0.00 %,0.00,0.00 %,29.0 Cr.,29.0 Cr.,25.2 Cr.,Industrials,Capital Goods,Industrial Manufacturing,Industrial Products,11,13,15,12,85.89|68.9|87.47|89.67|83.89|104.52|90.63|72.75,13,33,14|13|24|16|9|68|18|39|56|33|13,15.40,9|9|11|15|16|15|18|13|15|15|16,,0.02|0.02|0.02|0.02|0.02|0.02|0.02|0.02,8.06|8.23|8.23|8.25|8.27|8.27|8.27|8.31,4|3|2|1|1|6|60|54|68|58|54,143|165|205|252|233|185|256|262|329|390|425,11|11|17|29|30|24|39|30|43|50|54
POCL Enterprises,https://www.screener.in/company/POEL/,422 Cr.,137,250 / 136,12.5,62.6,0.87 %,26.5 %,27.4 %,2.00,1.87,3.69,0.00 %,0.02 %,5.05 %,4.38 %,2.78 %,2.15 %,17.9 %,45.4 %,40.8 %,87.4 %,0.00 %,0.70,0.00 %,2.46 Cr.,1.95 Cr.,1.16 Cr.,Commodities,Chemicals,Chemicals & Petrochemicals,Commodity Chemicals,5.71,9.70,8.51,9.76,3.45|2.01|3.77|3.78|3.17|2.77|3.15|1.86,26,40,-34|2|-19|-25|34|17|-5|7|6|3|40|26,3.72,4.1|3.5|1.7|2.3|0.8|1.3|2.8|2.4|3.3|3.5|4.4|5,,0|0|0|0.24|0.24|0.24|0.24|0.24,0|0|0|0|0|0|0|0.02,37|26|0|25|0|0|0|0|0|8|6|6,161|202|317|486|454|347|319|498|874|1120|1450|1432,1|2|1|3|-6|-1|1|3|13|18|31|40
SK Minerals & Additives,https://www.screener.in/company/544584/,610 Cr.,498,507 / 102,30.2,65.8,0.00 %,26.2 %,34.8 %,10.0,1.52,6.03,-1.85 %,-7.20 %,10.1 %,9.02 %,5.70 %,5.17 %,34.0 %,122 %,12.8 %,%,0.00 %,1.25,0.00 %,0.00 Cr.,0.00 Cr.,0.00 Cr.,Commodities,Chemicals,Chemicals & Petrochemicals,Specialty Chemicals,,3.70,8.26,1.65,1.83|6.75|3.02,-75,-3,-4|-11|-9|-3|-75,5.96,1.8|3|6|9|10,,3.22|1.37,10.66|3.46,0|0|0|0|0,121|132|109|212|318,2|2|3|11|18
Amal,https://www.screener.in/company/AMAL/consolidated/,893 Cr.,722,"1,010 / 408",30.1,97.4,0.21 %,26.0 %,20.4 %,10.0,1.24,77.9,0.00 %,0.01 %,14.9 %,32.3 %,9.34 %,21.9 %,57.5 %,50.2 %,50.2 %,20.6 %,0.00 %,0.00,0.01 %,1.85 Cr.,1.24 Cr.,0.62 Cr.,Commodities,Chemicals,Chemicals & Petrochemicals,Specialty Chemicals,17,2,5,6,4.47|13.38|5.48|7.6|4.9|4.06|1.54|13.53,22,50,14|10|-1|-10|21|50|22,13.00,43|37|9|-9|18|32|15,,,0.02|0.02|0.02|0.02|0.02|0.02|0.02|0.03,0|0|0|0|0|4|8,33|30|43|61|86|135|240,9|9|1|-16|2|29|22
Fidel Softech,https://www.screener.in/company/FIDEL/consolidated/,222 Cr.,162,200 / 108,16.4,40.7,1.39 %,25.9 %,25.8 %,10.0,2.14,22.1,0.00 %,0.00 %,15.0 %,21.2 %,13.0 %,17.0 %,%,%,%,%,0.00 %,0.77,0.00 %,3.09 Cr.,2.75 Cr.,Cr.,Information Technology,Information Technology,IT - Software,Computers - Software & Consulting,3.18,4.34,3.30,2.78,1.72|1.3|2.23|2.64|2.02|2.4|2.98|2.24,8,9,9|8,13.70,14|4.8|21|15,,0|0|0|0|0|0|0.01|0.01,,0|0|29|22,16|18|55|102,0|0|9|14
D-Link India,https://www.screener.in/company/DLINKINDIA/consolidated/,"1,527 Cr.",430,549 / 366,14.2,142,6.05 %,25.9 %,18.1 %,2.00,2.10,103,0.09 %,0.00 %,8.42 %,9.18 %,5.68 %,6.65 %,9.87 %,1.88 %,1.88 %,23.4 %,0.00 %,0.03,0.00 %,97.6 Cr.,71.0 Cr.,52.2 Cr.,Information Technology,Information Technology,IT - Hardware,Computers Hardware & Equipments,28,28,27,25,7.53|7.46|7.73|6.87|7.15|7.52|7.78|7.78,15,90,2|19|-18|34|3|28|75|33|6|121|90|15,8.60,5|5|3.6|2.8|6|6|6|6|10|10|9|8,,0.5|0.84|1.2|1.21|1.11|1.13|1.26|1.35,0.72|0.12|0|0.01|0.01|0.01|0.01|0.01,11|10|11|14|13|15|20|25|41|50|68|94,641|721|707|644|716|740|727|918|1181|1236|1384|1566,22|24|17|13|26|35|31|42|86|93|104|104
Airfloa Rail,https://www.screener.in/company/544516/,"1,400 Cr.",584,593 / 246,35.8,98.8,0.00 %,25.9 %,22.7 %,10.0,2.12,7.14,-2.68 %,-0.25 %,20.1 %,25.1 %,12.2 %,13.2 %,49.8 %,197 %,76.2 %,%,0.00 %,0.29,0.00 %,0.00 Cr.,0.00 Cr.,0.00 Cr.,Industrials,Capital Goods,Industrial Manufacturing,Industrial Products,27,12,16,10,5.86|9.19|5.04|11.29,-57,-4,10|3|-4|-57,20.20,6|5|4.2|12|17|27|25|20,,2.77|0.09,1.23|0.98,0|0|0|0|0|0|0|0,1|1|4|137|95|119|192|320,0|0|0|2|1|14|26|39
Modi's Navnirman,https://www.screener.in/company/MODIS/,690 Cr.,352,429 / 276,22.2,80.0,0.00 %,25.8 %,20.5 %,10.0,2.09,23.4,0.68 %,0.21 %,18.6 %,26.1 %,15.4 %,22.5 %,%,587 %,554 %,%,0.00 %,0.04,0.00 %,0.00 Cr.,0.00 Cr.,0.34 Cr.,Consumer Discretionary,Realty,Realty,"Residential, Commercial Projects",8.61,4.45,12.77,5.20,3.58|0.77|3.47|2.65|6.52|2.27|4.39,-2,-20,-3|8|-4|-10|-33|-20|-2,28.04,18|10|100|-7|2.2|26|19,,4.9|6.43|6.94|10.42|11.51|11.17|8.82|9.5,0|0|0|0.49|0.75|1.16|1.16|1.37,0|0|0|1880|0|0|0,3|22|0|0|21|103|189,0|1|0|0|3|23|29
True Colors,https://www.screener.in/company/544531/,375 Cr.,152,272 / 125,12.0,75.9,0.00 %,25.7 %,25.8 %,10.0,1.99,7.09,-1.53 %,-2.15 %,15.6 %,17.5 %,10.4 %,10.6 %,55.2 %,99.8 %,-63.5 %,%,0.00 %,0.25,0.01 %,0.00 Cr.,0.00 Cr.,0.00 Cr.,Industrials,Capital Goods,Industrial Manufacturing,Industrial Products,16,15,22,3,170.67|11.43|5.97|6.67,-35,9,0|-20|9|9|-35,11.60,8|7|9|18|16,,2.3|0.77,10.81|8.66,0|0|0|0|0,9|81|160|233|301,0|4|8|24|31
Dhabriya Poly.,https://www.screener.in/company/DHABRIYA/consolidated/,529 Cr.,489,603 / 280,16.3,120,0.14 %,25.6 %,26.3 %,10.0,1.82,8.99,0.00 %,0.08 %,20.6 %,16.0 %,11.4 %,7.67 %,15.6 %,52.6 %,52.6 %,46.5 %,0.00 %,0.59,0.00 %,0.76 Cr.,0.76 Cr.,0.56 Cr.,Industrials,Capital Goods,Industrial Products,Plastic Products - Industrial,8.86,8.32,7.66,7.61,3.86|3.53|4.96|6.04|7.03|7.08|7.69|8.19,8,17,5|5|7|10|8|12|8|10|14|32|17|8,14.60,14|15|15|14|13|13|13|10|11|15|16|21,,0|0|1.47|1.51|1.51|1.51|1.51|1.51,0|0|0.37|0.37|0.37|0.37|0.37|0.45,0|0|0|0|0|0|0|0|6|5|4|3,72|69|94|131|121|112|106|134|171|211|235|264,3|4|5|7|6|4|4|5|8|14|18|30
Shreeji Global,https://www.screener.in/company/SHETHJI/,434 Cr.,191,217 / 95.5,21.8,58.0,0.00 %,25.6 %,24.6 %,10.0,1.87,8.67,-1.38 %,-0.06 %,3.53 %,2.84 %,2.60 %,1.87 %,17.9 %,113 %,21.5 %,%,0.00 %,0.34,0.00 %,0.57 Cr.,0.00 Cr.,0.11 Cr.,Fast Moving Consumer Goods,Fast Moving Consumer Goods,Agricultural Food & other Products,Other Agricultural Products,9,11,6,7,4.09|3.58|6.96|3.87,-60,-0,1|-6|-6|0|-60,1.90,0.9|0.6|1.7|2.8|3.5,,4.95|6.76|5.38,0.94|0.94|0.88,0|0|0|0|3,258|467|588|649|766,1|2|5|12|20
Encompass Design,https://www.screener.in/company/ENCOMPAS/,339 Cr.,239,303 / 167,26.0,57.7,0.00 %,25.6 %,22.8 %,10.0,2.92,10.1,-0.75 %,-2.80 %,30.5 %,30.9 %,19.1 %,19.7 %,46.6 %,130 %,29.8 %,%,0.00 %,0.16,0.00 %,0.00 Cr.,0.00 Cr.,Cr.,Services,Services,Commercial Services & Supplies,Trading & Distributors,,8,5,10,244.03|4.84|5.62,6,5,3|6|5|6,22.90,2.6|28|31|30,,7.87|7.12,4.7|1.9,0|0|0|0,22|40|55|68,-1|7|11|13
Menon Bearings,https://www.screener.in/company/MENONBE/consolidated/,"1,776 Cr.",317,325 / 101,40.4,33.1,0.63 %,25.5 %,22.3 %,1.00,2.51,11.9,-0.07 %,0.37 %,21.5 %,18.6 %,12.8 %,10.2 %,10.9 %,5.46 %,5.46 %,%,0.00 %,0.25,0.00 %,11.2 Cr.,11.2 Cr.,Cr.,Consumer Discretionary,Automobile and Auto Components,Auto Components,Auto Components & Equipments,14,14,9,7,1.2|0.98|1.18|1.5|1.21|1.65|2.46|2.52,23,27,2|-3|9|50|28|27|23,20.80,21|19|19|24|20|19|22,,0.45|0.46|0.46|0.45|0.41|0.38|0.21|0.14,0|0|0|0|0|0|0.03|0.4,73|108|60|34|52|45|29,25|33|39|219|213|243|299,1|1|2|33|24|25|38
3B Blackbio,https://www.screener.in/company/3BBLACKBIO/consolidated/,"1,132 Cr.","1,319","1,750 / 1,084",20.4,378,0.38 %,25.5 %,19.8 %,10.0,5.27,226,-0.07 %,0.17 %,40.0 %,51.9 %,42.2 %,49.4 %,31.9 %,31.4 %,25.7 %,-14.8 %,0.00 %,0.01,0.01 %,4.28 Cr.,3.43 Cr.,4.06 Cr.,Healthcare,Healthcare,Healthcare Services,Healthcare Service Provider,8.98,9.81,22.44,15.04,17.07|15.61|9.79|14.67|17.14|25.32|11.14|11.1,52,43,0|1|1|2|4|7|98|37|20|27|43|52,45.80,7|9|16|23|31|32|66|46|47|44|52|40,,3.27|2.68|2.49|2.7|2.64|2.57|2.57|2.5,1.96|1.74|1.6|1.76|1.82|1.87|1.98|2.15,0|0|17|9|6|7|6|24|8|8|7|7,19|17|16|23|23|29|227|81|62|74|96|142,0|0|1|3|5|8|114|32|26|32|48|60
Saksoft,https://www.screener.in/company/SAKSOFT/consolidated/,"1,871 Cr.",141,223 / 108,14.0,58.8,0.71 %,25.5 %,19.6 %,1.00,2.17,25.9,-0.22 %,0.01 %,18.6 %,16.6 %,13.6 %,11.9 %,14.8 %,18.6 %,18.5 %,24.4 %,0.00 %,0.06,0.00 %,12.8 Cr.,10.2 Cr.,8.81 Cr.,Information Technology,Information Technology,IT - Software,Computers - Software & Consulting,29,36,29,36,1.97|2.04|2.27|2.44|2.71|2.19|2.71|2.21,171,111,22|26|21|30|27|56|70|70|84|117|111|171,17.20,11|15|13|14|17|17|17|16|16|18|17|19,,3.25|2.86|2.79|2.78|2.29|2.23|2.4|2.18,0|0|0.05|0|0.14|0.14|0|0.01,16|17|18|16|11|12|11|9|9|8|9|10,231|244|260|286|358|359|386|480|666|762|883|1007,17|22|20|24|38|39|45|63|82|96|109|133
Ivalue Infosolut,https://www.screener.in/company/IVALUE/consolidated/,"1,216 Cr.",222,340 / 189,11.3,104,0.00 %,25.4 %,19.8 %,2.00,1.36,13.9,0.51 %,0.19 %,12.8 %,12.5 %,9.68 %,9.24 %,9.83 %,19.4 %,-49.2 %,-25.3 %,0.00 %,0.12,0.02 %,0.00 Cr.,0.00 Cr.,0.00 Cr.,Information Technology,Information Technology,IT - Services,IT Enabled Services,16,43,16,30,4.56|4.5|9.07|2.47|5.53|2.87|7.78|2.9,108,46,-2|33|-23|66|46|108,10.80,5|5|11|13|12|13,,4.35|3.59|2.22|2.73,11.22|13.18|15.25|15.44,0|0|0|0|0|0,939|1296|797|780|923|1056,34|44|60|71|85|98
Rajputana Stain.,https://www.screener.in/company/RSL/,"1,514 Cr.",181,193 / 102,25.7,43.5,0.28 %,25.3 %,19.2 %,10.0,2.28,5.37,2.00 %,-0.06 %,9.20 %,8.05 %,4.90 %,4.27 %,1.90 %,28.6 %,-4.30 %,55.6 %,0.00 %,0.19,0.06 %,0.00 Cr.,0.00 Cr.,0.00 Cr.,Industrials,Capital Goods,Industrial Products,Iron & Steel Products,20,13,12,13,1.39|1.2|1.62|1.92|1.79|1.57|2.42,32,7,19|15|-2|25|31|7|32,6.52,5|5|4|4.6|7|8|9,,4.3|6.3,0.18|0.12,0|0|0|0|0|0|0,432|428|770|952|910|932|1007,4|2|8|24|32|40|50
Automotive Stamp,https://www.screener.in/company/ASAL/,713 Cr.,450,656 / 374,23.1,22.8,0.00 %,25.3 %,128 %,10.0,0.90,3.13,0.09 %,-0.01 %,6.57 %,6.24 %,3.21 %,2.05 %,2.45 %,51.3 %,51.3 %,24.3 %,0.00 %,3.44,0.00 %,0.00 Cr.,0.00 Cr.,0.00 Cr.,Consumer Discretionary,Automobile and Auto Components,Auto Components,Auto Components & Equipments,4.69,13.28,7.47,4.39,2.7|2.25|3.11|1.6|2.77|4.71|8.37|2.96,59,-7,8|-14|18|4|-21|8|4|44|25|31|-7|59,5.10,-2.2|-1.2|0.3|-8|2.4|-2.6|0|2.6|3.9|6|6|7,,0.01|0|0.1|0|0|0|0|0.09,0|0.01|0.01|0.01|0.01|0.01|0.01|0,0|0|0|0|0|0|0|0|0|0|0|0,290|263|304|331|482|362|339|608|828|880|775|891,-23|-21|-3|-47|-13|-17|-30|52|8|20|17|28
SMT Engineering,https://www.screener.in/company/538563/consolidated/,600 Cr.,332,594 / 54.4,24.5,66.7,0.00 %,25.2 %,25.2 %,10.0,1.80,8.02,0.00 %,0.00 %,25.0 %,12.9 %,14.2 %,11.5 %,583 %,339 %,166 %,87.8 %,0.00 %,0.68,0.00 %,0.00 Cr.,0.00 Cr.,0.00 Cr.,Services,Services,Commercial Services & Supplies,Trading & Distributors,3.81,12.06,2.32,6.35,0.41|0.11|1.31|1.42|3.84|1.4|6.67|2.11,-48,-31,-1|0|0|0|-1|0|1|0|0|-8|-31|-48,-6.20,7|10|20|41|12|-7|7|11|6|-86|13|25,,,,0|0|0|0|0|0|0|0|0|0|0,2|0|1|2|1|1|1|1|1|3|21|162,0|0|0|1|0|0|0|0|0|-2|2|23
Sumax Engineering,https://www.screener.in/company/SUMAX/,218 Cr.,114,133 / 101,19.6,,0.00 %,25.2 %,20.2 %,10.0,3.36,29.0,%,%,11.9 %,9.67 %,7.59 %,6.81 %,5.17 %,35.9 %,-67.0 %,%,%,0.21,%,0.00 Cr.,0.00 Cr.,Cr.,Consumer Discretionary,Automobile and Auto Components,Auto Components,Auto Components & Equipments,,,,,,19,1,3|4|1|19,9.00,6|8|10|12,,2.1,9.59,0|0|0|0,126|130|145|147,5|7|10|13
Signpost India,https://www.screener.in/company/SIGNPOST/,"1,451 Cr.",272,356 / 191,19.8,53.7,0.18 %,25.1 %,27.6 %,2.00,1.24,6.96,0.14 %,0.00 %,25.5 %,19.7 %,12.2 %,7.51 %,20.1 %,26.2 %,%,%,0.00 %,0.71,0.00 %,2.67 Cr.,2.67 Cr.,Cr.,Consumer Discretionary,"Media, Entertainment & Publication",Media,Advertising & Media Agencies,19,21,18,16,2.97|1.08|0.17|2.86|2.92|3.39|3.93|3.5,22,31,23|64|31|22,19.60,11|11|21|21|20|25,,0.03|0.01|0.28|0.08|0.05|0.08|0.09|0.23,0.01|0.01|0.78|0.01|0.03|0.02|0.02|0.02,0|0|0|6|8|4,43|52|332|387|453|576,3|2|35|44|34|70
Radhika Jeweltec,https://www.screener.in/company/RADHIKAJWE/,841 Cr.,71.2,97.5 / 48.0,10.6,33.7,0.00 %,25.0 %,20.7 %,2.00,6.33,46.3,-0.11 %,0.01 %,16.2 %,15.2 %,11.7 %,10.2 %,26.9 %,35.8 %,35.8 %,27.0 %,0.00 %,0.15,0.00 %,0.00 Cr.,0.00 Cr.,0.94 Cr.,Consumer Discretionary,Consumer Durables,Consumer Durables,"Gems, Jewellery And Watches",23,8,31,18,0.9|1.93|0.94|1.54|1.56|2.6|0.64|1.94,-13,17,-24|16|-71|4|-11|0|6|-4|-24|-26|17|-13,14.40,7|8|7|9|10|8|17|15|13|13|15|16,,0|0.02|0.03|0|0|0|0.14|0.03,0|0|0|0|0|0|0|0.01,0|0|0|0|14|0|0|0|8|5|0|0,133|136|157|240|173|172|137|233|313|544|588|639,3|3|9|12|8|13|23|27|30|50|60|75
Admach Systems,https://www.screener.in/company/544669/,291 Cr.,430,475 / 179,29.1,104,0.00 %,25.0 %,21.6 %,10.0,3.36,15.0,-1.77 %,-6.95 %,18.5 %,19.3 %,14.5 %,11.8 %,73.9 %,364 %,145 %,%,0.00 %,0.00,0.00 %,0.00 Cr.,0.00 Cr.,0.00 Cr.,Industrials,Capital Goods,Industrial Manufacturing,Industrial Products,6,4,4,2,8.3|8.48|8.98|8.18,-5,2,-1|-2|-8|2|-5,16.34,3.7|8|32|19|19,,2.83|1.06,7.95|1,0|0|0|0|0,14|13|20|53|69,0|0|3|6|10
Prevest Denpro,https://www.screener.in/company/543363/,459 Cr.,382,568 / 318,20.3,105,0.26 %,24.9 %,18.5 %,10.0,13.6,,0.00 %,0.02 %,36.0 %,35.4 %,29.9 %,28.9 %,12.9 %,10.9 %,10.9 %,-41.2 %,0.00 %,0.00,0.00 %,1.20 Cr.,1.20 Cr.,0.96 Cr.,Healthcare,Healthcare,Healthcare Equipment & Supplies,Medical Equipment & Supplies,5.78,6.06,5.15,5.57,4.03|3.72|4.37|3.86|4.64|4.29|5.05|4.82,16,15,3|5|9|7|10|11|15|16,37.40,20|23|32|40|40|36|35|36,,0.63|0.63|0.63|0.63|0.63|0.65|0.65|0.65,0.68|0.71|1.28|1.22|0.75|0.77|0.77|0.79,0|0|0|0|8|7|7|6,19|23|28|38|50|56|63|72,3|5|7|12|16|16|18|21
Accent Microcell,https://www.screener.in/company/ACCENTMIC/,"1,635 Cr.",682,732 / 238,37.3,115,0.15 %,24.9 %,18.6 %,10.0,3.56,109,0.33 %,-0.05 %,16.2 %,15.8 %,12.6 %,12.5 %,21.0 %,53.1 %,30.3 %,12.3 %,0.00 %,0.00,-2.45 %,2.40 Cr.,2.10 Cr.,1.73 Cr.,Healthcare,Healthcare,Pharmaceuticals & Biotechnology,Pharmaceuticals,26,18,17,16,8.01|6.7|6.86|6.92|7.53|10.75,19,25,6|5|5|15|8|11|25|19,13.20,4.9|7|8|8|10|16|16|16,,0.03|0.02|0.01|0.01|0|0.29|0.58|0.91,1.62|1.66|2.19|2.88|3.29|3.57|3.59|3.54,0|0|9|18|8|7|6|5,114|131|133|166|197|246|265|349,4|4|5|6|12|30|33|44
Vadilal Enterp.,https://www.screener.in/company/VADILENT/,906 Cr.,"10,540","12,598 / 8,161",66.4,384,0.01 %,24.8 %,28.5 %,10.0,0.62,3.18,0.00 %,0.00 %,3.02 %,2.12 %,0.65 %,0.27 %,9.38 %,12.9 %,12.9 %,58.1 %,0.00 %,1.88,-0.03 %,0.13 Cr.,0.13 Cr.,0.12 Cr.,Fast Moving Consumer Goods,Fast Moving Consumer Goods,Food Products,Dairy Products,23,-4,-16,11,44.4|-212.24|-101.54|232.99|123.91|-186.86|-48.92|270.08,42,32,15|28|-4|17|14|22|15|24|7|17|32|42,1.94,1.5|1.5|1.9|1.9|2.3|2.4|4.6|2.2|1|1.4|2.1|3,,0|0.54|0.54|0.54|0.54|0.54|0.54|0.54,,688|53|43|46|76|0|0|5|2|2|2|1,418|488|518|546|573|592|340|548|930|999|1119|1217,0|0|0|0|0|-1|1|2|6|8|6|10
Amrutanjan Healt,https://www.screener.in/company/AMRUTANJAN/,"1,428 Cr.",494,772 / 476,23.0,128,0.99 %,24.8 %,18.4 %,1.00,2.29,441,0.27 %,-0.37 %,15.1 %,12.9 %,12.8 %,11.2 %,9.80 %,17.3 %,17.7 %,1.21 %,0.00 %,0.00,0.00 %,14.2 Cr.,13.3 Cr.,13.5 Cr.,Healthcare,Healthcare,Pharmaceuticals & Biotechnology,Pharmaceuticals,4.37,16.19,19.45,13.96,4.08|6.66|5.25|2.87|4.83|6.73|5.6|1.51,36,51,19|21|8|19|21|18|91|52|20|28|51|36,14.40,16|18|14|13|12|12|22|20|12|12|13|15,,2.34|2.3|2.3|2.41|2.38|2.27|2.17|2.44,10.6|11.13|11.41|12.7|12.9|13|12.66|12.29,30|25|26|22|26|24|20|20|34|30|26|24,154|174|207|220|253|261|333|406|380|421|452|503,17|22|22|20|25|25|61|67|40|45|51|58
Syncom Formul.,https://www.screener.in/company/SYNCOMF/,"1,884 Cr.",20.0,22.6 / 10.2,22.2,4.39,0.50 %,24.8 %,17.6 %,1.00,2.16,103,0.14 %,0.00 %,15.9 %,11.7 %,13.6 %,10.5 %,29.8 %,49.2 %,49.2 %,13.9 %,0.00 %,0.00,0.00 %,9.40 Cr.,0.00 Cr.,2.40 Cr.,Healthcare,Healthcare,Pharmaceuticals & Biotechnology,Pharmaceuticals,25,25,19,17,0.12|0.14|0.19|0.17|0.18|0.2|0.26|0.26,58,23,0|24|17|-2|4|6|-2|16|10|-6|23|58,11.40,11|9|9|7|6|8|16|9|9|11|12|16,,0.1|0.13|0.11|0.41|0.1|0.26|0.21|0.35,,16|15|15|0|0|0|0|13|0|0|0|12,173|184|185|159|187|206|245|216|222|257|461|486,10|10|11|9|11|14|29|20|20|24|49|76
E Factor Experie,https://www.screener.in/company/EFACTOR/consolidated/,217 Cr.,165,348 / 150,11.0,68.8,0.73 %,24.7 %,24.4 %,10.0,2.08,19.3,0.10 %,0.62 %,15.0 %,15.7 %,10.3 %,11.3 %,17.1 %,37.8 %,24.3 %,35.7 %,0.00 %,0.54,-0.21 %,0.00 Cr.,1.57 Cr.,0.58 Cr.,Consumer Discretionary,Consumer Services,Other Consumer Services,Other Consumer Services,15,5,20,0,-2.24|8.36|0.76|11.18|0.19|15.22|3.87|11.13,0,-18,-2|2|-2|7|2|0|-18|0,12.60,8|8|-20|7|10|15|16|15,,4.34|0.01|0.4|0.35|0.43|0.53,9.52|3.26|3.28|4.06|3.75|4.37,0|2|1|0|0|9|8|0,30|28|6|57|119|149|172|191,1|0|1|3|8|15|20|20
Rajoo Engineers,https://www.screener.in/company/RAJOOENG/consolidated/,947 Cr.,53.0,97.3 / 46.0,19.5,19.3,0.28 %,24.7 %,18.9 %,1.00,1.30,26.7,-0.44 %,-0.24 %,18.1 %,18.4 %,14.4 %,14.9 %,29.2 %,64.8 %,60.2 %,30.0 %,0.00 %,0.07,0.00 %,2.68 Cr.,2.46 Cr.,1.77 Cr.,Industrials,Capital Goods,Industrial Manufacturing,Industrial Products,17,2,18,14,0.48|0.57|0.93|0.92|0.79|0.94|0.11|0.87,68,71,2|20|5|16|-10|22|18|25|20|1|71|68,14.20,9|10|11|14|11|7|12|12|9|14|18|18,,0.18|0.04|0.08|0.03|2.25|1.75|1.66|1.22,0|0|0|0|2.1|0.99|0.77|0.53,27|26|20|11|8|0|0|10|19|0|6|6,120|115|124|161|132|99|170|190|160|197|254|344,5|5|7|14|8|2|12|15|11|21|38|49
M K Exim India,https://www.screener.in/company/MKEXIM/consolidated/,272 Cr.,67.4,73.0 / 39.9,14.5,29.5,0.89 %,24.5 %,17.1 %,10.0,22.0,160,0.00 %,0.00 %,25.9 %,25.8 %,19.3 %,19.2 %,-2.06 %,4.15 %,4.18 %,18.6 %,0.00 %,0.01,0.60 %,0.00 Cr.,0.00 Cr.,0.40 Cr.,Consumer Discretionary,Consumer Services,Retailing,Distributors,2.32,4.25,1.40,0.04,0.06|-0.31|0.39|0.52|0.05|0.45|1.27|0.57,7,-2,1|0|2|0|1|4|3|4|6|19|-2|7,23.20,1.8|7|0.9|6|1.9|7|20|24|19|21|26|26,,0.06|0.08|0.05|0.05|0.05|0.05|0.05|0.05,,70|0|0|0|0|0|0|0|0|13|0|0,51|39|29|22|27|53|58|73|104|92|93|97,1|0|1|0|0|2|8|13|17|15|18|19
Tera Software,https://www.screener.in/company/TERASOFT/,296 Cr.,237,599 / 223,11.9,117,0.51 %,24.5 %,18.5 %,10.0,1.69,5.22,-0.08 %,0.00 %,15.5 %,11.5 %,10.4 %,8.78 %,22.1 %,52.7 %,52.7 %,96.8 %,18.2 %,0.27,0.00 %,1.50 Cr.,0.00 Cr.,0.30 Cr.,Information Technology,Information Technology,IT - Services,IT Enabled Services,4.65,7.22,6.37,6.56,1.01|1.7|2.36|3.72|5.24|5.09|5.77|3.72,-14,7,6|34|-16|-4|-11|14|-37|-21|33|-3|7|-14,6.60,19|11|7|7|8|6|4.7|6|-8|8|11|16,,0|0|0|0|0.03|0.14|0.08|0,,28|19|0|0|0|0|0|0|0|0|0|6,91|172|271|146|176|269|161|127|131|84|108|238,4|8|11|2|4|7|1|-1|3|4|9|25
Unihealth Hosp,https://www.screener.in/company/UNIHEALTH/consolidated/,"1,081 Cr.",680,820 / 134,42.2,87.6,0.00 %,24.5 %,21.5 %,10.0,5.33,20.6,0.01 %,-0.03 %,40.8 %,37.1 %,34.4 %,27.4 %,44.3 %,49.4 %,%,%,0.00 %,0.24,-4.71 %,0.00 Cr.,0.00 Cr.,0.00 Cr.,Healthcare,Healthcare,Healthcare Services,Hospital,17,29,18,9,9.75|6.83,6,3,1|4|9|1|5|3|6,35.20,10|25|31|31|36|37|41,,5.61|0|0|0|0|0|0.01,3.31|0.14|0.02|0.23|0.75|0.48|0.45,0|0|0|0|0|0|0,22|26|37|44|49|99|132,-1|5|4|8|10|27|46
OSEL Devices,https://www.screener.in/company/OSELDEVICE/,648 Cr.,364,835 / 351,22.1,108,0.00 %,24.4 %,19.6 %,10.0,1.61,5.54,0.03 %,0.00 %,18.2 %,17.9 %,9.99 %,10.8 %,52.9 %,84.5 %,-12.9 %,10.6 %,0.00 %,0.49,-0.37 %,0.00 Cr.,0.00 Cr.,0.00 Cr.,Healthcare,Healthcare,Healthcare Equipment & Supplies,Medical Equipment & Supplies,14,15,12,8,26.6|6.7|4.97|7.46|8.58|7.95,-20,-69,-3|3|-11|13|-69|-20,14.20,4.9|7|11|17|18|18,,4.13|1.83|1.46|0.59|0.15|0.18,5.88|5.38|5.01|3.89|3.56|3.56,0|0|0|0|0|0,57|65|82|132|186|293,1|2|5|13|20|29
Simplex Castings,https://www.screener.in/company/513472/,517 Cr.,126,132 / 73.3,21.5,27.7,0.00 %,24.3 %,25.7 %,2.00,1.97,6.10,2.52 %,0.00 %,18.5 %,18.1 %,10.8 %,8.80 %,20.1 %,74.2 %,58.2 %,75.2 %,0.00 %,0.44,0.00 %,0.00 Cr.,0.00 Cr.,0.00 Cr.,Industrials,Capital Goods,Industrial Products,Other Industrial Products,6.86,6.18,4.76,5.58,1.01|1.75|1.03|1.32|1.43|1.22|1.51|1.67,14,9,18|8|12|34|-6|-32|0|19|12|-3|9|14,15.60,14|10|10|12|1.3|-75|16|17|13|11|18|19,,0|0|0|0|0|0|4.94|7.46,0|0|0|0|0|0.07|0|0,0|8|13|9|0|0|0|0|0|0|0|0,167|208|220|222|107|54|81|92|117|122|172|202,1|4|2|3|-16|-29|1|2|-17|2|15|21
Expleo Solutions,https://www.screener.in/company/EXPLEOSOL/consolidated/,"1,369 Cr.",882,"1,179 / 640",9.32,500,12.5 %,24.2 %,18.7 %,10.0,5.55,71.2,-0.29 %,0.11 %,15.3 %,16.2 %,11.9 %,9.73 %,7.04 %,-0.24 %,-13.1 %,11.6 %,0.00 %,0.01,0.00 %,0.00 Cr.,77.6 Cr.,17.1 Cr.,Information Technology,Information Technology,IT - Services,IT Enabled Services,34,42,22,40,22.87|12.75|15.52|13.16|25.62|14.26|26.85|22.02,119,179,33|58|42|25|41|17|66|24|23|71|179|119,17.00,17|20|16|15|19|20|23|17|22|15|16|15,,0.21|0.49|0.33|0.09|0.13|0.32|0.42|0.13,1.78|1|0.91|0.84|0.84|0.07|0.01|0.12,117|69|108|80|0|0|0|0|6|0|75|0,214|264|260|271|283|270|301|743|903|965|1025|1108,22|37|24|32|36|40|50|68|134|90|103|124
Sizemasters Tech,https://www.screener.in/company/513496/consolidated/,366 Cr.,366,415 / 120,102,18.2,0.00 %,24.2 %,26.9 %,10.0,2.57,37.2,0.00 %,0.00 %,15.5 %,16.6 %,12.1 %,13.7 %,275 %,231 %,231 %,%,0.00 %,0.17,0.00 %,0.00 Cr.,0.00 Cr.,Cr.,Commodities,Metals & Mining,Non - Ferrous Metals,Zinc,0.76,0.93,1.04,1.47,1.02|0.21|0.69|1.22|1.06|0.93|0.86|0.75,9.27,0.33,0.35|-0.2|0.33|9.27,14.41,8.82|16.72|16.62|15.5,,,,0|0|0|0,0.68|12.74|16.85|35.99,0.12|1.58|2.31|4.35
Alufluoride,https://www.screener.in/company/ALUFLUOR/,420 Cr.,537,615 / 378,17.0,161,0.74 %,24.2 %,21.8 %,10.0,2.02,13.0,0.00 %,-1.28 %,21.6 %,19.3 %,11.9 %,10.4 %,15.3 %,21.8 %,21.8 %,116 %,0.00 %,0.36,0.00 %,3.13 Cr.,2.35 Cr.,2.03 Cr.,Commodities,Chemicals,Chemicals & Petrochemicals,Commodity Chemicals,2.88,3.76,9.44,7.91,8.52|7.77|2.05|4.07|10.11|12.07|4.81|3.68,48,15,2|1|4|8|7|20|-2|4|22|36|15|48,19.60,11|10|7|18|15|21|4.1|16|20|21|19|22,,0.05|0.05|0.05|0.05|0.05|0.05|0.05|0.05,1.28|1.28|1.28|1.28|1.28|1.28|1.28|0,0|0|0|0|0|15|0|21|11|13|13|13,22|31|36|50|66|76|38|88|136|165|189|209,3|2|3|6|8|10|-1|4|14|18|18|24
Saint-Gob. Sekur,https://www.screener.in/company/SEKURITIND/,"1,034 Cr.",113,140 / 80.0,23.3,26.7,2.20 %,24.0 %,17.8 %,10.0,1.63,121,0.00 %,0.00 %,21.3 %,18.7 %,16.9 %,14.4 %,9.26 %,19.6 %,19.6 %,36.3 %,0.00 %,0.01,0.00 %,18.2 Cr.,18.2 Cr.,19.1 Cr.,Consumer Discretionary,Automobile and Auto Components,Auto Components,Auto Components & Equipments,9.34,13.11,11.21,10.77,0.91|1.11|1.1|1.18|1.18|1.23|1.44|1.03,33,28,15|11|7|17|24|27|2|12|34|30|28|33,19.80,13|16|13|18|16|14|15|22|19|18|19|21,,0.29|0.21|0|0|0|0|0|0,,0|0|0|0|0|80|57|47|58|51|40,133|141|123|146|160|135|105|151|186|201|208|243,7|0|7|14|16|13|11|48|29|31|36|46
Hy-Tech Engineer,https://www.screener.in/company/HTEL/,728 Cr.,76.8,86.4 / 68.2,31.7,,0.00 %,23.9 %,20.2 %,5.00,2.93,7.13,%,%,22.3 %,22.4 %,11.9 %,10.1 %,12.4 %,8.20 %,-82.2 %,%,0.00 %,0.24,%,3.34 Cr.,2.09 Cr.,1.31 Cr.,Industrials,Capital Goods,Industrial Products,Other Industrial Products,,4.60,6.53,4.15,0.5|0.78|0.55,30,17,6|31|19|17|30,22.00,25|24|17|22|22,,0.84,9.36,0|3|5|11|15,128|133|138|161|189,20|18|12|20|23
Master Trust,https://www.screener.in/company/MASTERTR/consolidated/,"1,104 Cr.",89.7,165 / 55.6,8.26,66.4,0.00 %,23.8 %,17.3 %,1.00,1.82,4.09,0.01 %,0.00 %,41.0 %,41.6 %,21.9 %,22.5 %,19.3 %,24.2 %,19.2 %,26.5 %,17.0 %,0.28,0.00 %,0.00 Cr.,0.00 Cr.,0.00 Cr.,Financial Services,Financial Services,Capital Markets,Stockbroking & Allied,35,36,32,31,3.28|3.13|2.19|2.41|2.55|2.56|2.93|2.82,311,-37,-8|54|52|-2|82|14|-24|-15|177|458|-37|311,38.40,29|21|23|19|25|24|28|33|35|41|42|41,,0.07|0.03|0.02|0.15|0|0.02|0.02|0.03,0|0|0|0|0.05|0.05|0|0,0|0|0|11|0|0|0|0|0|0|0|0,115|104|109|150|134|136|225|331|339|500|584|576,9|4|6|10|17|12|34|55|66|108|131|126
Glottis,https://www.screener.in/company/GLOTTIS/,550 Cr.,59.5,93.0 / 37.0,15.1,30.4,0.00 %,23.8 %,19.9 %,2.00,3.81,12.2,-0.01 %,0.00 %,6.95 %,8.37 %,5.21 %,5.95 %,14.7 %,18.8 %,-73.7 %,%,0.00 %,0.19,0.00 %,0.00 Cr.,0.00 Cr.,0.00 Cr.,Services,Services,Transport Services,Logistics Solution Provider,11,11,3,12,2.57|1.68|1.42|1.49|1.54|0.29|1.16|1.16,-69,5,25|7|5|-69,12.80,13|34|7|8|8|7,,2.5|0.86|0.85,1.13|0.84|0.84,0|0|0|0|0|0,2|1|479|497|941|723,0|0|23|31|56|38
Solarworld Ene.,https://www.screener.in/company/SOLARWORLD/consolidated/,"1,158 Cr.",134,389 / 128,9.89,97.8,0.00 %,23.8 %,20.8 %,5.00,1.88,7.68,-0.46 %,-2.16 %,10.7 %,19.6 %,8.75 %,14.1 %,80.9 %,101 %,-68.9 %,%,0.00 %,0.30,0.00 %,0.00 Cr.,0.00 Cr.,0.00 Cr.,Industrials,Construction,Construction,Civil Construction,9.50,49.06,49.22,9.29,3.14|5.76|1.27|1.74|1.07|5.68|5.66|1.1,-5,54,-4|-7|7|54|-5,12.40,8|9|14|20|11,,3.4|1.49|1.23|0.77,11.8|11.2|11.41|9.25,0|0|0|0|0,28|232|501|545|1376,2|15|52|77|120
Telge Projects,https://www.screener.in/company/544544/consolidated/,224 Cr.,229,233 / 77.0,29.4,45.3,0.00 %,23.7 %,22.0 %,10.0,5.22,8.95,-0.60 %,-2.08 %,22.7 %,32.2 %,15.4 %,19.1 %,%,%,%,%,0.00 %,0.18,0.51 %,0.00 Cr.,0.00 Cr.,Cr.,Industrials,Construction,Construction,Civil Construction,2.99,3.51,0.83,0.71,2.14|39.69|1.64|0.73|0.82|3.36|2.89,0.80,3.20,3.1|3.2|0.8,28.77,31.45|32.21|22.66,,2.11|1.74|1.14,9.62|10.16|8.08,0|0|0,12.37|25.61|40.21,2.66|5.42|6.27
Panache Digilife,https://www.screener.in/company/PANACHE/,836 Cr.,522,559 / 238,39.7,68.1,0.00 %,23.7 %,20.1 %,10.0,2.09,11.6,0.00 %,0.00 %,10.9 %,9.24 %,7.70 %,5.05 %,27.8 %,113 %,93.8 %,30.6 %,0.00 %,0.25,0.00 %,0.00 Cr.,0.00 Cr.,0.00 Cr.,Information Technology,Information Technology,IT - Services,IT Enabled Services,4.09,8.51,4.44,1.48,1|1.33|1.44|0.63|0.97|2.92|5.31|2.55,0,-13,-1|-1|-1|-7|-5|7|1|2|-3|8|-13|0,7.20,8|8|8|6|8|9|10|5|5|6|9|11,,,,0|0|0|12|7|15|0|0|0|0|0|0,39|49|56|77|93|71|78|86|112|96|116|233,1|2|2|2|4|2|4|2|2|0|6|15
Bhadora Indust.,https://www.screener.in/company/BHADORA/,229 Cr.,123,128 / 49.5,23.0,44.1,0.00 %,23.6 %,19.3 %,10.0,2.87,6.11,-0.53 %,-0.33 %,13.0 %,15.5 %,7.96 %,9.81 %,89.2 %,281 %,69.8 %,%,0.00 %,0.22,0.00 %,0.00 Cr.,0.00 Cr.,0.00 Cr.,Industrials,Capital Goods,Industrial Products,Cables - Electricals,6,3,7,3,20.61|5.11|1.83|3.43,-27,2,1|1|3|2|-27,9.66,4.3|6|9|16|13,,3.14|2.05|2.01|1.48,10.45|10.48|10.59|10.26,0|0|0|0|0,15|18|81|110|125,0|0|5|11|10
Chembond Chemic.,https://www.screener.in/company/CHEMBONDCH/consolidated/,733 Cr.,273,292 / 104,19.2,77.0,0.46 %,23.6 %,17.7 %,5.00,4.38,72.0,-0.01 %,0.59 %,14.6 %,14.4 %,10.3 %,10.3 %,-9.53 %,11.0 %,%,%,0.00 %,0.00,0.02 %,3.36 Cr.,3.36 Cr.,3.50 Cr.,Commodities,Chemicals,Chemicals & Petrochemicals,Specialty Chemicals,9.55,11.62,9.71,7.20,2.33|2.7|3.62|4.36|3.54,8,10,-10|2|-56|10|8,11.38,4.9|8|15|14|15,,0.63|0.62|0.73|0.66|0.65,0.98|0.81|2|2.06|2.65,48|16|0|11|10,349|440|283|292|326,14|25|30|31|35
Sonaselection India,https://www.screener.in/company/id/1286175/,563 Cr.,,/,16.6,,%,23.6 %,48.5 %,10.0,1.21,3.74,%,%,16.4 %,18.4 %,6.63 %,5.91 %,76.3 %,138 %,-0.70 %,%,%,2.96,%,0.00 Cr.,0.00 Cr.,Cr.,,,,,,,,4.80,3.02,-4,-14,-1|18|-14|-4,19.00,19|23|18|16,,,,0|0|0|0,94|121|314|513,3|13|19|34
iStreet Network,https://www.screener.in/company/524622/,342 Cr.,47.6,72.2 / 16.8,84.3,6.60,0.21 %,23.6 %,22.4 %,4.00,1.62,103,0.00 %,0.00 %,3.82 %,3.64 %,5.06 %,3.97 %,%,183 %,103 %,73.8 %,0.00 %,0.01,-29.7 %,0.69 Cr.,0.00 Cr.,0.14 Cr.,Information Technology,Information Technology,IT - Services,IT Enabled Services,1.57,0.39,1.20,0.90,-0.02|-0.01|0.16|1.16|0.42|0.18|0.06|0.22,-35,-0,-3|-3|-2|0|0|0|0|-1|0|0|0|-35,-158.72,-454|-16|-10|-788|-19|6|3.6|3.8,,,,0|0|0|0|0|0|0|0|0|0|0|14,1|18|35|0|2|0|0|0|0|0|6|98,-1|-3|-4|-2|0|0|0|0|0|0|0|5
Om Galaxy,https://www.screener.in/company/544922/consolidated/,308 Cr.,90.8,92.0 / 85.8,19.2,,0.00 %,23.5 %,21.9 %,5.00,1.20,9.29,%,%,25.9 %,25.6 %,13.4 %,14.0 %,7.33 %,17.1 %,-77.0 %,%,%,0.47,%,0.00 Cr.,0.00 Cr.,Cr.,Commodities,Construction Materials,Other Construction Materials,Other Construction Materials,,,,6,29.45,35,27,-3|3|27|35,24.00,21|23|26|26,,,,0|0|0|0,100|105|113|124,10|12|16|17
Maxgrow India,https://www.screener.in/company/521167/consolidated/,739 Cr.,185,196 / 14.8,1.27,519,0.00 %,23.5 %,25.5 %,5.00,3.24,"8,302",0.00 %,0.00 %,2.01 %,1.83 %,2.01 %,1.83 %,%,%,%,%,0.00 %,0.00,0.00 %,0.00 Cr.,0.00 Cr.,Cr.,Consumer Discretionary,Consumer Durables,Consumer Durables,"Gems, Jewellery And Watches",199,176,111,95,-0.02|-5.2|12.65|17.2|23.66|27.91|43.97|49.92,211,41,41|211,1.90,1.8|2,,,,0|0,2758|22426,30|450
Sobhagya Mercant,https://www.screener.in/company/512014/,"1,322 Cr.","1,272","1,595 / 679",64.5,225,0.00 %,23.4 %,16.2 %,10.0,2.66,13.6,5.39 %,0.00 %,14.2 %,14.2 %,9.48 %,9.87 %,28.8 %,27.1 %,21.0 %,19.1 %,0.00 %,0.05,-4.04 %,0.00 Cr.,0.00 Cr.,0.00 Cr.,Services,Services,Commercial Services & Supplies,Diversified Commercial Services,4.08,5.67,6.05,4.70,2.51|4.35|9.02|6.69|5.6|7.2|5.82|4.19,53,-17,0|0|0|0|0|1|-1|-14|-2|4|-17|53,12.80,0|-50|-100|58|24|14|11|11|14|14,,0|0|0|0|0|13.83|13.83|19.22,,0|0|0|0|0|0|0|0|0|0|0,0|0|0|0|0|11|42|67|109|115|157|232,0|0|0|0|0|6|8|11|11|12|16|22
Shanti Inorgan.,https://www.screener.in/company/SHANTIINOR/,313 Cr.,181,195 / 150,30.7,,0.00 %,23.4 %,27.6 %,10.0,1.24,11.1,%,%,21.6 %,21.1 %,14.3 %,13.3 %,%,%,%,%,%,0.64,%,0.00 Cr.,0.00 Cr.,Cr.,Commodities,Chemicals,Chemicals & Petrochemicals,Commodity Chemicals,,,,,,6,16,3|16|6,20.67,19|21|22,,6.36,9.42,0|0|0,45|57|71,5|8|10
Bemco Hydraulics,https://www.screener.in/company/522650/consolidated/,447 Cr.,102,150 / 60.0,27.7,19.3,0.10 %,23.3 %,18.5 %,1.00,1.33,10.9,0.00 %,0.00 %,23.6 %,20.3 %,14.7 %,12.4 %,26.1 %,54.4 %,54.7 %,29.6 %,0.00 %,0.21,0.00 %,0.44 Cr.,0.44 Cr.,0.26 Cr.,Industrials,Capital Goods,Industrial Manufacturing,Industrial Products,2.72,5.42,3.99,4.02,0.79|0.75|1.2|0.33|0.92|0.91|1.24|0.62,16,13,0|5|6|8|-2|12|12|-7|10|13|16,18.20,0.9|10|11|11|11|15|17|14|16|20|24,,,,0|0|0|0|0|0|0|0|6|3|3,21|42|42|48|32|64|66|48|84|100|97,-3|2|1|1|0|4|6|4|8|13|15
Medico Remedies,https://www.screener.in/company/MEDICO/,290 Cr.,34.9,57.0 / 30.2,21.0,9.10,0.00 %,23.3 %,19.0 %,2.00,1.64,10.8,0.05 %,0.00 %,8.25 %,9.94 %,6.35 %,6.68 %,13.7 %,21.9 %,21.9 %,38.2 %,0.00 %,0.25,0.00 %,0.00 Cr.,0.00 Cr.,0.00 Cr.,Healthcare,Healthcare,Pharmaceuticals & Biotechnology,Pharmaceuticals,2.52,5.86,2.87,2.57,0.19|0.32|0.52|0.22|0.31|0.35|0.71|0.3,6,5,-3|5|5|1|-11|6|8|2|5|6,8.00,6|5|7|6|2.8|3.2|4.3|6|7|9|10|8,,0.22|0.39|0.11|0.07|0.3|0.49|0.03|0.08,0.97|0.78|0.01|0.01|0.01|0|0|0,0|0|0|0|0|0|0|0|0|0|0|0,51|67|54|61|98|89|122|121|140|145|151|206,1|1|2|1|2|2|3|5|7|8|10|13
Sheetal Univer.,https://www.screener.in/company/SHEETAL/consolidated/,411 Cr.,359,361 / 121,35.7,47.8,0.14 %,23.3 %,23.3 %,10.0,1.53,5.95,0.85 %,0.00 %,10.8 %,13.1 %,6.62 %,8.80 %,10.5 %,79.5 %,20.9 %,69.7 %,0.00 %,0.70,-1.49 %,0.00 Cr.,0.00 Cr.,0.00 Cr.,Fast Moving Consumer Goods,Fast Moving Consumer Goods,Agricultural Food & other Products,Other Agricultural Products,10,2,8,1,1.04|1.08|1.16|6.96|1.33|8.71,-13,9,0|2|-3|-27|9|-13,5.50,0.1|0.4|1.2|1.9|13|11,,0|0|0|0|0|0.85,,0|0|0|0|0|0,38|39|129|132|106|174,0|0|2|2|9|12
Chandan Healthca,https://www.screener.in/company/CHANDAN/consolidated/,495 Cr.,202,358 / 185,18.8,69.9,0.00 %,23.1 %,13.2 %,10.0,2.13,5.26,0.00 %,0.06 %,20.7 %,18.0 %,7.34 %,10.2 %,26.4 %,79.2 %,67.6 %,%,0.00 %,0.31,0.06 %,0.00 Cr.,0.00 Cr.,0.00 Cr.,Healthcare,Healthcare,Healthcare Services,Healthcare Service Provider,7.92,4.94,4.54,7.80,2.1|2.46|2.37|3.19|1.86|2|3.07,16,-29,6|4|1|-29|16,12.58,1.9|7|15|18|21,,3.86|1.11|0|0.01|0.01,6.32|5.02|4.76|5.03|5.09,0|0|0|0|0,120|137|177|230|276,-1|3|16|24|20
DC Infotech,https://www.screener.in/company/DCI/,457 Cr.,279,475 / 209,20.8,65.8,0.04 %,23.0 %,23.7 %,10.0,1.38,4.17,-0.12 %,0.00 %,4.83 %,4.69 %,2.90 %,2.61 %,27.0 %,44.4 %,30.1 %,48.0 %,0.00 %,0.81,0.00 %,1.64 Cr.,0.00 Cr.,0.33 Cr.,Information Technology,Information Technology,IT - Hardware,Computers Hardware & Equipments,4.71,5.79,6.48,5.01,2.73|2.85|2.62|2.53|3.13|4.05|3.53|2.87,-37,-4,1|-7|1|10|-11|-8|-4|-37,4.12,8|3.1|3.1|3.2|3.5|4.4|4.7|4.8,,1.35|1.28|1.28|1.14|1.09|1.14|1.28|1.16,,0|0|0|0|0|0|0|8,15|148|169|232|359|459|555|735,1|1|2|4|7|12|14|21
Agarwal Toughene,https://www.screener.in/company/AGARWALTUF/,308 Cr.,159,174 / 81.0,14.3,65.5,0.00 %,23.0 %,20.6 %,10.0,4.59,26.6,-1.01 %,-1.39 %,29.6 %,36.4 %,22.8 %,27.4 %,33.4 %,181 %,81.6 %,103 %,0.00 %,0.21,-3.77 %,0.00 Cr.,0.00 Cr.,0.00 Cr.,Industrials,Capital Goods,Industrial Products,Glass - Industrial,9,12,11,5,3.82|6.01|6.94|5.28,-8,-18,1|-1|2|11|-18|-8,25.00,11|11|12|36|36|30,,3.82|2.39|1.77|1.49|1.13|0.12,7.38|7.24|5.77|5.77|5.77|4.38,0|0|0|0|0|0,22|33|40|38|55|95,0|0|1|9|15|22
Megamont,https://www.screener.in/company/523888/consolidated/,544 Cr.,188,206 / 40.1,61.7,12.6,0.00 %,23.0 %,36.5 %,10.0,1.70,4.51,0.00 %,0.00 %,1.62 %,%,1.03 %,%,%,%,%,%,0.00 %,1.41,0.00 %,0.00 Cr.,0.00 Cr.,Cr.,Consumer Discretionary,Automobile and Auto Components,Auto Components,Tyres & Rubber Products,2.22,3.59,3.28,-0.27,-0.02|-0.05|-0.18|1.14|1.24|0.77,-69,-0,0|-69,1.60,1.6,,,2.43|2.43|2.43|2.43|2.43|2.43|1.26|1.26,0|0,0|607,0|6
Shri Ahimsa,https://www.screener.in/company/SHRIAHIMSA/,"1,098 Cr.",469,503 / 210,36.5,82.9,0.00 %,23.0 %,17.2 %,10.0,11.7,62.3,-1.30 %,0.81 %,29.2 %,32.0 %,24.4 %,23.1 %,5.88 %,-5.56 %,-42.7 %,30.7 %,0.00 %,0.05,-0.28 %,0.00 Cr.,0.00 Cr.,0.00 Cr.,Fast Moving Consumer Goods,Fast Moving Consumer Goods,Food Products,Other Food Products,15,15,12,10,5.08|5.25|6.36|6.5,12,43,6|3|14|20|6|43|12,34.60,17|15|30|48|34|32|29,,3.04|3.04|1.71|0.41,8.59|8.59|5.03|5.84,0|0|0|0|0|0|0,22|28|58|104|78|96|123,1|2|11|36|19|22|30
Onward Technolog,https://www.screener.in/company/ONWARDTEC/consolidated/,639 Cr.,287,355 / 208,14.2,111,2.79 %,22.9 %,19.5 %,10.0,3.66,20.3,-0.51 %,-1.74 %,13.2 %,9.10 %,8.58 %,5.51 %,7.24 %,60.7 %,59.6 %,35.7 %,0.00 %,0.16,0.90 %,18.0 Cr.,11.3 Cr.,10.8 Cr.,Information Technology,Information Technology,IT - Services,IT Enabled Services,11,10,10,12,1.56|2.66|4.59|5.6|5.25|4.44|4.2|5.02,65,32,15|10|14|16|11|29|33|-4|6|62|32|65,9.20,7|7|5|4.6|9|9|7|7|6|11|9|13,,8.97|9.18|9.3|9.29|9.21|9.39|9.83|9.32,7.38|6.38|3.86|3.73|4|2.9|3.54|1.8,0|47|37|23|23|39|67|28|58|33|42|41,189|198|224|244|261|272|240|307|441|472|491|544,3|3|4|7|10|6|7|24|11|34|27|44
M & B Engineer.,https://www.screener.in/company/MBEL/consolidated/,"1,442 Cr.",252,536 / 223,14.8,115,0.40 %,22.9 %,19.4 %,10.0,1.92,9.91,-2.02 %,-0.08 %,11.2 %,12.8 %,7.41 %,7.70 %,12.7 %,41.5 %,-0.29 %,40.8 %,0.00 %,0.13,0.07 %,5.72 Cr.,0.00 Cr.,1.14 Cr.,Industrials,Construction,Construction,Civil Construction,22,27,25,22,4.77|3.55|5.7|3.59|3.88|4.46|4.72|3.83,-31,33,48|8|41|29|5|33|-31,9.80,7|6|7|8|10|13|11,,4.75|4.25|2.86|0.84,13.46|10.24|9.72|9.64,0|0|0|0|0|0|6,520|415|688|880|795|989|1260,11|6|16|33|46|77|93
Studds Accessor.,https://www.screener.in/company/STUDDS/consolidated/,"1,602 Cr.",407,600 / 403,21.4,133,0.74 %,22.9 %,17.0 %,5.00,2.70,120,0.41 %,-0.41 %,19.4 %,18.0 %,13.0 %,11.9 %,8.31 %,35.5 %,7.56 %,-11.0 %,0.00 %,0.02,0.00 %,11.8 Cr.,9.84 Cr.,8.66 Cr.,Consumer Discretionary,Automobile and Auto Components,Auto Components,Auto Components & Equipments,12,21,21,21,8.89|8.34|5.05|5.15|5.24|5.26|5.36|3.13,86,63,74|12|28|72|63|86,15.60,23|12|12|17|18|19,,1.36|1.07|1.48,8.98|9.6|9.19,11|21|24|14|14|14,480|463|499|529|584|634,74|29|33|57|70|83
Nurture Well Industries,https://www.screener.in/company/531889/consolidated/,482 Cr.,20.7,46.0 / 18.3,8.29,15.9,0.00 %,22.9 %,21.3 %,1.00,2.84,42.1,-0.13 %,0.10 %,8.75 %,8.98 %,8.24 %,8.68 %,484 %,267 %,173 %,%,0.00 %,0.10,0.00 %,0.00 Cr.,0.00 Cr.,Cr.,Fast Moving Consumer Goods,Fast Moving Consumer Goods,Food Products,Packaged Foods,13,-1,31,30,0.58|0.57|0.79|0.85|1.02|1.06|-0.04|0.46,-22,48,5|-41|48|-22,31.00,97|9|9|9,,5.08|4.47|4.25|0|0|0.32|0.18|0.05,0.07|0.07|0.07|0.07|0.07|0.07|0.07|0.17,0|0|0|0,5|331|766|1026,1|25|67|85
Tembo Global,https://www.screener.in/company/TEMBO/consolidated/,"1,042 Cr.",56.2,83.7 / 43.3,10.2,24.4,0.18 %,22.8 %,27.5 %,1.00,1.91,6.63,-0.33 %,0.61 %,13.1 %,12.4 %,9.01 %,7.15 %,63.4 %,136 %,98.6 %,93.2 %,40.6 %,0.85,2.66 %,0.00 Cr.,1.55 Cr.,0.53 Cr.,Industrials,Capital Goods,Industrial Products,Iron & Steel Products,31,30,26,22,1.31|1.47|0.95|1.23|1.3|1.36|1.45|1.62,-90,-77,0|-4|4|2|17|-77|-90,8.14,7|7|4.7|5|6|12|13,,0.09|0.01|0.05|0.31|8.62|8.58|8.48|8.25,0|0|0.22|0.24|0.22|0.95|1.65|1.56,32|40|0|0|8|3|0,79|104|176|250|439|744|1090,2|2|3|6|14|51|98
Titan Biotech,https://www.screener.in/company/524717/consolidated/,"1,697 Cr.",411,556 / 171,50.1,43.9,0.12 %,22.8 %,17.8 %,2.00,3.28,47.5,0.00 %,-0.02 %,18.7 %,16.2 %,14.5 %,13.8 %,12.7 %,6.36 %,6.35 %,-0.46 %,0.00 %,0.03,0.00 %,2.06 Cr.,1.65 Cr.,1.62 Cr.,Commodities,Chemicals,Chemicals & Petrochemicals,Specialty Chemicals,11,7,9,8,1.62|1.06|0.98|1.66|1.88|2.07|1.63|2.63,30,20,-2|5|0|2|5|6|19|22|21|21|20|30,20.40,10|9|10|12|14|17|32|25|21|21|16|19,,,0|0|0.01|0.03|0.03|0.03|0.03|0.01,36|33|27|23|0|12|4|6|6|7|8|7,40|46|53|57|65|79|142|124|144|164|156|206,2|2|2|3|4|8|32|22|25|25|22|30
B.R.Goyal Infra.,https://www.screener.in/company/544335/,443 Cr.,186,203 / 89.1,9.89,115,0.13 %,22.8 %,17.8 %,10.0,3.49,6.75,-0.64 %,0.50 %,9.48 %,8.48 %,5.52 %,4.95 %,33.0 %,40.7 %,0.58 %,20.0 %,0.00 %,0.27,0.47 %,0.60 Cr.,0.00 Cr.,0.12 Cr.,Industrials,Construction,Construction,Civil Construction,29,16,19,6,4.74|20.41|3.47|7.97|6.77|12,-0,-37,20|18|7|17|6|8|20|22|12|-37|0,8.00,10|14|12|11|10|8|9|8|6|8|9,,2.57|1.05|0.41,10.38|6.95|7.45,0|0|0|0|0|0|0|0|0|0|1,135|136|142|173|182|200|208|345|579|502|812,3|5|7|8|8|7|7|16|22|25|45
Silkflex Polymer,https://www.screener.in/company/SILKFLEX/,325 Cr.,280,303 / 76.0,26.8,41.0,0.00 %,22.7 %,29.2 %,10.0,1.31,4.72,0.00 %,0.00 %,20.0 %,14.8 %,11.0 %,8.75 %,35.5 %,144 %,46.5 %,36.7 %,0.00 %,1.31,0.00 %,0.00 Cr.,0.00 Cr.,0.00 Cr.,Commodities,Chemicals,Chemicals & Petrochemicals,Specialty Chemicals,4.66,4.06,1.73,1.39,1.61|1.2|1.49|3.5|4.01,29,-24,0|0|-4|-1|9|-24|29,12.00,4|6|6|5|14|15|20,,,4.76|4.88|8.01|8.94|8.94|8.94|8.94|8.94,0|0|0|0|0|0|0,21|21|28|44|50|80|110,0|0|1|1|4|7|12
Jagsonpal Pharma,https://www.screener.in/company/JAGSNPHARM/,"1,507 Cr.",228,265 / 155,32.0,41.2,1.75 %,22.7 %,17.3 %,2.00,5.06,62.0,-0.14 %,0.40 %,20.2 %,19.0 %,15.5 %,11.8 %,6.66 %,16.0 %,15.1 %,20.7 %,0.00 %,0.03,1.17 %,26.8 Cr.,16.6 Cr.,16.0 Cr.,Healthcare,Healthcare,Pharmaceuticals & Biotechnology,Pharmaceuticals,13,9,11,13,1.73|4.82|0.99|1.62|1.89|1.64|1.31|2,47,55,4|9|-3|-2|31|11|28|7|47|35|55|47,15.20,6|8|4|-9|6|5|10|12|14|11|19|20,,2.3|2.1|2.1|2.17|2.12|2.12|2.44|2.3,0.11|0|0|0.05|0.08|0.15|0.22|0.62,22|8|2|-2|9|17|15|56|49|59|30|62,138|143|144|127|167|159|188|218|237|209|269|287,1|3|12|-12|7|8|17|19|27|22|55|43
Cellecor Gadgets,https://www.screener.in/company/CELLECOR/,667 Cr.,30.0,43.8 / 21.8,16.8,9.27,0.00 %,22.6 %,22.0 %,1.00,2.01,4.10,7.47 %,0.00 %,5.51 %,5.29 %,3.07 %,3.01 %,69.7 %,70.0 %,-71.0 %,61.5 %,0.00 %,0.69,-3.22 %,0.00 Cr.,0.00 Cr.,0.00 Cr.,Consumer Discretionary,Consumer Durables,Consumer Durables,Consumer Electronics,20,20,16,15,30.64|42.73|0.33|0.43|0.7|0.75|0.89|0.91,1,-34,0|0|-21|-102|-34|1,4.86,2.5|4.8|6|5|6,,4.41|0.77|0.02|2.92|3.27|8.78|8.72|16.19,6.05|3.91|2.14|1.54|0.28|0|0|0,0|0|0|0|0|0,0|121|264|500|1026|1292,0|2|8|16|31|40
Kaycee Inds.,https://www.screener.in/company/504084/,256 Cr.,807,"1,273 / 632",53.9,105,0.25 %,22.6 %,15.9 %,10.0,2.58,18.9,0.00 %,0.00 %,13.1 %,16.3 %,8.28 %,11.1 %,12.9 %,12.5 %,10.4 %,45.0 %,0.00 %,0.02,0.00 %,0.63 Cr.,0.63 Cr.,0.52 Cr.,Industrials,Capital Goods,Electrical Equipment,Other Electrical Equipment,1.16,0.86,1.23,1.50,4.85|3.06|5.89|4.41|4.73|3.88|2.71|3.66,4.54,5.86,-0.99|0.47|0.9|-0.05|2.6|0.67|1.13|0.73|1.76|6.17|5.86|4.54,12.65,-3.43|0.22|0.6|7.84|3.76|10.29|5.37|8.44|11.46|13.96|16.29|13.12,,,0.02|0.02|0.02|0.02|0.02|0.02|0.02|0.02,-2.76|-11.25|4.85|5.58|4.67|13.7|22.24|16.84|10.83|14.03|10.78|12.73,21.86|22.39|23.44|24.87|25.02|23.43|22.7|29.15|41.52|48.56|52.97|59.75,-1.14|-0.28|0.65|1.13|1.35|1.38|0.85|1.87|3.49|4.49|5.88|4.98
Vision Infra,https://www.screener.in/company/VIESL/,976 Cr.,393,418 / 202,14.8,107,0.13 %,22.6 %,30.8 %,10.0,1.05,3.38,0.01 %,0.08 %,25.8 %,26.5 %,10.8 %,6.40 %,19.0 %,%,%,%,0.00 %,1.44,-0.57 %,0.00 Cr.,1.23 Cr.,Cr.,Services,Services,Commercial Services & Supplies,Diversified Commercial Services,44,22,19,15,3.32|5.97|7.86|8.77|18.02,177,18,29|18|177,23.25,16|25|26|26,,3|0.73|0.6|0.6|0.61,6.54|3.43|2.42|2.83|2.91,0|4|0,360|69|443|607,0|6|34|66
Milkfood,https://www.screener.in/company/MLKFOOD/,204 Cr.,79.8,96.0 / 44.0,4.51,92.0,0.78 %,22.5 %,22.1 %,5.00,1.69,5.56,0.00 %,0.00 %,1.54 %,5.28 %,10.7 %,0.97 %,-4.05 %,67.2 %,55.5 %,71.1 %,0.00 %,0.49,-2.67 %,0.00 Cr.,3.05 Cr.,1.11 Cr.,Fast Moving Consumer Goods,Fast Moving Consumer Goods,Food Products,Dairy Products,0.22,51.41,1.41,-7.86,0.37|0.26|0.99|-0.28|-3.22|0.58|21.09|0.09,-105,19,6|40|27|27|34|20|13|14|-30|20|19|-105,4.02,4.3|6|5|5|5|4.5|5|4.1|5|4.5|5|1.5,,1|0.14|0|0|0|0|0|0,0.02|0.02|0.02|0.02|0.02|0.02|0.02|0.02,0|0|0|0|0|0|0|0|13|18|67|0,371|373|389|491|531|551|368|316|467|437|448|413,1|1|-1|8|10|8|2|3|10|7|5|44
Mishtann Foods,https://www.screener.in/company/539594/consolidated/,334 Cr.,3.10,5.86 / 2.97,1.88,12.1,0.00 %,22.5 %,23.3 %,1.00,2.44,122,0.00 %,0.00 %,23.2 %,24.6 %,22.8 %,24.2 %,21.0 %,74.1 %,71.6 %,%,0.00 %,0.05,0.00 %,0.00 Cr.,0.00 Cr.,Cr.,Fast Moving Consumer Goods,Fast Moving Consumer Goods,Food Products,Packaged Foods,0.49,0.04,81.53,95.45,0.99|0.68|0.77|0.77|0.89|0.76|0|0,-66,-73,-6|-18|-5|-20|-3|-54|-73|-66,18.36,0.4|2|2.1|2.8|2.8|13|28|25|23,,5.63|1.46|1.37|0|0|0|0|0,,0|0|0|0|1|0|0|0|0,5|3|121|258|491|650|1288|1375|1153,0|0|0|1|6|50|346|333|263
Tinna Rubber,https://www.screener.in/company/TINNARUBR/consolidated/,"1,835 Cr.","1,019","1,322 / 527",29.8,167,0.32 %,22.5 %,22.1 %,10.0,1.12,8.83,0.13 %,-1.44 %,17.3 %,15.2 %,9.73 %,9.37 %,22.4 %,35.6 %,33.3 %,235 %,0.00 %,0.43,-0.37 %,5.86 Cr.,6.85 Cr.,5.80 Cr.,Industrials,Capital Goods,Industrial Products,Rubber,21,17,13,12,7.08|4.76|6.82|6.52|6.53|7.11|9.18|11.42,57,36,-5|12|7|15|20|17|21|19|32|59|36|57,15.60,7|4.2|2.7|10|12|7|13|16|13|17|15|17,,1.25|0.65|0.64|0.66|0.59|0.52|0.36|0.49,0.05|0.93|1.06|5.9|5.84|5.76|5.62|4.18,29|16|0|0|0|0|0|20|20|21|14|11,349|530|69|100|130|123|130|229|295|363|505|542,6|2|-9|-5|0|-5|0|17|22|40|48|53
Q-Line Biotech,https://www.screener.in/company/QLINE/consolidated/,"1,626 Cr.",697,735 / 431,28.8,,0.00 %,22.5 %,25.9 %,10.0,1.64,4.79,%,%,28.7 %,23.8 %,16.5 %,14.4 %,23.2 %,20.7 %,-44.6 %,%,0.00 %,0.92,%,0.00 Cr.,0.00 Cr.,Cr.,Healthcare,Healthcare,Healthcare Equipment & Supplies,Medical Equipment & Supplies,,,34,9,56.13|21.14,16,-1,25|-24|-1|16,22.50,18|19|24|29,,1.67,10.14,0|0|0|0,183|203|314|342,32|34|28|56
Uday Jewellery,https://www.screener.in/company/UDAYJEW/,518 Cr.,152,184 / 112,15.5,61.7,0.33 %,22.4 %,22.8 %,10.0,2.14,6.64,0.00 %,0.00 %,6.84 %,5.69 %,4.93 %,3.78 %,60.1 %,55.6 %,35.1 %,32.2 %,0.00 %,0.78,-0.55 %,1.68 Cr.,0.00 Cr.,0.34 Cr.,Consumer Discretionary,Consumer Durables,Consumer Durables,"Gems, Jewellery And Watches",11,11,6,6,1.22|2.01|0.79|4.4|2.46|2.58|3.17|3.13,-107,-18,-6|-1|-5|-7|-9|-2|-1|-14|2|12|-18|-107,7.00,4.5|4.5|3.5|5|7|11|8|7|8|7|6|7,,,,0|0|0|0|0|0|0|0|0|0|0|5,25|32|45|72|73|92|93|122|177|173|287|726,1|2|1|2|3|7|6|6|10|9|11|36
CLN Energy,https://www.screener.in/company/544347/,498 Cr.,472,599 / 260,24.2,109,0.00 %,22.4 %,19.6 %,10.0,1.65,4.37,0.00 %,0.32 %,10.8 %,11.6 %,5.94 %,5.76 %,39.0 %,186 %,62.6 %,%,0.00 %,0.81,0.00 %,0.00 Cr.,0.00 Cr.,0.00 Cr.,Consumer Discretionary,Automobile and Auto Components,Auto Components,Auto Components & Equipments,12,9,8,5,6.06|7.86|8.12|11.36,-46,-67,8|15|4|-67|-46,10.40,5|10|14|12|11,,12.6|12.6|12.6,1.9|1.56|1.88,0|0|0|0|0,122|129|133|219|346,4|1|10|13|21
Nila Infrastruct,https://www.screener.in/company/NILAINFRA/consolidated/,261 Cr.,6.63,11.6 / 5.90,10.4,4.76,0.00 %,22.3 %,12.9 %,1.00,1.10,10.7,-0.06 %,0.03 %,10.0 %,8.96 %,7.04 %,8.21 %,41.0 %,302 %,302 %,105 %,0.00 %,0.13,0.00 %,0.00 Cr.,0.00 Cr.,0.00 Cr.,Consumer Discretionary,Realty,Realty,"Residential, Commercial Projects",8.44,5.85,4.65,6.08,0.13|0.12|0.14|0.17|0.15|0.12|0.15|0.21,-26,60,-76|-11|34|3|-18|29|18|64|58|65|60|-26,7.28,18|15|14|18|17|12|10|9|2.4|6|9|10,,1.36|0.6|0.57|0.49|0.35|0.28|0.34|0.28,0|0|0|0|0|0|0|0.03,31|29|29|22|0|0|0|0|0|0|0|0,124|183|195|202|214|244|97|83|115|185|247|323,12|14|15|20|20|16|-1|-2|0|11|20|23
Basilic Fly Stud,https://www.screener.in/company/BASILIC/consolidated/,450 Cr.,178,419 / 164,9.35,132,0.00 %,22.3 %,19.0 %,10.0,2.49,6.74,-0.03 %,0.02 %,20.9 %,21.3 %,13.0 %,16.2 %,73.1 %,22.6 %,7.40 %,%,21.5 %,0.32,0.00 %,0.00 Cr.,0.00 Cr.,0.00 Cr.,Consumer Discretionary,"Media, Entertainment & Publication",Entertainment,Media & Entertainment,6.70,15.40,8.90,14.43,2.53|3.73|7.19|4.39|5.79|4.12|5.38|2.57,23,10,1|11|-28|10|23,29.00,6|49|48|21|21,,0.26|0.28|0.28|0.24|3.43|3.4|3.51|3.48,0.01|0.01|0.01|0.02|2.76|2.17|1.42|1.44,0|0|0|0|0,25|79|103|304|408,1|28|37|46|51
TPL Plastech,https://www.screener.in/company/TPLPLASTEH/,510 Cr.,65.3,90.3 / 50.0,16.9,21.6,1.99 %,22.3 %,18.4 %,2.00,2.08,8.62,-0.03 %,0.00 %,11.4 %,11.6 %,6.88 %,6.76 %,16.0 %,24.4 %,24.4 %,29.4 %,0.00 %,0.11,0.00 %,10.1 Cr.,7.80 Cr.,6.40 Cr.,Industrials,Capital Goods,Industrial Products,Packaging,6.54,8.06,8.69,6.85,0.69|0.89|0.88|0.7|0.88|1.11|1.03|0.84,,16,9|33|3|6|9|31|21|23|-2|29|16,11.60,10|12|12|13|12|11|12|12|11|12|12|11,,0.26|0.03|0|0.02|0|0.45|0.5|0.47,0.08|0.08|0.08|0.08|0.08|0.08|0.04|0.04,20|23|21|22|24|26|34|23|29|31|33|35,182|178|180|192|219|209|170|229|271|313|349|423,8|9|11|12|11|11|8|13|16|20|24|29
Ahm. Steelcraft,https://www.screener.in/company/522273/,239 Cr.,158,238 / 84.0,14.2,87.2,0.00 %,22.2 %,16.8 %,10.0,2.51,112,0.00 %,0.00 %,11.5 %,7.03 %,8.42 %,6.00 %,364 %,213 %,114 %,88.8 %,0.00 %,0.03,0.00 %,0.00 Cr.,0.00 Cr.,0.00 Cr.,Industrials,Capital Goods,Industrial Products,Iron & Steel Products,1.50,3.21,4.61,7.46,3.74|13.91|3.62|2.23|4.94|3.05|2.13|0.99,-22,-77,1|-3|1|-3|-1|-2|-1|-1|-2|-1|-77|-22,-163.60,-143|-28|-29|-12|-11|-23|-63|-171|-56|-609|7|11,,,,0|37|-2045|102|16|0|0|0|0|0|0|0,3|3|4|9|10|7|2|1|2|1|172|221,-2|1|0|0|1|-1|0|-1|-1|-2|11|19
Aryaman Fin.Serv,https://www.screener.in/company/ARYAMAN/consolidated/,771 Cr.,629,875 / 480,26.0,131,0.00 %,22.2 %,20.4 %,10.0,15.4,186,0.00 %,0.00 %,56.8 %,49.0 %,45.2 %,38.3 %,14.9 %,96.1 %,93.1 %,105 %,0.00 %,0.00,0.00 %,0.00 Cr.,0.00 Cr.,0.00 Cr.,Financial Services,Financial Services,Finance,Non Banking Financial Company (NBFC),14,6,9,10,4.52|12.19|6.83|8.2|6.57|5.63|3.75|8.27,34,50,1|0|6|-7|-17|-5|14|17|11|26|50|34,,,,,0.01|0.01|0.01|0.01|0.01|0.01|0.01|0.01,0|0|0|0|0|0|0|0|0|0|0|0,,0|1|2|3|2|1|1|8|5|28|45|38
Paradeep Pari.,https://www.screener.in/company/544383/,474 Cr.,298,303 / 125,15.4,102,0.00 %,22.2 %,21.4 %,10.0,2.06,8.30,-0.27 %,-1.07 %,13.3 %,12.7 %,7.97 %,7.20 %,24.0 %,67.4 %,-46.3 %,%,0.00 %,0.41,0.00 %,0.00 Cr.,0.00 Cr.,0.00 Cr.,Services,Services,Transport Services,Logistics Solution Provider,14,16,19,5,4.57|11.94|10.31|9.03,18,8,-10|18|7|8|18,13.40,11|13|17|13|13,,3.69|0.65|0.38,9.06|3.37|2.3,0|0|0|0|0,188|202|211|336|386,3|7|15|24|31
Tuticorin Alkali,https://www.screener.in/company/TUTIALKA/,689 Cr.,56.6,75.5 / 41.5,20.6,14.8,0.00 %,22.2 %,22.7 %,10.0,0.42,5.55,0.00 %,0.00 %,18.6 %,20.3 %,10.8 %,11.1 %,-12.9 %,-28.7 %,-28.7 %,21.4 %,0.00 %,0.66,0.00 %,0.00 Cr.,0.00 Cr.,0.00 Cr.,Commodities,Chemicals,Chemicals & Petrochemicals,Commodity Chemicals,6.73,8.02,9.15,9.56,1.14|0.4|0.59|0.81|0.78|0.75|0.66|0.55,124,-8,16|40|31|8|9|3|6|9|14|13|-8|124,11.80,-10|-10|-23|-30|-19|-14|-83|-20|16|24|20|19,,5.89|0.96|1.16|1.29|1.37|1.37|1.37|1.37,,0|0|0|0|0|0|0|0|0|0|0|0,132|157|133|134|175|157|66|175|511|320|309|338,-17|34|-35|-45|-38|-24|-58|-34|101|70|62|37
NDR Auto Compon.,https://www.screener.in/company/NDRAUTO/consolidated/,"1,727 Cr.",726,"1,114 / 605",26.4,150,0.55 %,22.2 %,18.9 %,10.0,1.22,26.1,0.00 %,0.01 %,11.0 %,10.3 %,7.60 %,7.43 %,27.9 %,29.5 %,29.5 %,49.0 %,0.00 %,0.17,0.00 %,9.52 Cr.,6.54 Cr.,5.00 Cr.,Consumer Discretionary,Automobile and Auto Components,Auto Components,Auto Components & Equipments,16,18,15,15,5.02|5.63|6.89|5.72|6.24|6.39|7.76|6.9,37,84,3|-2|1|48|27|84|37,8.80,-0.7|6|6|8|9|10|11,,0.12|0|0.06|0.07|0.18|0.05|0.08|0.08,0|0|0|0.17|0|0|0|0.01,0|7|10|11|12|12|15,97|114|233|393|602|713|823,7|9|15|28|39|53|62
Modi Naturals,https://www.screener.in/company/MODINATUR/consolidated/,478 Cr.,359,526 / 252,9.83,129,0.00 %,22.2 %,30.2 %,10.0,1.66,8.18,0.00 %,0.00 %,10.3 %,8.47 %,6.17 %,4.68 %,19.8 %,248 %,243 %,38.6 %,0.00 %,0.94,0.00 %,0.00 Cr.,0.00 Cr.,0.00 Cr.,Fast Moving Consumer Goods,Fast Moving Consumer Goods,Agricultural Food & other Products,Other Agricultural Products,12,20,10,10,5.7|5.88|6.13|7.88|7.57|7.55|14.78|9.39,61,49,9|-13|-6|-7|49|61,4.96,2.9|3.2|1.3|2.3|8|10,,,0|0|0|0|0|0|0|0,0|0|0|0|0|0,443|474|418|399|663|719,11|9|1|-1|31|50
All E Tech,https://www.screener.in/company/ALLETEC/consolidated/,251 Cr.,124,290 / 116,9.85,83.6,1.21 %,22.1 %,17.0 %,10.0,5.22,827,-0.21 %,-0.48 %,17.9 %,22.0 %,19.3 %,20.8 %,16.3 %,31.8 %,31.8 %,-29.4 %,0.00 %,0.00,0.04 %,3.03 Cr.,3.03 Cr.,6.62 Cr.,Information Technology,Information Technology,IT - Software,Computers - Software & Consulting,5.06,5.85,6.18,7.38,3.31|3.57|5|3.13|3.65|3.06|2.9|2.51,17,22,-3|12|9|14|16|22|17,17.40,2.8|17|16|14|17|22|18,,0.16|0.22|1.59|1.77|0.87|0.66,0|0.11|0.37|1.01|1.01|0.53,0|0|268|17|10|10|12,54|61|70|88|116|140|138,2|10|8|12|20|30|26
Pervasive Comm.,https://www.screener.in/company/517172/,934 Cr.,10.4,10.4 / 1.26,,1.00,0.00 %,22.1 %,22.1 %,1.00,6.95,-2.25,0.00 %,0.00 %,37.2 %,0.30 %,38.1 %,0.30 %,%,319 %,27.6 %,12.7 %,0.00 %,0.00,0.00 %,0.00 Cr.,0.00 Cr.,0.00 Cr.,Services,Services,Commercial Services & Supplies,Trading & Distributors,0.01,14.72,0.79,-15.65,2.3|1.5|-6|0|-0.17|0.01|0.16|0,-37.21,-28.21,-0.15|-0.35|0|0.06|0.01|-0.09|-0.14|0.13|-0.08|0|-28.21|-37.21,10.00,-112.5|-50|3.15|0|-1.48|-0.58|-0.18|13.28|0.3|37.2,,,9.09|9.09|9.09|9.09|9.09|0.01|0.01|0.01,0|0|5|0|10|0|0|0|0|0|0,0.16|0.34|1.27|2.8|3.37|0|3.42|11.17|0|1.28|30.26|43.06,-0.21|-0.17|0.04|0.02|0.01|0|0.01|-0.03|-0.23|0.14|0.09|-0.04
Jaro Institute,https://www.screener.in/company/JARO/,"1,036 Cr.",465,890 / 384,18.3,163,1.07 %,22.1 %,16.5 %,10.0,8.33,41.4,-0.03 %,-2.16 %,26.5 %,32.8 %,16.0 %,20.5 %,30.9 %,56.2 %,37.3 %,58.7 %,0.00 %,0.02,4.15 %,6.53 Cr.,2.02 Cr.,1.71 Cr.,Consumer Discretionary,Consumer Services,Other Consumer Services,E-Learning,11,21,7,17,9.94|-1.92|8.99|3.72|7.68|3.17|9.62|5.02,57,-23,2|2|3|-17|-23|57,24.80,7|12|13|20|32|33|26,,2.89|1.94|0.78|0.75,10.89|7.49|4.87|2.71,0|0|0|0|0|4|12,45|43|79|122|199|252|274,5|3|6|12|41|52|53
Purple United,https://www.screener.in/company/PURPLEUTED/,432 Cr.,450,588 / 244,28.5,78.8,0.00 %,22.0 %,22.3 %,10.0,1.42,3.10,0.00 %,0.00 %,20.9 %,20.1 %,8.90 %,10.2 %,88.0 %,117 %,74.4 %,20.0 %,0.00 %,1.28,0.00 %,0.00 Cr.,0.00 Cr.,0.00 Cr.,Consumer Discretionary,Textiles,Textiles & Apparels,Garments & Apparels,10,5,7,3,4.7|7.47|5.26|10.55,-9,-23,23|1|4|-11|-23|-9,18.40,-9|14|15|22|20|21,,5.5|0|0|0,1.99|1.78|0|0,0|0|0|0|0|0,15|17|26|43|103|171,-3|2|1|4|10|15
PNGS Reva Diamo.,https://www.screener.in/company/PNGSREVA/,"1,571 Cr.",496,644 / 324,18.6,163,0.00 %,22.0 %,21.0 %,10.0,3.61,11.6,-0.84 %,-2.94 %,21.6 %,15.4 %,14.7 %,10.2 %,30.2 %,7.73 %,%,%,0.00 %,0.33,1.68 %,0.00 Cr.,0.00 Cr.,Cr.,Consumer Discretionary,Consumer Durables,Consumer Durables,"Gems, Jewellery And Watches",27,21,23,13,5|9.78|3.41|5.8|10.57|6.75|8.58,-105,21,40|18|21|-105,25.25,35|29|15|22,,5.27|4.43,13.11|10.17,0|0|0|0,199|196|64|439,52|42|7|65
Ravinder Heights,https://www.screener.in/company/RVHL/consolidated/,242 Cr.,39.5,63.8 / 28.5,5.07,59.0,0.00 %,22.0 %,16.2 %,1.00,12.5,437,0.00 %,0.00 %,83.0 %,"-6,873 %",65.0 %,-446 %,84.1 %,102 %,102 %,64.1 %,0.00 %,0.00,0.00 %,0.00 Cr.,0.00 Cr.,0.00 Cr.,Consumer Discretionary,Realty,Realty,"Residential, Commercial Projects",-1.69,-2.94,12.48,39.87,-0.01|-0.19|-0.15|-0.08|6.5|2.04|-0.48|-0.28,36,-8,7|4|0|7|-9|-8|36,-2518.40,-15750|-9933|21|-1437|-1326|83,,0.04|0.05|0.04|0.04|0.03|0|0|0,,0|0|0|0|0|0|0,0|0|0|12|1|0|75,-25|-5|0|6|-2|-3|49
RMC Switchgears,https://www.screener.in/company/RMC/consolidated/,241 Cr.,228,828 / 194,11.9,123,0.00 %,22.0 %,18.8 %,10.0,1.32,3.19,0.01 %,0.09 %,11.7 %,16.4 %,5.57 %,9.61 %,47.5 %,23.8 %,22.7 %,%,0.00 %,0.81,0.00 %,0.00 Cr.,0.00 Cr.,Cr.,Industrials,Capital Goods,Electrical Equipment,Other Electrical Equipment,2.08,9.26,-7.07,4.08,9.33|3.88|-6.7|8.78|1.98,-12,12,0|3|0|8|12|-12,15.80,11|10|21|20|16|12,,2.69|3.38|3.88|5.05|4.83|2.7|2.69|2.7,0.83|0.91|0.88|0.8|1.01|0.39|0.39|0.48,0|0|0|1|0|0,83|132|125|172|318|402,3|4|12|15|31|22
RBZ Jewellers Lt,https://www.screener.in/company/RBZJEWEL/,692 Cr.,173,205 / 100,12.2,75.0,0.00 %,22.0 %,20.1 %,10.0,2.99,5.87,0.03 %,-0.06 %,14.5 %,12.2 %,8.61 %,7.32 %,30.3 %,34.8 %,22.5 %,-10.3 %,0.00 %,0.57,0.00 %,0.00 Cr.,0.00 Cr.,0.00 Cr.,Consumer Discretionary,Consumer Durables,Consumer Durables,"Gems, Jewellery And Watches",9.09,11.68,17.43,18.56,2.02|3.27|2.14|1.78|4.64|4.36|2.92|2.27,-7,-15,6|-3|1|-11|-49|-15|-7,12.60,6|19|11|13|12|12|15,,1.02|0.9|0.59|0.5|0.24|0|0|0.03,1.72|1.89|1.58|0.1|0.08|0.06|0.07|0.01,0|0|0|0|0|0|0,182|107|252|288|327|530|636,3|10|14|22|22|39|55
IC Electricals,https://www.screener.in/company/ICELCO/consolidated/,227 Cr.,124,183 / 113,16.2,,0.00 %,22.0 %,24.7 %,10.0,1.46,3.33,%,%,18.9 %,16.1 %,9.79 %,7.72 %,%,%,%,%,0.00 %,1.19,%,0.00 Cr.,0.00 Cr.,Cr.,Industrials,Capital Goods,Industrial Manufacturing,Industrial Products,,,,,,-11,-10,-1|-10|-11,16.00,13|16|19,,2,7.09,0|0|0,99|122|143,5|9|14
SBEC Sugar,https://www.screener.in/company/532102/consolidated/,310 Cr.,65.1,88.8 / 26.8,5.76,35.1,0.00 %,21.9 %,33.7 %,10.0,0.44,2.13,0.00 %,0.00 %,-0.88 %,6.33 %,3.40 %,-2.95 %,-5.91 %,60.0 %,60.0 %,22.5 %,0.00 %,1.63,0.00 %,0.00 Cr.,0.00 Cr.,0.00 Cr.,Fast Moving Consumer Goods,Fast Moving Consumer Goods,Agricultural Food & other Products,Sugar,9.15,90.59,-17.30,-28.58,-6.36|-4.68|9.73|-5.47|-6|-3.63|19.01|1.92,-27,70,84|31|-12|56|-177|46|79|99|68|-47|70|-27,3.86,-4.4|2.7|-3.2|-10|-4.4|8|2.6|4.1|3.1|7|6|-0.9,,2.01|2.01|2.01|2.01|2.01|0|0|0,0|0|0|0|0|2.01|2.01|2.01,0|0|0|0|0|0|0|0|0|0|0|0,435|399|309|486|417|482|580|614|658|655|630|548,-28|3|-44|-85|-51|1|-27|-9|-10|-3|-19|19
Patel Chem,https://www.screener.in/company/544460/,251 Cr.,101,114 / 56.1,20.0,40.0,0.00 %,21.8 %,18.6 %,10.0,2.67,18.3,-1.78 %,-0.11 %,12.4 %,14.6 %,9.15 %,10.1 %,25.5 %,63.2 %,%,%,0.00 %,0.15,0.28 %,0.00 Cr.,0.00 Cr.,0.00 Cr.,Commodities,Chemicals,Chemicals & Petrochemicals,Specialty Chemicals,6,6,5,5,2.99|2.46|2.58,10,2,-24|2|2|6|2|10,11.20,6|7|8|14|15|12,,8.19|6.41,1.81|1.7,0|0|0|0|0|0,42|60|69|82|105|137,1|2|3|8|11|13
Laxmipati Engg,https://www.screener.in/company/537669/,253 Cr.,440,585 / 209,,61.9,0.00 %,21.8 %,-3.58 %,10.0,1.78,4.70,0.00 %,0.00 %,17.5 %,20.1 %,-1.10 %,13.0 %,67.9 %,22.4 %,22.4 %,13.5 %,0.00 %,0.47,0.00 %,0.00 Cr.,0.00 Cr.,0.00 Cr.,Industrials,Capital Goods,Industrial Manufacturing,Ship Building & Allied Services,24,3,6,0,-5.88|-2.33|0.21|1.13|0.16|11.14|5.01|42,5,2,1|0|0|-1|-2|2|-5|5|-3|3|2|5,13.20,36|25|16|-67|18|16|-25|15|-2|15|20|18,,,,0|0|0|0|0|0|0|0|0|0|0|0,3|3|2|1|11|21|19|28|15|40|50|72,1|0|0|-1|1|2|-7|0|-5|1|6|27
U P Hotels,https://www.screener.in/company/UPHOT/,810 Cr.,"1,500","1,800 / 1,294",25.6,395,0.00 %,21.7 %,16.2 %,10.0,1.94,"2,124",0.00 %,0.00 %,26.4 %,27.6 %,19.7 %,19.1 %,7.33 %,10.9 %,10.9 %,43.3 %,0.00 %,0.00,0.00 %,0.00 Cr.,0.00 Cr.,0.00 Cr.,Consumer Discretionary,Consumer Services,Leisure Services,Hotels & Resorts,2.70,14.37,16.60,-1.99,2.19|31.56|22.65|6.04|-3.69|30.74|26.61|5,76,36,8|12|10|11|13|5|-1|5|53|-4|36|76,25.80,11|15|12|8|11|6|-20|17|27|31|28|26,,,,20|14|0|0|0|0|0|0|0|0|0|0,78|87|88|94|105|98|33|72|131|147|153|162,3|4|4|3|7|4|-8|7|23|32|30|32
AMPL Capital,https://www.screener.in/company/539598/consolidated/,212 Cr.,34.5,42.4 / 24.4,9.01,22.3,0.00 %,21.6 %,23.6 %,2.00,1.62,8.16,-5.18 %,0.00 %,74.8 %,-18.6 %,57.4 %,-39.2 %,30.8 %,54.8 %,46.5 %,%,0.00 %,0.76,0.00 %,0.00 Cr.,0.00 Cr.,0.07 Cr.,Financial Services,Financial Services,Finance,Non Banking Financial Company (NBFC),-1.18,0.01,17.59,7.13,-0.06|-0.02|0.64|0.06|1.39|3.42|0|-0.19,-20,-11,-6|-24|-18|-11|-20,,,,0.29|0.29|0.29|0.29|0.29|0.29|15.86|10.68,,0|5|0|0|0,,1|7|1|-7|25
Sahaj Solar,https://www.screener.in/company/SAHAJSOLAR/consolidated/,201 Cr.,91.6,250 / 90.0,6.81,62.9,0.55 %,21.6 %,24.0 %,10.0,1.28,4.69,-0.02 %,-0.13 %,12.4 %,12.8 %,7.23 %,8.49 %,31.3 %,67.4 %,49.7 %,82.0 %,0.00 %,1.27,0.00 %,0.00 Cr.,0.00 Cr.,0.00 Cr.,Industrials,Capital Goods,Electrical Equipment,Other Electrical Equipment,25,5,23,5,1.17|7.03|2.14|10.38|2.33|11.12,-78,-47,4|-2|10|-35|-47|-78,9.80,5|6|6|12|13|12,,1.11|0.03|0.03|0.03|0.01,4.02|1.82|1.82|1.25|1.12,0|0|0|0|0|0,62|67|185|201|330|419,1|1|6|13|28|30
B-Right Real,https://www.screener.in/company/543543/consolidated/,924 Cr.,894,"1,011 / 260",26.7,171,0.00 %,21.6 %,21.8 %,10.0,1.83,9.49,-0.04 %,0.00 %,39.1 %,12.6 %,26.7 %,6.79 %,114 %,177 %,177 %,55.7 %,31.8 %,1.06,0.00 %,0.00 Cr.,0.00 Cr.,0.00 Cr.,Consumer Discretionary,Realty,Realty,"Residential, Commercial Projects",33,12,4,0,1.3|0.55|1.14|1.23|0.55|1.08|3.45|30.63,10,-21,-74|-4|4|35|-44|-21|10,28.80,64|-13|46|22|24|13|39,,0|0|0|0|0.8|1.4|1.4|1.36,,0|0|0|0|0|0|0,0|0|1|17|41|103|168,1|1|1|3|5|4|46
Ginni Filaments,https://www.screener.in/company/GINNIFILA/,363 Cr.,42.4,57.9 / 31.5,10.3,27.5,0.00 %,21.6 %,18.8 %,10.0,2.69,13.6,-0.15 %,0.00 %,18.2 %,6.53 %,11.1 %,1.13 %,-0.21 %,69.3 %,69.3 %,-1.10 %,17.4 %,0.17,0.00 %,0.00 Cr.,0.00 Cr.,0.00 Cr.,Consumer Discretionary,Textiles,Textiles & Apparels,Other Textile Products,9.05,7.13,9.04,10.26,0.01|-0.08|0.56|1.24|1.2|1.06|0.83|1.06,61,10,81|80|85|35|56|12|114|-1|119|43|10|61,10.20,10|9|10|8|6|8|14|10|10|6|7|18,,0.04|0.13|0.02|0.26|0.14|0.24|0.17|0.02,,0|0|0|0|0|0|0|0|0|0|0|0,848|750|765|703|809|788|778|1084|371|351|374|369,8|4|16|3|-3|6|41|48|-14|-84|4|37
Baheti Recycling,https://www.screener.in/company/BAHETI/,811 Cr.,776,881 / 478,30.0,89.7,0.00 %,21.6 %,35.4 %,10.0,1.28,2.66,-0.14 %,0.00 %,8.42 %,7.76 %,3.73 %,3.42 %,26.5 %,72.3 %,71.9 %,83.2 %,0.00 %,2.47,-0.56 %,0.00 Cr.,0.00 Cr.,0.10 Cr.,Industrials,Capital Goods,Industrial Products,"Aluminium, Copper & Zinc Products",18,9,11,7,-14.86|16|2.85|4.1|6.77|10.6|8.94|17.03,-36,-23,0|-1|3|5|-1|3|-22|-11|-23|-36,5.48,3.4|2.5|2.6|3.4|3.3|3|3.7|4.7|8|8,,0|0|0|0|0|0.18|0.04,,0|0|0|0|0|0|0|7|0|0,72|117|148|106|127|248|358|429|524|724,0|0|0|0|0|3|5|7|18|27
Menon Pistons,https://www.screener.in/company/MENNPIS/consolidated/,376 Cr.,73.8,85.9 / 46.2,14.3,34.8,1.36 %,21.5 %,15.4 %,1.00,2.15,11.7,0.00 %,0.03 %,15.4 %,17.7 %,8.49 %,9.40 %,6.55 %,6.80 %,6.80 %,%,0.00 %,0.03,0.00 %,5.10 Cr.,5.10 Cr.,4.84 Cr.,Consumer Discretionary,Automobile and Auto Components,Auto Components,Auto Components & Equipments,8.23,4.44,6.43,6.95,1.32|1.14|0.83|1.52|1.36|1.26|0.87|1.61,51,39,1|49|22|39|51,16.80,16|17|18|18|15,,0.04|0.04|0.03|0.03|0|0|0|0,0|0|0|0|0|0|0|0.03,20|22|19|21|20,212|251|256|254|304,19|23|26|24|26
Supreme Power,https://www.screener.in/company/SUPREMEPWR/,518 Cr.,207,291 / 131,24.8,47.3,0.00 %,21.5 %,19.4 %,10.0,1.15,12.1,0.48 %,-0.06 %,15.1 %,15.7 %,10.8 %,12.8 %,36.0 %,23.7 %,-68.9 %,3.70 %,0.00 %,0.39,0.00 %,0.00 Cr.,0.00 Cr.,0.00 Cr.,Industrials,Capital Goods,Electrical Equipment,Other Electrical Equipment,4.90,3.38,4.96,4.45,1.17|1.36|1.49|1.27|1.78|1.98|1.35|1.96,28,37,0|0|6|-1|5|-6|37|28,14.20,7|6|4.6|8|7|17|16|16|15,,9.21|3.87|0.06|0.06|0.1|0.58,11.31|9.55|9.49|2.84|0.1|0.04,0|0|0|0|0|0|0|0|0,31|35|39|35|47|76|107|145|190,0|0|0|0|1|11|14|19|20
GPT Infraproject,https://www.screener.in/company/GPTINFRA/consolidated/,"1,503 Cr.",119,150 / 96.0,15.3,47.7,2.31 %,21.4 %,17.3 %,10.0,1.56,4.54,0.24 %,0.00 %,13.5 %,11.4 %,7.51 %,6.30 %,16.8 %,46.1 %,42.1 %,34.7 %,50.8 %,0.49,0.00 %,25.3 Cr.,37.9 Cr.,20.8 Cr.,Industrials,Construction,Construction,Civil Construction,24,30,20,21,1.4|1.7|1.92|1.86|1.73|1.59|2.52|1.95,64,29,40|60|84|46|62|57|22|72|119|113|29|64,12.00,15|14|13|13|11|13|14|12|11|12|11|14,,6.7|5.64|3.99|3.55|3.18|2.58|2.72|2.96,6.11|6.85|7.1|7.51|7.56|7.1|7.03|7.03,0|23|20|29|49|29|36|36|46|30|47|26,390|503|502|520|578|618|609|675|809|1018|1188|1290,4|13|18|21|13|13|20|23|30|56|74|97
Prime Fresh,https://www.screener.in/company/540404/consolidated/,225 Cr.,162,324 / 150,15.4,65.6,0.00 %,21.4 %,16.4 %,10.0,5.68,22.9,0.00 %,0.00 %,7.04 %,5.95 %,5.10 %,4.45 %,40.2 %,37.6 %,33.0 %,36.4 %,8.88 %,0.10,-0.04 %,0.00 Cr.,0.00 Cr.,0.14 Cr.,Fast Moving Consumer Goods,Fast Moving Consumer Goods,Agricultural Food & other Products,Other Agricultural Products,4.36,3.24,4.73,3.12,2.02|1.33|1.41|2.07|2.21|3.31|2.05|3.01,-12,-11,4|-7|2|-3|-2|0|-1|-11|-11|-12,6.60,3.9|4.8|5|6|6|6|7|7|6|7,,0.12|0.05|0.05|0|0|0|0|0,0|0|0.51|0.82|0.92|0.9|0.9|0.9,22|0|0|0|0|0|0|10|0|0,24|36|44|50|66|77|99|149|207|274,0|1|1|2|2|3|5|7|9|14
Vinsys IT Serv.,https://www.screener.in/company/VINSYS/consolidated/,855 Cr.,580,611 / 215,28.8,110,0.00 %,21.4 %,20.3 %,10.0,3.14,9.46,2.56 %,-0.19 %,15.9 %,18.8 %,11.3 %,14.2 %,41.4 %,25.6 %,10.5 %,42.9 %,0.00 %,0.32,-3.41 %,0.00 Cr.,0.00 Cr.,0.00 Cr.,Consumer Discretionary,Consumer Services,Other Consumer Services,Education,21,9,19,11,30.9|11.91|5.46|10.14|7.45|13.01|6.02|14.24,-9,13,1|0|20|-11|13|-9,16.40,11|10|20|17|19|16,,5.48|5.23|6.96|6.9|9.45|12.01,2.19|0.95|0.35|0.86|0.59|0.4,0|0|0|0|0|0,20|32|95|170|212|268,0|-1|15|23|30|30
Gujjubhai Industries,https://www.screener.in/company/532070/,227 Cr.,108,271 / 97.0,40.1,19.4,0.00 %,21.4 %,18.5 %,10.0,3.56,9.46,-8.51 %,-2.19 %,6.13 %,6.53 %,4.12 %,4.53 %,65.8 %,31.2 %,-8.45 %,26.0 %,0.00 %,0.16,36.4 %,0.00 Cr.,0.00 Cr.,0.00 Cr.,Fast Moving Consumer Goods,Fast Moving Consumer Goods,Food Products,Packaged Foods,2.10,1.78,0.97,0.75,0.27|1|2.28|2.12|1.06|1.36|0.85|1,-0,-12,0|0|-1|0|0|0|1|0|-3|-2|-12|0,12.20,-250|0|-37|-16|-18|10|45|24|11|13|7|6,,14.76|14.76|12.89|12.89|12.89|12.89|12.89|4.38,0|0|0|0.48|0.48|2.47|2.47|0.28,0|0|0|0|0|0|0|0|0|0|0|0,0|0|1|2|1|0|1|1|28|55|62|127,0|0|0|0|0|0|0|0|2|4|3|5
Namo eWaste,https://www.screener.in/company/NAMOEWASTE/consolidated/,620 Cr.,271,319 / 134,43.2,45.1,0.00 %,21.3 %,15.0 %,10.0,5.81,18.9,-0.23 %,0.63 %,11.6 %,9.02 %,7.37 %,5.69 %,%,%,%,%,0.00 %,0.03,0.00 %,0.00 Cr.,0.00 Cr.,Cr.,Utilities,Utilities,Other Utilities,Waste Management,7,7,3,5,5.99|2.41|2.34|1.36|3.06|3.22,5,-20,3|-20|5,10.67,11|9|12,,3.54|1.08|0.37|0.14,4.56|1.34|0.82|1.45,0|0|0,101|150|195,7|8|14
P.E. Analytics,https://www.screener.in/company/PROPEQUITY/consolidated/,209 Cr.,192,268 / 145,13.3,100,0.00 %,21.3 %,16.1 %,10.0,7.94,,-0.30 %,-0.34 %,30.9 %,27.1 %,33.5 %,29.6 %,17.2 %,14.9 %,14.9 %,%,0.00 %,0.00,-2.74 %,0.00 Cr.,0.00 Cr.,0.00 Cr.,Consumer Discretionary,Realty,Realty,Real Estate related services,8,7,6,7,5.12|4.84|4.86|5.96|6.14|6.15|7.01|7.96,11,9,21|6|5|9|11,34.60,46|39|30|27|31,,4.34|4.19|6.6|10.56|10.55|5.74|2.11|1.81,1.77|0.7|0|0|0.14|0.3|0.34|0,0|0|0|0|0,24|29|40|44|47,9|11|12|13|16
Bhatia Communic.,https://www.screener.in/company/540956/,550 Cr.,39.1,41.6 / 18.0,27.5,9.43,0.10 %,21.3 %,15.2 %,1.00,6.67,11.0,3.24 %,0.02 %,4.16 %,4.49 %,2.84 %,3.13 %,20.0 %,25.4 %,20.7 %,31.9 %,0.00 %,0.08,-1.77 %,0.56 Cr.,0.50 Cr.,0.49 Cr.,Consumer Discretionary,Consumer Services,Retailing,Speciality Retail,6.82,4.55,4.91,3.73,0.29|0.29|0.23|0.29|0.29|0.38|0.32|0.48,2,5,2|-1|6|8|2|-1|8|5|5|2,2.54,-5|-6|-6|-3.1|-4.3|-5|-5|-3.7|3.6|4.1|4.5|4.2,,0.08|0.08|0.08|0.48|0.48|4.3|4.3|7.54,0|0|0|0|0.16|0.35|0.46|0.48,0|0|0|0|0|93|17|12|7|1|4|3,104|90|124|155|165|168|173|233|342|414|442|591,0|0|1|4|5|5|4|5|8|12|14|17
Jasch Gauging,https://www.screener.in/company/544112/,254 Cr.,559,668 / 433,16.8,219,1.79 %,21.3 %,15.7 %,10.0,8.94,187,0.00 %,0.00 %,26.3 %,29.6 %,25.8 %,28.0 %,-4.62 %,-4.48 %,%,%,0.00 %,0.00,0.00 %,4.53 Cr.,3.40 Cr.,1.81 Cr.,Industrials,Capital Goods,Industrial Manufacturing,Industrial Products,3.69,2.98,3.33,5.14,8.1|7.94|9|7.55|11.34|7.35|6.58|8.14,1,6,0|-31|-8|6|1,29.75,31|32|30|26,,,0|0|0|0|0|0|0|0,0|7|23|31,0|66|59|53|57,0|17|16|15|15
BharatRohan Air.,https://www.screener.in/company/544535/,240 Cr.,120,164 / 86.0,22.6,44.0,0.00 %,21.3 %,16.9 %,10.0,10.4,22.8,-3.85 %,0.52 %,17.0 %,28.4 %,12.4 %,33.4 %,136 %,78.9 %,-83.5 %,%,0.00 %,0.04,0.01 %,0.00 Cr.,0.00 Cr.,0.00 Cr.,Fast Moving Consumer Goods,Fast Moving Consumer Goods,Agricultural Food & other Products,Other Agricultural Products,6,5,6,3,2.36|4.23|2.32|2.99,-28,-3,1|-8|-3|-28,17.20,-16|26|31|28|17,,3.85|0,9.39|9.91,0|0|0|0|0,2|6|19|28|85,-1|2|5|9|11
Bai-Kakaji Poly.,https://www.screener.in/company/544670/,642 Cr.,300,329 / 143,29.3,81.8,0.00 %,21.2 %,19.2 %,10.0,1.79,5.12,-0.35 %,-3.33 %,13.6 %,10.4 %,6.21 %,5.59 %,9.02 %,73.8 %,-61.9 %,%,0.00 %,0.18,0.49 %,0.00 Cr.,0.00 Cr.,0.00 Cr.,Consumer Discretionary,Consumer Durables,Consumer Durables,Plastic Products - Consumer,,,,13,6.22,29,-10,7|13|21|-10|29,8.60,7|5|7|10|14,,2.77|2.42,11.09|7.76,0|0|0|0|0,193|273|294|325|353,4|4|9|18|26
Emerald Finance,https://www.screener.in/company/538882/consolidated/,223 Cr.,64.7,97.0 / 45.2,13.9,28.0,0.15 %,21.2 %,16.0 %,10.0,6.45,8.99,0.00 %,0.00 %,74.4 %,70.3 %,48.6 %,41.8 %,39.4 %,60.0 %,52.9 %,54.1 %,0.00 %,0.18,0.00 %,0.35 Cr.,0.52 Cr.,0.35 Cr.,Financial Services,Financial Services,Finance,Non Banking Financial Company (NBFC),4.88,4.35,4.00,3.60,0.63|0.73|0.74|0.92|1.04|1.11|1.17|1.33,-10,-13,0|0|0|0|-5|-4|3|-23|2|-11|-13|-10,,,,9.16|9.78|9.36|5.96|1.74|1.74|1.78|1.78,,0|0|0|0|0|18|6|12|9|7|6|2,,0|0|0|1|1|1|1|2|3|4|9|15
Pradeep Metals,https://www.screener.in/company/PRADPME/consolidated/,783 Cr.,454,596 / 206,23.6,95.1,0.55 %,21.2 %,20.3 %,10.0,1.51,6.60,0.00 %,0.25 %,16.2 %,15.1 %,9.06 %,7.98 %,8.07 %,3.82 %,3.82 %,23.6 %,0.00 %,0.46,0.00 %,4.32 Cr.,4.32 Cr.,3.63 Cr.,Consumer Discretionary,Automobile and Auto Components,Auto Components,Auto Components & Equipments,8.35,10.32,7.06,7.39,3.75|3.83|4.11|3.23|4.28|4.09|5.98|4.83,32,33,0|10|12|14|19|35|25|12|37|32|33|32,15.80,13|8|8|12|14|15|16|16|17|15|15|16,,,0|0|0|0|0|0|0.08|0.33,25|138|0|0|18|23|21|13|13|16|16|14,141|143|132|162|191|195|156|221|268|277|312|338,9|-1|-3|5|9|8|8|20|26|22|27|30
Maruti Interior,https://www.screener.in/company/543464/consolidated/,227 Cr.,37.6,85.0 / 24.4,25.4,7.63,0.00 %,21.2 %,25.6 %,10.0,0.90,13.6,0.00 %,1.23 %,12.8 %,19.0 %,19.8 %,11.1 %,11.6 %,37.1 %,37.1 %,-33.5 %,0.00 %,0.58,-8.27 %,0.00 Cr.,0.00 Cr.,0.23 Cr.,Consumer Discretionary,Consumer Durables,Consumer Durables,Houseware,,0.17,6.88,1.67,0.28|1.14|0.03,5,3,2|-2|3|4|3|5,16.00,20|17|16|15|19|13,,,0|0|0|0|0|0|4.17|5.4,1|0|9|22|0|0,15|28|38|38|44|53,2|3|4|3|5|10
EIH Assoc.Hotels,https://www.screener.in/company/EIHAHOTELS/,"1,849 Cr.",304,403 / 266,20.6,98.9,1.15 %,21.2 %,15.8 %,10.0,0.88,256,-0.02 %,0.00 %,31.0 %,31.4 %,23.5 %,23.6 %,4.42 %,11.5 %,11.5 %,43.8 %,0.00 %,0.01,0.00 %,21.3 Cr.,21.3 Cr.,15.2 Cr.,Consumer Discretionary,Consumer Services,Leisure Services,Hotels & Resorts,6.89,37.63,40.59,2.77,0.34|6.55|7.59|1.01|0.45|6.66|6.18|1.13,100,109,53|66|73|57|60|57|-12|38|91|78|109|100,27.20,29|30|28|26|25|21|-17|17|28|29|31|31,,13.75|13.77|13.7|13.72|13.71|13.7|13.67|13.65,,37|31|32|36|36|0|0|0|24|23|23|24,229|245|264|264|264|249|101|195|337|385|408|384,25|39|43|38|38|38|-27|13|65|81|92|87
Pasupati Acrylon,https://www.screener.in/company/PASUPTAC/,624 Cr.,70.0,79.0 / 40.4,6.50,48.8,0.00 %,21.2 %,17.6 %,10.0,3.24,12.4,-0.07 %,0.02 %,11.0 %,7.21 %,6.96 %,5.69 %,6.85 %,25.1 %,25.1 %,10.3 %,0.00 %,0.25,0.00 %,0.00 Cr.,0.00 Cr.,0.00 Cr.,Commodities,Chemicals,Chemicals & Petrochemicals,Petrochemicals,27,26,26,16,0.31|1.14|1.26|0.2|1.82|2.88|2.95|3.07,52,7,36|22|41|67|59|-2|14|-13|27|73|7|52,6.96,5|10|14|10|6|3.9|12|8|6|2.8|7|11,,0.55|0.53|0.07|0.08|0|0.35|0.47|0.4,0.21|0.21|0.21|0.21|0.21|0.21|0.21|0.23,0|0|0|0|0|0|0|0|0|0|0|0,532|529|461|564|825|663|505|775|828|575|621|1010,15|30|34|28|27|13|43|46|36|13|35|70
Sera Investments,https://www.screener.in/company/512399/,387 Cr.,59.1,61.9 / 31.3,3.77,44.8,0.17 %,21.1 %,18.1 %,2.00,256,123,0.00 %,0.00 %,90.3 %,45.0 %,74.0 %,23.1 %,%,79.7 %,69.9 %,128 %,0.00 %,0.00,-0.46 %,0.66 Cr.,0.00 Cr.,0.26 Cr.,Financial Services,Financial Services,Finance,Non Banking Financial Company (NBFC),50,32,20,1,0.34|-0.81|0.33|0.02|0.14|3.06|4.9|7.57,55,10,0|0|0|-3|0|0|0|-6|-6|-7|10|55,,,,14.68|0|0|16.1|4.12|4.12|4.12|4.12,,0|0|0|0|0|0|0|0|0|4|0|1,,0|0|0|0|0|0|0|-1|-14|18|3|53
Transteel Seatin,https://www.screener.in/company/TRANSTEEL/,200 Cr.,80.2,169 / 71.2,8.99,60.6,0.00 %,21.1 %,19.0 %,10.0,1.70,11.9,-1.05 %,-0.24 %,24.3 %,25.2 %,16.0 %,14.4 %,32.8 %,34.5 %,-60.0 %,26.2 %,0.00 %,0.27,-4.08 %,0.00 Cr.,0.00 Cr.,0.00 Cr.,Consumer Discretionary,Consumer Durables,Consumer Durables,"Furniture, Home Furnishing",12,10,8,5,3.12|3.44|2.3|3.98|4.62|5.54,-8,8,2|6|-4|-42|8|-8,23.40,9|15|27|26|25|24,,1.24|0.02|2.81|8.48|9.93|10.77|10.96|10.13,2.71|0.6|0|0|0|2.35|2.28|2.08,0|0|0|0|0|0,23|28|59|74|88|139,0|2|9|11|13|22
Unicommerce,https://www.screener.in/company/UNIECOM/consolidated/,935 Cr.,83.2,153 / 78.5,44.0,17.2,0.00 %,21.1 %,15.6 %,1.00,1.21,34.6,-0.13 %,-1.45 %,17.3 %,19.7 %,10.0 %,12.8 %,%,%,%,%,0.00 %,0.05,0.00 %,0.00 Cr.,0.00 Cr.,Cr.,Information Technology,Information Technology,IT - Software,Software Products,4.68,3.40,7.39,5.78,0.44|0.62|0.33|0.38|0.52|0.66|0.3|0.42,47,28,6|28|47,17.00,14|20|17,,2.3|0.32|0.42|0.15|0.25|0.02|0.15|0.02,10.28|8.07|7.51|6.12|5.68|5.47|3.83|2.38,0|0|0,104|135|204,13|18|20
Forbes Precision,https://www.screener.in/company/544186/,862 Cr.,167,203 / 103,25.4,32.7,2.99 %,21.0 %,16.4 %,10.0,1.49,30.3,-0.24 %,0.24 %,21.1 %,22.0 %,10.9 %,12.3 %,%,"1,301 %",%,%,94.4 %,0.10,0.00 %,25.8 Cr.,25.8 Cr.,Cr.,Industrials,Capital Goods,Industrial Manufacturing,Industrial Products,9.03,11.06,5.59,8.30,1.42|1.44|1.77|0.74|1.61|1.08|2.14|1.75,28,51,0|9|51|28,21.67,22|22|21,,11.56|11.34|11.09|10.93|10.94|10.94|10.94|10.7,0.29|0.3|0.38|0.38|0.36|0.1|0.09|0.33,0|0|90|90,0|228|233|251,0|30|29|29
Parth Electrical,https://www.screener.in/company/PARTH/,730 Cr.,523,559 / 189,51.3,81.5,0.00 %,21.0 %,18.7 %,10.0,1.83,9.74,-0.46 %,-0.01 %,10.5 %,10.1 %,7.19 %,5.78 %,44.6 %,80.3 %,%,%,0.00 %,0.15,-1.35 %,0.00 Cr.,0.00 Cr.,0.00 Cr.,Industrials,Capital Goods,Electrical Equipment,Other Electrical Equipment,8,6,6,4,4.46|5.95,-4,0,0|3|8|0|-4,7.54,-0.3|7|10|10|11,,4.8|1.77|1.31,0.76|0.43|0.42,0|0|0|0|0,38|66|87|175|198,-2|2|5|10|14
Adroit Inds.,https://www.screener.in/company/id/1286192/consolidated/,600 Cr.,,/,23.0,,%,20.9 %,22.8 %,10.0,1.45,8.06,%,%,27.7 %,23.0 %,18.7 %,13.9 %,10.6 %,59.7 %,59.7 %,%,%,0.57,%,0.00 Cr.,0.00 Cr.,Cr.,,,,,,,,,,29,20,-30|20|20|29,22.50,15|24|23|28,,,,0|0|0|0,103|124|134|140,6|14|19|26
Setco Automotive,https://www.screener.in/company/SETCO/consolidated/,228 Cr.,17.1,28.7 / 11.6,,-52.9,76.2 %,20.8 %,%,2.00,0.22,1.46,0.05 %,0.00 %,12.9 %,15.8 %,-1.09 %,-18.2 %,13.2 %,26.0 %,26.0 %,14.8 %,71.3 %,,0.00 %,0.00 Cr.,0.00 Cr.,0.00 Cr.,Consumer Discretionary,Automobile and Auto Components,Auto Components,Auto Components & Equipments,136,-57,-41,-42,-2.19|-2.16|-2.15|-1.37|-2.61|-1.99|-3.79|8.93,234,89,13|73|43|92|109|92|26|-127|48|69|89|234,9.06,13|13|11|11|15|8|-2.9|-3.7|8|12|16|13,,0.07|0.07|0.07|0.07|0.07|0.07|0.03|0.08,,39|46|-100|285|427|0|0|0|0|0|0|0,508|568|543|554|660|451|348|423|527|616|691|766,21|23|-14|-1|-1|-50|-123|-257|-192|-135|-126|-4
Anlon Healthcare,https://www.screener.in/company/AHCL/consolidated/,"1,217 Cr.",22.9,24.8 / 10.3,38.5,4.33,0.00 %,20.8 %,18.4 %,2.00,2.87,12.4,1.35 %,-3.37 %,27.6 %,26.8 %,16.9 %,17.1 %,%,%,%,%,0.00 %,0.19,0.00 %,0.00 Cr.,0.00 Cr.,Cr.,Healthcare,Healthcare,Pharmaceuticals & Biotechnology,Pharmaceuticals,8.28,11.07,5.15,3.55,0.42|0.09|0.1|0.2|0.13,-59,-22,-22|-59,27.50,27|28,,0|0.23|0.32|1.67,2.83|4.49|4.6|1.23,0|0,120|172,21|29
ABS Marine,https://www.screener.in/company/ABSMARINE/consolidated/,703 Cr.,286,348 / 143,8.94,127,0.00 %,20.7 %,29.0 %,10.0,1.77,3.76,0.02 %,-6.48 %,46.7 %,27.9 %,24.9 %,15.1 %,42.1 %,108 %,%,%,0.00 %,1.21,0.38 %,0.00 Cr.,0.00 Cr.,0.00 Cr.,Services,Services,Transport Services,Shipping,49,31,19,8,3.22|7.83|12.62|19.96,168,45,32|25|15|5|11|45|168,32.20,17|25|28|25|33|28|47,,0.48|0.16|0.13|0.15,10.03|9.87|6.91|0.43,0|0|0|0|0|0|0,91|89|72|111|135|180|319,-3|2|8|10|25|27|81
Ashwini Contain.,https://www.screener.in/company/ASHWINI/,245 Cr.,164,220 / 120,17.2,61.3,0.00 %,20.6 %,25.1 %,10.0,2.57,3.80,4.01 %,-0.65 %,26.0 %,26.6 %,11.1 %,11.4 %,18.9 %,89.4 %,-51.6 %,%,0.00 %,0.77,0.00 %,0.00 Cr.,0.00 Cr.,0.00 Cr.,Services,Services,Transport Services,Road Transport,,,10,5,9.1|9.91,-1,19,6|10|8|19|-1,20.20,14|16|18|27|26,,5.2|2.56|6.57,9.37|6.6|5.95,0|0|0|0|0,58|77|79|94|129,1|2|1|12|14
Intl. Conveyors,https://www.screener.in/company/INTLCONV/consolidated/,489 Cr.,76.6,115 / 59.8,3.59,66.5,0.65 %,20.6 %,17.4 %,1.00,4.92,21.4,-0.23 %,-0.02 %,18.9 %,14.2 %,32.1 %,55.1 %,-0.29 %,34.6 %,36.1 %,34.2 %,0.00 %,0.17,0.37 %,3.19 Cr.,4.76 Cr.,5.76 Cr.,Industrials,Capital Goods,Industrial Manufacturing,Industrial Products,120,4,30,-17,4.23|3.16|2.06|8.22|-2.74|4.65|0.63|18.79,35,15,9|12|16|-14|5|3|49|37|4|12|15|35,14.60,5|-2|10|-4.5|-0.3|11|12|10|14|16|14|19,,0.01|0|0.02|0.16|0.19|0.37|0.85|0.62,0|0|0|0|0.53|0.52|0.54|0.52,-57|-8|10|-5|-6|21|41|42|25|11|5|5,96|84|60|56|86|99|169|205|215|134|152|213,-3|-4|3|-7|-6|6|17|16|29|62|92|68
Vidya Wires,https://www.screener.in/company/VIDYAWIRES/consolidated/,"1,848 Cr.",86.9,117 / 42.5,29.5,22.6,0.00 %,20.6 %,17.7 %,1.00,4.26,9.14,0.87 %,-7.09 %,4.66 %,4.31 %,3.10 %,2.74 %,22.1 %,38.5 %,-63.2 %,%,0.00 %,0.18,0.00 %,0.00 Cr.,0.00 Cr.,0.00 Cr.,Industrials,Capital Goods,Industrial Products,"Aluminium, Copper & Zinc Products",17,20,15,10,20.82|0.66|0.79|0.76|0.66|0.72|0.92|0.81,-9,-17,-16|38|2|-17|-9,3.94,3.4|3.5|3.8|4.3|4.7,,0.68|1.11|1.98,9.53|10.46|3.37,0|0|0|0|0,913|1011|1182|1481|1840,20|22|26|41|58
Fermenta Biotec.,https://www.screener.in/company/FERMENTA/consolidated/,"1,395 Cr.",474,580 / 249,25.5,138,0.79 %,20.6 %,16.4 %,5.00,1.86,7.89,0.35 %,0.04 %,19.3 %,24.7 %,11.7 %,17.2 %,14.5 %,65.3 %,65.3 %,6.63 %,0.00 %,0.28,0.01 %,10.8 Cr.,7.29 Cr.,5.77 Cr.,Healthcare,Healthcare,Pharmaceuticals & Biotechnology,Pharmaceuticals,9.53,18.60,12.02,18.03,3.87|12.54|11.68|7.42|6.14|4.31|6.52|3.31,93,41,15|4|2|59|90|34|63|43|116|105|41|93,14.60,11|13|7|31|39|23|22|16|5|8|25|19,,0.02|0.02|0.02|0.02|0.02|0.02|0.13|0.37,0|0|0|0|0|0|0.04|0.04,249|-51|-5|2|1|24|16|23|-7|-16|9|15,142|155|164|302|403|292|376|397|349|335|468|523,1|2|-9|46|117|60|43|15|-53|-24|76|70
Trident Lifeline,https://www.screener.in/company/543616/consolidated/,377 Cr.,315,328 / 230,17.9,84.1,0.00 %,20.6 %,23.1 %,10.0,1.59,8.74,-1.99 %,-0.01 %,21.8 %,17.3 %,15.0 %,12.1 %,59.7 %,46.8 %,45.0 %,%,6.93 %,0.73,-0.27 %,0.00 Cr.,0.00 Cr.,0.00 Cr.,Healthcare,Healthcare,Pharmaceuticals & Biotechnology,Pharmaceuticals,5.07,6.80,4.64,5.09,2.69|2.43|6.15|2.66|4.27|3.6|5.64|4.22,5,-10,0|-19|2|-10|5,17.80,12|20|18|17|22,,6.09|6.09|6.62|7.21|7.71|7.04|7.24|5.25,0|0|0.09|0.39|0.41|0.35|0.27|0.26,0|0|0|0|0,22|32|45|87|129,4|6|6|10|19
Aries Agro,https://www.screener.in/company/ARIES/consolidated/,614 Cr.,472,525 / 285,12.9,257,0.32 %,20.5 %,12.7 %,10.0,1.61,4.70,-0.12 %,0.02 %,10.3 %,10.9 %,5.28 %,5.29 %,16.2 %,32.2 %,32.2 %,17.2 %,0.00 %,0.17,0.00 %,3.25 Cr.,1.56 Cr.,1.69 Cr.,Commodities,Chemicals,Fertilizers & Agrochemicals,Fertilizers,15,-5,17,20,14.51|8.9|-2.84|7.71|15.39|13.26|-3.4|11.47,86,104,38|34|48|14|44|59|56|69|54|77|104|86,10.60,20|18|17|16|16|14|15|11|10|11|11|10,,2.53|3.38|2.98|4.29|3.2|2.91|3.25|3.13,0|0|0|0.26|0|0|0|0.02,15|27|37|29|24|7|6|8|8|7|5|8,278|263|253|291|265|296|381|432|472|516|622|740,19|8|5|9|8|8|16|12|16|18|33|42
Lancor Holdings,https://www.screener.in/company/LANCORHOL/consolidated/,257 Cr.,35.0,41.8 / 18.1,4.46,32.5,0.57 %,20.5 %,18.7 %,2.00,3.05,3.82,0.00 %,0.00 %,0.56 %,16.6 %,31.0 %,2.45 %,4.53 %,395 %,365 %,37.4 %,0.00 %,0.45,0.00 %,2.21 Cr.,1.46 Cr.,0.98 Cr.,Consumer Discretionary,Realty,Realty,"Residential, Commercial Projects",17,43,-0,-3,0.52|-0.28|0|0.02|-0.34|-0.03|5.85|2.35,10,-69,7|21|2|1|13|-10|19|58|88|29|-69|10,12.12,35|38|50|36|30|33|25|6|19|18|17|0.6,,1.45|1.47|1.46|0.07|0|0|0|0,0.74|0.74|0.74|0|0|0|0|0,24|37|5|14|28|0|0|0|0|18|31|5,150|95|83|75|92|58|52|103|115|138|190|131,17|11|16|6|3|-6|-12|-17|0|7|5|40
BDH Industries,https://www.screener.in/company/524828/,290 Cr.,503,610 / 340,24.7,134,0.99 %,20.5 %,14.8 %,10.0,4.00,275,0.00 %,0.00 %,14.5 %,17.4 %,11.3 %,13.9 %,8.82 %,9.65 %,9.65 %,11.2 %,0.00 %,0.03,0.00 %,2.88 Cr.,2.59 Cr.,2.49 Cr.,Healthcare,Healthcare,Pharmaceuticals & Biotechnology,Pharmaceuticals,2.72,2.88,3.49,2.62,4.19|4.88|4.32|3.18|4.55|6.06|5|4.72,-2,15,6|4|7|0|-4|11|1|3|6|-2|15|-2,14.60,9|9|11|13|14|15|15|13|15|14|17|14,,0.28|0.28|0.28|0.28|0.28|0.28|0.28|0.28,,39|37|36|36|34|25|28|29|28|26|28|27,44|46|43|41|52|59|57|69|74|86|67|96,3|3|3|4|5|6|6|7|8|10|9|11
Keltech Energies,https://www.screener.in/company/506528/,"1,227 Cr.","12,273","14,800 / 2,900",46.9,"1,530",0.01 %,20.4 %,17.7 %,10.0,1.03,8.40,0.00 %,0.02 %,7.69 %,7.76 %,4.62 %,5.09 %,-1.86 %,26.8 %,26.8 %,43.3 %,0.00 %,0.48,0.00 %,0.15 Cr.,0.15 Cr.,0.15 Cr.,Commodities,Chemicals,Chemicals & Petrochemicals,Explosives,8.08,8.44,5.81,6.20,55.6|57.5|68.8|82.1|62|58.1|84.4|80.8,48,-18,7|6|13|11|2|5|8|21|18|51|-18|48,6.36,6|7|8|10|7|7|6|4.2|4.6|7|8|8,,,0.14|0.14|0.14|0.14|0.14|0.14|0.14|0.16,7|5|4|3|4|3|8|2|1|1|1|1,192|179|201|202|226|216|220|355|563|449|489|532,3|5|6|8|6|5|2|7|12|19|25|29
Atmastco Ltd,https://www.screener.in/company/ATMASTCO/consolidated/,336 Cr.,128,230 / 98.0,13.2,59.2,0.00 %,20.4 %,18.2 %,10.0,1.86,3.75,0.24 %,0.01 %,16.2 %,15.2 %,8.53 %,6.64 %,6.54 %,25.2 %,5.51 %,89.6 %,0.00 %,0.71,0.00 %,0.00 Cr.,0.00 Cr.,0.00 Cr.,Industrials,Construction,Construction,Civil Construction,,1.42,6.61,0.88,0.36|2.67|0.54,12,-33,2|3|20|-20|-33|12,15.20,14|15|13|17|15|16,,0.03|0.01|0|0|0|0.24,0|0.01|0.43|0.07|0.01|0.02,0|0|0|0|0|0,69|94|242|224|290|293,1|3|13|16|19|19
Thomas Scott,https://www.screener.in/company/THOMASCOTT/,351 Cr.,237,474 / 222,15.8,93.6,0.00 %,20.4 %,16.8 %,10.0,2.23,10.1,0.07 %,-0.86 %,16.8 %,13.5 %,10.2 %,8.90 %,47.6 %,91.8 %,45.1 %,114 %,4.59 %,0.34,-0.64 %,0.00 Cr.,0.00 Cr.,0.00 Cr.,Consumer Discretionary,Textiles,Textiles & Apparels,Garments & Apparels,5.44,6.02,4.97,4.72,2.51|2.66|3.29|2.37|3.22|3.39|4.1|3.71,-27,-39,-1|0|-2|-2|0|0|3|3|-18|-8|-39|-27,11.20,-20|-14|3.8|-1|-2.5|-3.8|3.7|4|8|14|13|17,,0.58|0.84|0|0.02|0|0.05|0.04|0.12,2.02|2.33|1.97|2.46|2.45|2.45|2.45|1.59,0|0|0|0|0|0|0|0|0|0|0|0,17|13|17|20|21|22|21|32|62|90|144|200,-3|-2|0|-1|-1|-2|0|1|3|10|13|19
Swastika Investm,https://www.screener.in/company/530585/consolidated/,300 Cr.,149,195 / 43.6,22.0,67.5,0.40 %,20.4 %,10.5 %,2.00,1.17,2.80,0.05 %,0.00 %,25.5 %,25.2 %,11.8 %,14.1 %,7.52 %,28.3 %,15.8 %,-3.22 %,0.00 %,0.11,0.00 %,1.21 Cr.,1.05 Cr.,0.81 Cr.,Financial Services,Financial Services,Capital Markets,Stockbroking & Allied,3.76,2.89,3.69,3.27,4.89|4.13|0.16|1.64|1.63|1.84|1.44|1.87,-14,-20,3|5|6|-36|0|24|3|1|-20|-22|-20|-14,20.80,25|10|22|15|28|14|23|20|13|21|25|25,,0|0|0.09|0|0|0|0.01|0.06,,10|-76|4|13|6|43|5|6|10|5|5|9,30|32|40|42|45|53|77|83|88|115|141|110,3|0|7|2|5|1|11|10|6|12|20|13
High Energy Bat.,https://www.screener.in/company/504176/,560 Cr.,625,675 / 470,40.9,124,0.48 %,20.4 %,15.4 %,2.00,3.69,11.5,0.00 %,-0.42 %,22.8 %,22.9 %,19.5 %,20.0 %,-3.46 %,-9.41 %,-9.41 %,-2.25 %,0.00 %,0.10,0.00 %,2.68 Cr.,2.68 Cr.,2.77 Cr.,Fast Moving Consumer Goods,Fast Moving Consumer Goods,Household Products,Household Products,-1.82,7.59,5.00,2.01,2.01|0.75|11.14|0.87|2.24|5.58|8.47|-2.03,14,4,4|7|-3|3|5|11|9|16|17|24|4|14,29.80,-10|-29|16|20|15|25|39|37|36|30|23|23,,,5.99|5.99|5.99|6.41|6.41|6.41|6.41|5.99,0|0|0|0|0|0|15|15|15|16|18|17,33|23|47|59|47|61|78|80|93|78|81|84,-3|-7|-1|3|0|6|18|18|20|17|15|15
IIRM Holdings,https://www.screener.in/company/526530/consolidated/,977 Cr.,140,152 / 68.0,39.7,23.0,0.00 %,20.4 %,16.9 %,5.00,4.66,4.25,0.00 %,2.20 %,23.0 %,20.8 %,9.68 %,10.2 %,%,%,%,%,0.00 %,0.61,-1.30 %,0.00 Cr.,0.00 Cr.,Cr.,Services,Services,Commercial Services & Supplies,Consulting Services,7.83,6.77,4.71,5.25,1.11|0.45|0.29|1.12|0.77|0.69|0.99|1.15,22,6,-52|6|22,23.00,25|21|23,,,0.66|0.66|0.66|0.66|0.66|0.66|0.66|2.86,0|0|0,178|219|252,23|22|24
Shree Salasar,https://www.screener.in/company/503635/consolidated/,202 Cr.,290,829 / 15.3,9.41,99.5,0.00 %,20.3 %,30.3 %,10.0,0.39,5.07,0.00 %,0.00 %,26.9 %,7.97 %,16.4 %,5.50 %,215 %,375 %,350 %,43.2 %,0.00 %,1.33,0.00 %,0.00 Cr.,0.00 Cr.,0.00 Cr.,Financial Services,Financial Services,Finance,Other Financial Services,5.68,5.07,5.36,5.54,0.32|1.92|0.57|3.53|7.95|7.72|6.99|8.12,0,-27,0|0|2|-1|-8|-14|-11|-35|-41|-27|0,12.16,19|54|42|13|35|26|4.8|9|12|8|27,,,,0|0|0|0|0|0|0|0|0|0|0,2|1|1|1|1|6|21|4|15|45|112,0|0|0|0|0|1|1|0|1|2|18
Innovision,https://www.screener.in/company/INNOVISION/consolidated/,603 Cr.,253,470 / 245,35.0,124,0.00 %,20.3 %,19.6 %,10.0,2.55,2.56,-1.86 %,0.19 %,5.64 %,5.48 %,3.71 %,3.25 %,56.6 %,63.0 %,-37.4 %,%,0.00 %,0.43,0.00 %,0.00 Cr.,0.00 Cr.,0.00 Cr.,Services,Services,Transport Infrastructure,"Road AssetsToll, Annuity, Hybrid-Annuity",-7.35,11.87,4.37,7.64,1.65|5.84|6.6|4.16|2.37|5.01|-2.96,-28,-22,5|3|6|-22|-28,4.80,3.5|6|3.5|5|6,,2.24|0.38,5.02|5.21,0|0|0|0|0,210|256|510|893|981,4|9|10|29|36
Forcas Studio,https://www.screener.in/company/FORCAS/,376 Cr.,214,249 / 91.5,27.6,47.7,0.00 %,20.2 %,18.5 %,10.0,1.98,8.02,0.00 %,0.01 %,10.6 %,8.88 %,6.90 %,5.62 %,43.1 %,127 %,84.8 %,66.3 %,0.00 %,0.53,0.00 %,0.00 Cr.,0.00 Cr.,0.00 Cr.,Consumer Discretionary,Textiles,Textiles & Apparels,Garments & Apparels,8,6,6,3,0.81|3.31|1.66|3.25|3.3|4.51,-42,-10,3|3|5|1|-40|-10|-42,8.16,6|6|3.8|9|8|9|11,,2.61|0.5|0|0,2.56|0.62|0.08|0.09,0|0|0|0|0|0|0,50|53|67|24|41|153|198,1|1|1|1|2|9|14
Bhagyanagar Ind,https://www.screener.in/company/BHAGYANGR/consolidated/,"1,496 Cr.",447,470 / 90.0,23.8,80.5,0.00 %,20.2 %,20.2 %,2.00,1.67,3.19,1.74 %,2.08 %,4.46 %,2.28 %,1.98 %,0.60 %,8.79 %,66.8 %,66.8 %,68.3 %,0.00 %,1.01,0.96 %,0.00 Cr.,0.00 Cr.,0.00 Cr.,Commodities,Metals & Mining,Non - Ferrous Metals,Copper,20,18,13,11,1.17|1.25|1.43|2.37|3.52|4.01|5.78|6.33,59,-144,-17|23|-14|28|-48|49|-76|-4|-40|96|-144|59,2.54,3.5|3|4.7|2.5|3.4|2.7|2.4|1.9|1.9|2.1|2.3|4.5,,0.15|0|0|0|0.44|0.41|0.86|2.15,0|0|0|0|0|0|0.2|2.08,56|0|0|0|0|0|0|0|0|0|0|0,279|299|310|513|569|562|787|1574|1847|1429|1626|2378,3|3|5|13|6|1|3|11|10|46|14|50
Clear Secured,https://www.screener.in/company/CSSL/consolidated/,207 Cr.,86.0,164 / 84.0,7.09,92.9,0.00 %,20.2 %,18.2 %,10.0,2.18,4.06,0.57 %,-3.42 %,7.06 %,6.55 %,3.75 %,2.98 %,36.0 %,61.2 %,-64.8 %,%,0.00 %,0.42,0.00 %,0.00 Cr.,0.00 Cr.,Cr.,Services,Services,Commercial Services & Supplies,Diversified Commercial Services,,,13,17,9.61|5.54,-10,-22,-2|1|-22|-10,6.25,5|6|7|7,,3.55|4.12,7.33|3.91,0|0|0|0,309|348|476|778,7|12|10|30
Bharat Seats,https://www.screener.in/company/BHARATSE/,"1,344 Cr.",214,264 / 133,28.4,36.6,0.70 %,20.2 %,20.4 %,2.00,0.88,7.53,0.00 %,0.01 %,5.09 %,5.85 %,2.22 %,2.52 %,22.9 %,26.2 %,26.2 %,56.7 %,0.00 %,0.48,0.00 %,9.42 Cr.,6.91 Cr.,5.65 Cr.,Consumer Discretionary,Automobile and Auto Components,Auto Components,Auto Components & Equipments,13,13,10,10,1.13|1.21|1.81|1.46|1.58|1.58|2.11|2.1,107,96,36|34|38|69|35|28|19|16|43|57|96|107,5.06,4.7|4.3|4.4|7|6|6|4.9|3.9|4.4|6|6|5,,0|0|0|0.03|0.27|0.06|0.15|0.15,0.11|0.11|0.11|0.11|0.12|0.21|0.21|0.22,35|39|23|11|15|13|33|21|20|20|21|22,693|700|840|970|904|589|548|818|1051|1067|1289|1951,8|7|12|28|21|13|5|12|22|25|33|42
RNIT AI Solution,https://www.screener.in/company/517286/,796 Cr.,93.9,105 / 37.0,63.8,16.4,0.00 %,20.2 %,16.6 %,10.0,3.56,17.3,0.00 %,1.71 %,40.3 %,31.7 %,23.3 %,22.4 %,%,%,%,%,0.00 %,0.13,-4.18 %,0.00 Cr.,0.00 Cr.,Cr.,Consumer Discretionary,Automobile and Auto Components,Auto Components,Auto Components & Equipments,1.27,4.35,3.60,3.25,0.21|0.19|0.46|0.11|0.43|0.45|0.51|0.15,11,-7,1|0|0|-2|-4|-1|-1|0|-7|11,20.40,-555|-166|0.8|10|11|10|10|9|11|32|40,,0.23|0.23|0.23|0.23|0|0|0|0,7.67|7.67|7.67|7.67|0.06|0.06|0|1.71,0|0|0|0|0|0|0|0|0|0|0|0,3|2|6|8|12|28|33|40|35|0|32|52,11|1|10|1|1|1|1|0|1|0|7|12
Golkunda Diamond,https://www.screener.in/company/523676/,228 Cr.,328,356 / 156,14.6,115,0.46 %,20.1 %,18.8 %,10.0,2.16,6.18,0.00 %,0.00 %,7.84 %,7.82 %,4.86 %,4.68 %,6.45 %,13.3 %,13.3 %,38.6 %,0.00 %,0.43,0.00 %,1.04 Cr.,1.04 Cr.,1.04 Cr.,Consumer Discretionary,Consumer Durables,Consumer Durables,"Gems, Jewellery And Watches",5.14,3.84,3.54,3.18,1.51|7.08|3.3|4.51|4.57|5.08|5.51|7.38,10,8,-3|-1|1|4|3|2|2|-5|11|5|8|10,7.00,8|8|4.5|4.8|4|3.6|3.1|5|7|7|8|8,,,,17|15|29|0|41|32|31|14|11|11|9|8,93|98|84|86|109|133|173|238|233|230|252|282,2|3|1|1|1|2|3|7|9|10|12|14
South West Pinn.,https://www.screener.in/company/SOUTHWEST/consolidated/,640 Cr.,196,288 / 121,16.0,68.2,0.00 %,20.0 %,17.7 %,10.0,1.84,7.38,-0.35 %,0.00 %,24.0 %,18.7 %,13.6 %,8.27 %,25.1 %,54.4 %,51.0 %,27.0 %,0.00 %,0.39,-2.91 %,0.00 Cr.,0.00 Cr.,0.84 Cr.,Services,Services,Commercial Services & Supplies,Diversified Commercial Services,9.34,13.05,9.22,8.36,0.14|1.49|3.35|0.8|2.8|3.09|4.37|3.13,12,27,26|-16|9|13|17|10|4|19|27|12,19.80,27|31|22|18|23|21|16|19|19|24,,0.08|0.01|0.12|0.08|0.28|0.76|0.81|0.41,,0|0|7|43|14|13|16|17|0|0,74|79|85|86|104|118|124|133|180|243,6|9|9|3|10|11|9|8|16|33
Z-Tech (India),https://www.screener.in/company/ZTECH/,613 Cr.,412,701 / 385,16.6,155,0.00 %,20.0 %,18.3 %,10.0,2.68,15.1,-0.33 %,0.21 %,28.0 %,29.6 %,23.1 %,20.7 %,82.3 %,160 %,%,%,0.00 %,0.33,-0.35 %,0.00 Cr.,0.00 Cr.,0.00 Cr.,Utilities,Utilities,Other Utilities,Waste Management,4.05,19.14,7.62,6.06,2.34|4.5|5.93|2.12|4.23|5.27|13.24|2.78,-38,-91,-1|2|0|0|-91|-38,17.62,3.5|1.1|12|17|30|28,,1.21|0.96|0.88|1.04|3.77|4.47|4.47|4.14,0.87|1.47|1.67|1.89|0.37|0.37|0.37|0.58,0|0|0|0|0|0,23|31|26|67|94|156,1|0|2|8|20|36
Mahamaya Lifesc.,https://www.screener.in/company/544611/consolidated/,419 Cr.,179,205 / 111,25.4,52.1,0.00 %,20.0 %,19.3 %,10.0,1.45,3.93,-1.62 %,-2.15 %,10.2 %,8.69 %,5.02 %,4.90 %,34.0 %,64.2 %,-38.2 %,%,0.00 %,0.74,0.00 %,0.00 Cr.,0.00 Cr.,0.00 Cr.,Commodities,Chemicals,Fertilizers & Agrochemicals,Pesticides & Agrochemicals,,8,8,7,4.08|4.71|3.48,-30,1,2|1|-23|1|-30,8.00,7|6|8|9|10,,6.39|4.77,4.67|2.52,0|0|0|0|0,90|137|161|264|329,3|4|5|13|17
Suditi Industrie,https://www.screener.in/company/521113/consolidated/,328 Cr.,60.2,108 / 52.0,32.6,15.2,0.00 %,20.0 %,20.6 %,10.0,2.21,15.5,-0.01 %,0.00 %,11.0 %,3.85 %,8.68 %,3.30 %,6.03 %,32.8 %,29.7 %,18.4 %,0.00 %,0.09,3.58 %,0.00 Cr.,0.00 Cr.,0.00 Cr.,Consumer Discretionary,Textiles,Textiles & Apparels,Other Textile Products,1.60,3.89,1.33,3.23,0.06|0.47|1.01|0.51|0.81|0.34|0.78|0.32,-15,-24,-2|0|4|-5|7|3|6|-3|1|-24|-15,-10.22,9|9|9|9|4.7|-22|-22|-26|-18|3.9|11,,0|0|0|0|0|0.17|0.17|0.16,,90|0|11|10|0|0|0|0|0|0|0,71|90|104|112|95|50|103|102|67|95|121,1|2|3|3|-2|-18|-35|-18|-12|3|11
Kriti Nutrients,https://www.screener.in/company/KRITINUT/,408 Cr.,81.3,104 / 51.4,12.1,45.7,0.37 %,20.0 %,15.1 %,1.00,3.62,68.1,0.00 %,0.01 %,4.71 %,6.54 %,3.62 %,4.87 %,4.96 %,17.0 %,17.0 %,17.4 %,0.00 %,0.04,0.00 %,16.5 Cr.,1.50 Cr.,4.34 Cr.,Fast Moving Consumer Goods,Fast Moving Consumer Goods,Agricultural Food & other Products,Edible Oil,9.06,6.19,9.21,9.23,1.91|1.65|0.99|1.84|1.84|1.84|1.24|1.81,64,32,6|12|-18|17|24|13|9|-11|20|50|32|64,5.44,4.5|4.2|3.1|7|6|4.6|3.2|2.6|3.9|9|7|4.7,,0.03|0.04|0.03|0.01|0|0|0|0,0|0|0|0|0|0|0.02|0.03,9|10|10|6|5|5|6|7|6|3|4|49,310|358|456|461|485|520|690|753|797|684|734|922,6|6|6|16|17|19|15|12|21|45|37|34
Clay Craft India,https://www.screener.in/company/CLAYCRAFT/,343 Cr.,167,224 / 144,12.8,,0.00 %,20.0 %,17.5 %,10.0,2.21,9.30,%,%,23.6 %,24.1 %,15.0 %,15.0 %,7.28 %,11.0 %,-64.7 %,-36.7 %,0.00 %,0.30,%,0.00 Cr.,0.00 Cr.,0.00 Cr.,Consumer Discretionary,Consumer Durables,Consumer Durables,Houseware,,,,,,26,28,20|25|12|25|28|26,23.00,22|24|23|20|24|24,,1.2,7.94,0|0|0|0|0|0,74|115|145|145|151|179,9|17|20|14|23|27
GPT Healthcare,https://www.screener.in/company/GPTHEALTH/,"1,364 Cr.",166,175 / 114,28.8,32.8,1.50 %,19.9 %,16.7 %,10.0,0.58,7.95,0.22 %,0.10 %,18.1 %,20.5 %,9.12 %,12.2 %,9.39 %,3.68 %,2.77 %,-14.5 %,0.00 %,0.34,0.00 %,20.5 Cr.,20.5 Cr.,21.9 Cr.,Healthcare,Healthcare,Healthcare Services,Hospital,13,15,9,11,1.81|1.49|1.57|0.94|1.29|1.14|1.78|1.55,81,67,41|43|66|66|69|67|81,20.60,17|20|22|21|22|20|18,,4.7|4.71|4.49|4.96|3.2|2.73|2.81|3.03,10.8|11.3|11.35|9.33|6.45|6.2|6.84|6.94,0|47|0|102|60|41|49,212|243|337|361|400|407|473,11|21|42|39|48|50|42
Vishnusurya Pro.,https://www.screener.in/company/VISHNUINFR/consolidated/,390 Cr.,151,219 / 125,9.25,90.3,0.66 %,19.9 %,18.1 %,10.0,1.76,6.67,0.00 %,0.00 %,16.0 %,18.3 %,10.1 %,10.9 %,38.5 %,29.3 %,-8.84 %,6.88 %,21.5 %,0.28,0.00 %,0.26 Cr.,2.46 Cr.,Cr.,Commodities,Construction Materials,Other Construction Materials,Other Construction Materials,5.92,8.01,3.93,24.35,1.21|3.04|1.11|9.89|1.6|3.09|2.28,32,8,6|22|-11|11|8|32,18.40,13|13|21|24|18|16,,0.36|0|0.02|0.01|0|0|0,3.34|0|0|0|0|0|0,0|0|0|0|8|1,45|63|76|132|271|352,2|4|8|17|29|36
Sunshield Chem.,https://www.screener.in/company/SUNSHIEL/,"1,085 Cr.","1,233","1,320 / 721",29.9,287,0.24 %,19.9 %,17.0 %,10.0,3.47,17.4,0.67 %,0.00 %,11.8 %,9.23 %,6.71 %,3.99 %,21.7 %,29.4 %,29.4 %,15.9 %,0.00 %,0.00,0.01 %,2.64 Cr.,1.84 Cr.,1.84 Cr.,Commodities,Chemicals,Chemicals & Petrochemicals,Specialty Chemicals,13,11,5,7,3.62|1.85|6.52|7.75|8.22|5.56|12.12|15.34,10,48,13|1|12|2|15|19|35|33|14|42|48|10,12.20,1.8|7|5|8|9|9|15|13|13|14|9|12,,5.42|6.71|6.44|6.48|8.01|8.46|8.46|9.13,0.01|0.01|0.01|0.01|0.01|0.01|0.01|0.01,0|0|0|0|0|0|0|5|11|9|13|9,119|150|166|183|190|181|199|244|245|283|366|441,-3|-1|-7|1|0|1|14|27|14|19|15|30
HP Telecom,https://www.screener.in/company/HPTL/,510 Cr.,428,434 / 202,20.0,84.7,0.00 %,19.9 %,28.9 %,10.0,1.34,3.53,0.00 %,-0.15 %,1.71 %,1.64 %,1.07 %,0.79 %,55.4 %,59.9 %,26.0 %,48.5 %,0.00 %,1.70,0.00 %,0.00 Cr.,0.00 Cr.,0.00 Cr.,Services,Services,Commercial Services & Supplies,Trading & Distributors,18,8,7,5,6.23|5.99|6.16|6.58|14.81,15,-51,2|-5|7|-26|-51|15,1.70,0.3|1.4|1.6|1.9|1.7|1.6|1.7,,,0|0.6|0.45,0|0|0|0|0|0|0,254|236|292|637|1079|1596|2392,1|2|2|6|9|13|25
Indo Amines,https://www.screener.in/company/INDOAMIN/consolidated/,919 Cr.,127,151 / 81.9,11.3,54.0,0.40 %,19.9 %,22.4 %,5.00,1.30,5.72,0.06 %,0.00 %,10.6 %,9.38 %,6.84 %,5.18 %,7.06 %,25.2 %,24.1 %,15.6 %,0.00 %,0.79,0.00 %,3.63 Cr.,3.63 Cr.,3.59 Cr.,Commodities,Chemicals,Chemicals & Petrochemicals,Specialty Chemicals,31,21,12,18,1.95|1.56|1.63|3.97|2.49|1.64|2.83|4.24,79,35,23|19|15|8|27|39|56|15|20|70|35|79,8.80,10|12|13|12|10|9|11|7|9|8|9|11,,0.01|0.16|0.11|0.02|0|0|0.02|0.08,,31|36|21|21|13|26|10|15|9|8|7|5,234|253|285|355|528|479|541|786|945|943|1079|1160,5|9|16|16|25|13|38|23|41|43|56|79
Arham Tech,https://www.screener.in/company/ARHAM/consolidated/,454 Cr.,208,224 / 95.2,37.2,45.2,0.00 %,19.8 %,18.8 %,10.0,2.09,7.74,0.20 %,0.00 %,16.0 %,18.1 %,10.3 %,10.4 %,%,%,%,%,0.00 %,0.26,0.00 %,0.00 Cr.,0.00 Cr.,Cr.,Consumer Discretionary,Consumer Durables,Consumer Durables,Consumer Electronics,6,6,5,3,1.88|1.56|2.74|3.49|2.89,-40,2,-4|2|-40,16.67,16|18|16,,0|0|0|0|0|0|0.42|0.62,0|0|0|0|0|0|0|0,0|0|0,55|70|119,5|7|12
Magellanic Cloud,https://www.screener.in/company/MCLOUD/consolidated/,"1,490 Cr.",25.3,87.0 / 19.4,13.4,11.6,0.12 %,19.8 %,19.2 %,2.00,2.00,6.32,-0.01 %,0.00 %,30.9 %,34.3 %,16.6 %,17.1 %,17.8 %,16.1 %,15.8 %,123 %,46.8 %,0.43,0.00 %,0.00 Cr.,1.75 Cr.,1.30 Cr.,Information Technology,Information Technology,IT - Software,Computers - Software & Consulting,24,30,29,28,0.42|0.5|0.38|0.47|0.48|0.5|0.5|0.4,92,143,-2|8|-10|12|-15|50|160|32|143|92,25.18,8|4.7|5|6|0.7|2.9|25|33|34|31,,1.06|0.92|0.51|0.44|0.43|0.26|0.22|0.21,0|0|0.03|0|0|0|0.02|0.02,29|0|0|21|71|4|2|2|2|0,20|161|204|174|212|253|427|561|600|698,1|4|8|7|2|29|74|103|103|114
Shri Venkatesh,https://www.screener.in/company/543373/,"1,230 Cr.",556,560 / 207,32.2,59.4,0.18 %,19.8 %,33.7 %,10.0,1.36,3.71,0.00 %,0.00 %,5.31 %,5.09 %,2.77 %,2.58 %,29.9 %,38.6 %,38.6 %,51.6 %,0.00 %,2.38,0.00 %,2.21 Cr.,0.00 Cr.,0.88 Cr.,Fast Moving Consumer Goods,Fast Moving Consumer Goods,Agricultural Food & other Products,Edible Oil,24,14,11,7,3.56|2.93|3.35|3.45|3.26|4.91|6.51|10.76,-70,1,3|-2|-15|-20|7|-28|1|-70,4.72,3|2.3|3.1|3.1|4.2|4.4|5|5|5,,,0|0.03|0.03|0.03|0.01|0.01|0.05|0.05,0|0|0|0|8|8|0|0|6,132|227|235|337|612|629|575|702|1378,1|1|2|4|14|14|15|18|38
Jindal Supreme,https://www.screener.in/company/id/1286168/,475 Cr.,,/,21.1,,%,19.7 %,26.2 %,10.0,1.27,4.50,%,%,6.16 %,4.42 %,3.33 %,0.60 %,10.1 %,231 %,-40.4 %,-50.5 %,%,1.27,%,0.00 Cr.,0.00 Cr.,0.00 Cr.,,,,,,,,8.28,2.06,-6,6,1|-21|8|20|6|-6,4.48,4.6|7|1.7|3.3|4.4|6,,,,0|0|0|0|0|0,216|385|506|645|586|675,5|18|1|13|24|23
Dhariwalcorp,https://www.screener.in/company/DHARIWAL/,229 Cr.,24.4,48.3 / 16.6,34.0,6.53,0.00 %,19.7 %,14.0 %,2.00,3.29,7.69,0.00 %,4.04 %,2.64 %,1.41 %,2.85 %,1.52 %,6.82 %,124 %,-50.8 %,%,0.00 %,0.12,-10.2 %,0.00 Cr.,0.00 Cr.,0.00 Cr.,Commodities,Chemicals,Chemicals & Petrochemicals,Trading - Chemicals,6,3,1,3,29.7|0.23|0.3|0.1|0.35|0.59,-1,-13,1|1|0|-13|-1,1.44,1.1|0.2|1.9|1.4|2.6,,3.7|0|0|0|0,0|0|0.12|0.01|4.05,0|0|0|0|0,159|194|229|233|236,1|1|5|4|9
Asian Hotels (W),https://www.screener.in/company/AHLWEST/consolidated/,634 Cr.,544,751 / 137,7.02,-11.5,0.00 %,19.7 %,%,10.0,0.27,3.27,0.00 %,0.00 %,45.2 %,42.8 %,18.7 %,15.6 %,7.82 %,36.0 %,36.0 %,20.6 %,0.00 %,,0.00 %,0.00 Cr.,0.00 Cr.,0.00 Cr.,Consumer Discretionary,Consumer Services,Leisure Services,Hotels & Resorts,14,11,22,24,15.5|4.38|-0.82|6.93|20.95|18.58|9.3|12.26,203,138,33|77|83|144|169|152|18|70|155|152|138|203,37.40,20|25|30|32|35|35|-0.2|14|42|43|43|45,,,0.57|0.57|0.57|0.57|0.57|0.57|0.57|0.57,0|-2|-4|-13|2|0|0|0|0|0|0|0,274|319|364|385|432|431|131|159|347|400|411|435,-87|-61|-31|-11|74|1|-149|-118|32|6|40|65
Simm. Marshall,https://www.screener.in/company/507998/consolidated/,266 Cr.,237,265 / 101,16.2,52.1,0.34 %,19.7 %,28.8 %,2.00,1.71,3.40,0.00 %,0.00 %,13.0 %,11.9 %,6.18 %,4.16 %,8.60 %,95.3 %,95.3 %,23.1 %,0.00 %,1.15,0.13 %,0.90 Cr.,0.00 Cr.,0.18 Cr.,Consumer Discretionary,Automobile and Auto Components,Auto Components,Auto Components & Equipments,3.84,4.43,4.34,3.79,3.13|1.18|2.61|2|3.38|3.88|3.96|3.43,32,16,9|9|9|11|0|14|7|14|13|17|16|32,9.40,13|11|11|11|8|-0.1|-2.6|7|6|9|12|13,,,,8|12|9|8|10|-7|0|0|0|0|0|6,144|145|155|188|195|152|134|157|186|192|208|238,7|5|6|10|6|-8|-18|-5|-3|3|9|15
Hemant Surgical,https://www.screener.in/company/543916/,603 Cr.,415,497 / 215,33.1,105,0.00 %,19.6 %,18.2 %,10.0,1.44,6.95,-0.01 %,9.13 %,10.1 %,8.64 %,7.89 %,7.51 %,28.4 %,33.5 %,11.9 %,-28.2 %,0.00 %,0.36,-6.07 %,0.00 Cr.,0.00 Cr.,0.00 Cr.,Healthcare,Healthcare,Healthcare Equipment & Supplies,Medical Equipment & Supplies,13,5,5,3,48.12|6.93|3.75|5.63|3.05|4.74|4.15|9.84,-32,9,0|0|2|-4|12|6|-4|9|-32,9.00,4.9|4.8|4.7|5|6|10|10|9|10,,0.03|0|0|0.39|0.15|0.15|0.14,4.26|1.97|1.13|1.11|10.81|10.73|19.94,0|0|0|0|0|0|0|0|0,51|56|56|60|101|109|106|107|231,1|1|0|1|5|8|10|8|18
Advance Agrolife,https://www.screener.in/company/ADVANCE/,710 Cr.,110,154 / 84.1,14.5,48.2,0.00 %,19.6 %,17.2 %,10.0,1.67,9.13,1.24 %,0.16 %,10.2 %,9.94 %,5.55 %,5.17 %,17.2 %,33.4 %,-45.0 %,-22.9 %,0.00 %,0.32,0.00 %,0.00 Cr.,0.00 Cr.,0.00 Cr.,Commodities,Chemicals,Fertilizers & Agrochemicals,Pesticides & Agrochemicals,23,7,3,16,31.6|6.18|0.32|1.99|3.53|0.47|1.16|3.51,-70,6,8|0|6|15|6|-70,8.20,8|6|6|9|10|10,,4.42|2.58|3.82,2.03|1.92|2.08,0|0|0|0|0|0,204|250|395|451|496|636,9|9|15|25|26|35
Ameenji Rubber,https://www.screener.in/company/544555/consolidated/,272 Cr.,241,242 / 96.0,42.9,48.5,0.00 %,19.6 %,16.5 %,10.0,1.31,2.46,-2.37 %,-3.60 %,15.6 %,20.2 %,5.14 %,8.54 %,%,%,%,%,0.00 %,0.55,0.00 %,0.00 Cr.,0.00 Cr.,Cr.,Industrials,Capital Goods,Industrial Products,Rubber,,2,4,2,2.6|5.29|1.74,2,8,8|2,17.00,15|20|16,,2.37|0,10.22|6.62,0|0|0,83|94|123,5|8|6
RDB Rasayans,https://www.screener.in/company/533608/,291 Cr.,164,192 / 138,7.87,139,0.00 %,19.6 %,14.4 %,10.0,35.8,712,0.00 %,0.00 %,18.3 %,10.2 %,28.2 %,17.4 %,2.47 %,11.8 %,11.8 %,11.9 %,0.00 %,0.00,0.00 %,0.00 Cr.,0.00 Cr.,0.00 Cr.,Industrials,Capital Goods,Industrial Products,Packaging,12,6,8,11,3.41|3.24|4.15|4.84|6.27|4.65|3.42|6.55,-21,-12,4|2|-4|-12|-1|2|-3|-6|45|-76|-12|-21,15.20,3.9|3.8|6|7|6|11|20|14|18|16|10|18,,,,14|0|0|0|0|0|0|0|0|0|0|0,65|61|68|78|89|90|92|123|109|103|148|118,6|4|6|7|9|12|19|22|24|24|26|34
Sanjiv.Parant.,https://www.screener.in/company/531569/,221 Cr.,180,264 / 126,29.4,39.4,0.28 %,19.6 %,16.2 %,10.0,2.24,21.0,0.00 %,-0.58 %,14.7 %,14.8 %,10.8 %,11.6 %,16.0 %,15.8 %,8.07 %,27.8 %,0.00 %,0.19,0.30 %,0.00 Cr.,0.59 Cr.,0.12 Cr.,Healthcare,Healthcare,Pharmaceuticals & Biotechnology,Pharmaceuticals,2.30,0.94,2.62,1.64,1.97|1.6|1.84|1.43|1.34|2.13|0.77|1.87,-1.55,-0.24,-1.2|0.45|9.57|3.05|2.48|-0.17|0.58|8.52|4.68|-10.7|-0.24|-1.55,15.39,4|-4.8|-71.56|-290.7|-7.01|-2.03|8.53|18.73|13.63|15.13|14.78|14.7,,,6.26|6.26|6.15|6.15|6.02|6.03|6.03|5.45,0|0|0|0|0|0|0|0|0|0|7.33|0,133.03|115.31|32.53|17.96|25.09|16.29|25.09|30.59|41.45|54.41|70.1|64.76,-2.41|-14.64|-26.22|-53.06|-2.07|-1.71|1.42|4.85|4.51|6.17|8.1|6.92
Shera Energy,https://www.screener.in/company/SHERA/consolidated/,455 Cr.,186,198 / 95.0,13.3,79.3,0.00 %,19.5 %,16.9 %,10.0,1.31,2.42,0.00 %,0.00 %,5.34 %,4.61 %,2.25 %,1.76 %,33.0 %,56.7 %,53.1 %,36.8 %,0.00 %,1.35,0.63 %,0.00 Cr.,0.00 Cr.,0.00 Cr.,Industrials,Capital Goods,Industrial Products,"Aluminium, Copper & Zinc Products",13,12,9,8,1.58|2.04|2.28|2.23|2.69|3.09|4.02|4.2,-5,-6,22|20|30|11|13|38|-6|-5,5.52,7|7|8|6|6|6|4.6|5,,6.34|0.22|0|0.02|0.01|0.01|0|0,0|0.09|0|0.07|0.45|0.79|0.9|0.9,0|0|0|0|0|0|0|0,466|425|422|524|696|875|1277|1640,7|4|5|7|9|14|22|37
JOJO,https://www.screener.in/company/531910/,"1,590 Cr.",230,230 / 72.0,234,10.5,0.01 %,19.5 %,13.1 %,5.00,1.98,,0.00 %,0.00 %,42.2 %,52.0 %,26.1 %,55.9 %,508 %,738 %,503 %,85.5 %,0.00 %,0.01,-0.01 %,0.13 Cr.,0.00 Cr.,0.03 Cr.,Consumer Discretionary,"Media, Entertainment & Publication",Entertainment,"Film Production, Distribution & Exhibition",1.09,1.16,4.46,0.07,0.03|0.1|0.05|0.04|0.01|0.87|0.23|0.16,11.36,-11.79,-0.02|-0.09|-0.55|0.04|0.06|-0.06|0.1|0.15|-0.07|-14.39|-11.79|11.36,39.97,9.09|-15.38|-400|16.67|0|50|-20|75.68|51.96|42.21,,,,0|0|0|0|0|0|0|1.72|0|2.16,0|0.11|0.13|0.03|0.12|0|0.12|0.2|0.1|2.22|1.79|22.53,-0.02|0.01|0|0.01|0.01|-0.11|0|0.17|0.01|2.75|1|5.89
Fabtech Cleanrooms,https://www.screener.in/company/544332/consolidated/,588 Cr.,478,500 / 203,39.0,84.1,0.42 %,19.4 %,15.2 %,10.0,2.15,12.2,0.00 %,0.77 %,9.96 %,10.8 %,7.51 %,8.79 %,20.7 %,23.7 %,-24.6 %,-45.2 %,0.00 %,0.19,0.02 %,0.00 Cr.,2.46 Cr.,0.49 Cr.,Industrials,Capital Goods,Industrial Manufacturing,Industrial Products,13,4,8,5,18.34|5.85|6.45|3.25|10.14,-17,3,-9|4|3|8|3|3|-17,9.00,7|2.1|5|10|9|11|10,,0.69|0|0|0,11.24|8.97|5.65|6.42,0|0|0|0|0|19|0,89|70|114|125|97|150|219,4|1|4|8|6|13|17
HCP Plastene,https://www.screener.in/company/526717/consolidated/,410 Cr.,384,384 / 140,12.4,76.8,0.26 %,19.4 %,32.9 %,10.0,1.34,3.60,-1.83 %,-0.10 %,9.55 %,7.64 %,4.92 %,2.85 %,18.7 %,136 %,136 %,27.1 %,0.00 %,3.00,0.00 %,1.07 Cr.,0.00 Cr.,0.21 Cr.,Industrials,Capital Goods,Industrial Products,Packaging,18,8,8,5,1.41|1.41|4.72|3.76|3.71|6.58|7.69|12.93,,-19,-16|-23|-20|-19|-19,6.80,-20|5|5|6|8|10,,0.07|0.07|0.07|0.07|4.5|4.5|4.5|2.67,4.8|4.8|4.8|4.8|4.8|4.8|4.79|4.69,0|0|0|0|0|5,16|112|351|295|463|588,64|-2|1|0|13|29
Kaka Industries,https://www.screener.in/company/543939/,290 Cr.,212,269 / 139,15.4,60.8,0.00 %,19.4 %,25.5 %,10.0,1.25,4.91,0.00 %,-0.45 %,13.4 %,13.2 %,7.13 %,6.51 %,19.6 %,37.8 %,24.2 %,2.54 %,0.00 %,1.25,0.00 %,0.00 Cr.,0.00 Cr.,0.00 Cr.,Industrials,Capital Goods,Industrial Products,Plastic Products - Industrial,10,9,6,7,2.92|6.48|4.75|4.76|4.77|4.65|6.48|7.26,16,4,-6|-5|0|8|12|4|16,11.00,6|8|8|9|12|13|13,,0|0|0|0|0|0|0|0,0.66|0|0|0.28|0.28|0.41|0.45|0,0|0|0|0|0|0|0,41|79|117|154|170|198|263,1|3|5|7|13|13|19
Ganesh Consumer,https://www.screener.in/company/GANESHCP/,684 Cr.,169,310 / 152,15.1,91.7,2.96 %,19.3 %,14.2 %,10.0,4.24,9.41,-0.52 %,-0.13 %,9.82 %,8.61 %,4.86 %,4.17 %,12.6 %,15.9 %,11.9 %,4.35 %,0.00 %,0.07,1.57 %,19.9 Cr.,3.00 Cr.,6.59 Cr.,Fast Moving Consumer Goods,Fast Moving Consumer Goods,Food Products,Packaged Foods,13,10,12,11,2.61|2.15|1.26|2.62|2.75|3.02|2.36|3.1,80,46,5|58|-13|88|46|80,9.20,8|11|10|9|8|9|10,,8.17|5.36|2.78|2.26,5.55|5.48|5.63|5.5,0|0|0|18|19|8|47,499|491|455|611|759|850|871,25|29|27|27|27|35|42
Century Extrus.,https://www.screener.in/company/CENTEXT/,211 Cr.,19.2,31.7 / 14.3,16.4,7.54,0.00 %,19.3 %,14.0 %,1.00,1.36,2.51,0.04 %,0.06 %,6.66 %,6.01 %,2.42 %,2.30 %,8.76 %,18.6 %,18.6 %,39.7 %,13.5 %,0.75,0.00 %,0.00 Cr.,0.00 Cr.,0.00 Cr.,Industrials,Capital Goods,Industrial Products,"Aluminium, Copper & Zinc Products",3.77,2.95,2.90,2.76,0.22|0.22|0.24|0.21|0.25|0.26|0.27|0.34,4,13,10|5|3|5|-3|21|22|-8|14|11|13|4,6.20,4.7|5|5|4.8|6|7|8|6|6|6|6|7,,0.2|0.2|0.24|0.32|0.16|0.28|0.14|0.18,0|0|0|0|0|0|0|0.06,0|0|0|0|0|0|0|0|0|0|0|0,174|168|180|236|255|231|187|322|372|375|431|479,1|1|1|4|4|4|2|6|6|7|10|11
Felix Industries,https://www.screener.in/company/FELIX/consolidated/,355 Cr.,206,233 / 143,17.6,88.2,0.00 %,19.3 %,15.0 %,10.0,2.08,9.90,0.04 %,0.74 %,27.6 %,22.6 %,17.8 %,24.9 %,74.1 %,149 %,66.2 %,%,40.5 %,0.22,0.00 %,0.00 Cr.,0.00 Cr.,Cr.,Utilities,Utilities,Other Utilities,Water Supply & Management,5.51,4.34,4.95,5.33,0.23|2.92|2.38|2.68|2.78|3.24|2.38|3.3,-37,30,-6|-33|30|-37,19.75,11|17|23|28,,0|0.11|1.47|1.43|1.42|0.11|1.24|1.28,0|0|0|0|0.18|0.32|0.43|1.17,0|0|0|0,19|34|37|102,1|5|9|18
Uni Abex Alloy,https://www.screener.in/company/504605/,852 Cr.,"4,315","5,750 / 2,650",18.5,"2,099",0.93 %,19.2 %,17.0 %,10.0,5.58,85.6,0.01 %,0.00 %,23.6 %,22.8 %,21.6 %,17.3 %,10.3 %,36.6 %,36.6 %,34.6 %,0.00 %,0.03,0.00 %,19.8 Cr.,6.93 Cr.,7.62 Cr.,Industrials,Capital Goods,Industrial Products,Iron & Steel Products,7.25,257.63,5.47,11.20,42.48|26.78|64|28.15|56.71|27.7|1304.46|36.71,25,35,-10|12|11|9|5|13|26|12|26|28|35|25,21.40,8|9|-0.8|9|18|19|20|16|17|27|23|24,,0|0|0|0|0|0|0|0.01,0.03|0.03|0.03|0.03|0.03|0.02|0.02|0.02,-8|-13|0|22|16|18|19|20|21|14|21|7,78|62|62|81|90|102|105|137|163|180|193|219,-8|-3|-8|1|9|5|11|12|19|35|34|280
B C C Fuba India,https://www.screener.in/company/517246/,627 Cr.,258,274 / 102,74.4,23.1,0.00 %,19.2 %,17.0 %,10.0,1.64,11.4,0.00 %,0.14 %,14.8 %,14.2 %,8.10 %,7.95 %,36.3 %,36.7 %,36.7 %,61.2 %,1.55 %,0.35,0.00 %,0.00 Cr.,0.00 Cr.,0.00 Cr.,Information Technology,Information Technology,IT - Hardware,Computers Hardware & Equipments,3.86,1.95,1.17,1.45,0.46|0.5|0.48|0.66|0.73|0.59|0.98|1.59,9.27,-0.09,-0.79|-1.08|-0.01|-3.96|0.13|1.35|4.15|-0.39|3.7|5.16|-0.09|9.27,11.94,-12.97|-8.43|-0.89|-4.92|1.76|-0.8|2.56|6.03|10.68|13.92|14.23|14.84,,,0.2|0.2|0.2|0.2|0.2|0.34|0.35|0.49,0|0|0|0|0|0|0|0|0|0|0|0,6.86|7.59|9.03|15.05|41.38|47.38|44.45|28.54|28.65|32.26|47.07|72.59,-1.14|-0.74|-0.12|-0.63|0.2|-0.95|0.59|0.89|2.3|3.76|3.74|5.88
Shivashrit Foods,https://www.screener.in/company/SHIVASHRIT/,211 Cr.,115,144 / 96.0,15.0,56.2,0.00 %,19.2 %,20.5 %,10.0,3.68,4.94,-1.29 %,0.54 %,21.2 %,21.6 %,12.4 %,11.6 %,35.8 %,110 %,33.0 %,%,0.00 %,0.46,0.00 %,0.00 Cr.,0.00 Cr.,0.00 Cr.,Fast Moving Consumer Goods,Fast Moving Consumer Goods,Food Products,Other Food Products,7,8,6,6,13.29|4.18|4.11|3.58,-0,-8,1|0|5|-8|0,18.00,12|11|24|22|21,,5.26|3.97,3.36|3.9,0|0|0|0|0,38|45|76|105|114,1|2|12|12|14
Manika Plastech,https://www.screener.in/company/MANIKA/consolidated/,501 Cr.,,/,22.2,,%,19.2 %,16.5 %,2.00,1.13,3.03,%,%,13.4 %,11.2 %,5.17 %,4.77 %,3.24 %,22.0 %,784 %,319 %,%,0.66,%,0.00 Cr.,0.00 Cr.,0.57 Cr.,,,,,,,,,,44,37,17|28|40|32|37|44,10.20,9|9|9|9|11|13,,,,0|0|23|0|0|0,268|333|396|361|406|436,7|11|12|12|19|22
Linc,https://www.screener.in/company/LINC/,546 Cr.,91.8,134 / 85.0,15.9,43.9,1.63 %,19.1 %,14.7 %,5.00,2.84,23.5,0.09 %,0.00 %,10.8 %,11.9 %,6.83 %,7.21 %,3.01 %,-1.10 %,-1.15 %,249 %,0.00 %,0.08,0.00 %,8.92 Cr.,8.92 Cr.,7.08 Cr.,Fast Moving Consumer Goods,Fast Moving Consumer Goods,Household Products,Stationary,5.10,11.66,7.46,10.16,1.48|1.49|2.13|1.23|1.71|1.25|1.96|0.86,33,57,25|10|9|13|33|38|47|20|43|38|57|33,10.60,8|9|10|8|7|10|4|6|13|11|12|11,,1.1|1.14|1.06|0.95|0.92|0.92|0.84|0.93,0|0|0|0|0|0|0|0,26|24|26|28|43|12|0|33|20|22|23|24,308|331|344|327|363|393|257|355|487|502|531|532,14|18|17|8|5|19|0|8|37|34|39|37
Pelatro,https://www.screener.in/company/PELATRO/consolidated/,408 Cr.,385,410 / 246,19.1,104,0.26 %,19.1 %,21.4 %,10.0,3.20,6.33,-0.17 %,0.40 %,18.8 %,16.7 %,14.2 %,14.1 %,%,%,%,%,0.00 %,0.38,0.00 %,1.06 Cr.,0.00 Cr.,Cr.,Consumer Discretionary,"Media, Entertainment & Publication",Media,Web based media and service,5.43,6.11,3.79,4.65,2.63|3.05|3.55|3.42|4.39|3.58|5.77|5.12,20,20,25|20|20,14.00,6|17|19,,5.56|4.03|2.58|2.41,3.61|1.2|1.17|1.57,0|0|6,55|86|138,-2|12|18
Aastha Spintex,https://www.screener.in/company/AASTHA/,337 Cr.,76.2,140 / 70.0,13.7,,0.13 %,19.0 %,16.8 %,10.0,1.62,3.79,%,%,12.0 %,14.2 %,5.36 %,6.69 %,22.8 %,182 %,168 %,41.7 %,0.00 %,0.67,%,3.16 Cr.,0.00 Cr.,0.63 Cr.,Consumer Discretionary,Textiles,Textiles & Apparels,Other Textile Products,3.09,10.79,10.79,2.28,2.74|0.77|3.41|3.41|0.98,5,-18,20|24|15|13|-18|5,10.40,10|8|6|12|14|12,,3.51,2.38,0|0|0|0|0|13,184|254|239|305|351|443,4|12|1|16|24|24
Tankup Engi.,https://www.screener.in/company/TANKUP/,872 Cr.,"1,646","1,670 / 390",182,56.1,0.00 %,19.0 %,26.3 %,10.0,1.63,4.13,-0.02 %,-0.30 %,12.6 %,12.5 %,8.35 %,7.49 %,69.2 %,82.2 %,-34.1 %,%,0.00 %,1.21,0.00 %,0.00 Cr.,0.00 Cr.,0.00 Cr.,Industrials,Capital Goods,Industrial Products,Other Industrial Products,2.74,2.04,1.00,0.52,60.8|1.33|2.56|3.85|5.17,-34.36,-5.80,-0.6|-0.66|-0.8|-5.8|-34.36,12.00,6.43|10.92|17.56|12.46|12.61,,1.72|0.21|0.19,10.61|7.59|7.29,0|0|0|0|0,1.4|11.81|19.42|20.3|57.25,0.05|0.79|2.48|1.52|4.78
Injecto Polymers,https://www.screener.in/company/544930/,208 Cr.,,/,13.0,,%,19.0 %,28.9 %,10.0,1.16,2.91,%,%,10.1 %,8.63 %,4.26 %,3.10 %,57.4 %,97.8 %,-15.8 %,-7.72 %,%,2.61,%,0.00 Cr.,0.00 Cr.,0.00 Cr.,,,,,,,,,,-49,-17,10|-16|-2|-13|-17|-49,9.00,9|7|8|11|9|10,,,,0|0|0|0|0|0,49|88|96|109|261|376,1|1|2|4|8|16
Varvee Global,https://www.screener.in/company/VGL/,341 Cr.,66.3,87.5 / 43.7,,15.0,0.00 %,18.9 %,22.1 %,5.00,0.59,825,0.57 %,0.00 %,8.55 %,-189 %,19.8 %,-217 %,-37.8 %,29.8 %,29.5 %,16.8 %,15.6 %,0.04,0.00 %,0.00 Cr.,0.00 Cr.,0.00 Cr.,Consumer Discretionary,Textiles,Textiles & Apparels,Other Textile Products,-6.56,-28.59,5.35,10.21,1.76|-1.48|-1.89|4.95|1.98|1.04|-5.55|-1.27,5,27,47|75|110|38|51|65|45|13|40|110|27|5,-45.50,9|9|9|10|11|6|-7|-2.5|-11|-34|-189|9,,0.37|0.25|0|0.01|0|0|0.01|0.58,0|0|0.07|1.3|1.3|1.3|1.3|1.3,0|0|0|0|0|0|0|0|0|0|0|0,746|841|844|827|752|565|265|421|261|85|42|63,0|7|2|6|1|-42|-64|-41|-65|-45|19|12
VVIP Infratech,https://www.screener.in/company/544219/consolidated/,342 Cr.,137,168 / 92.0,11.4,91.7,0.00 %,18.9 %,14.0 %,10.0,1.82,10.3,0.00 %,0.41 %,20.6 %,21.1 %,12.3 %,13.6 %,18.4 %,30.3 %,-62.3 %,147 %,13.5 %,0.83,0.08 %,0.00 Cr.,0.00 Cr.,0.00 Cr.,Utilities,Utilities,Other Utilities,Waste Management,17,25,23,28,6.4|4.8|7.02|7.44|7.32|4.72,-80,-64,54|-1|52|16|-64|-80,13.24,0.9|3.2|10|11|21|21,,0.71|0.12|0.08|0.08,3|5.48|5.75|6.16,0|0|0|0|0|0,125|182|209|283|370|346,-2|3|12|20|50|43
Ganesh Infra.,https://www.screener.in/company/GANESHIN/consolidated/,408 Cr.,93.1,250 / 66.4,4.46,59.7,0.11 %,18.9 %,35.1 %,5.00,1.29,6.30,-0.01 %,0.01 %,12.6 %,9.74 %,9.12 %,7.07 %,%,%,%,%,0.00 %,1.94,-1.38 %,0.43 Cr.,0.00 Cr.,Cr.,Industrials,Construction,Construction,Civil Construction,30,24,19,18,2.29|2.65|2.72|3.42|4.23|4.46|5.73|6.95,-41,-80,-80|-41,11.50,10|13,,0.92|0.55|0.77|0.98|0.68|0.52|0.52|0.51,8.58|5.82|5.1|2.45|2.35|2.7|2.78|2.71,0|1,538|836,40|76
HRS Aluglaze,https://www.screener.in/company/544656/,492 Cr.,255,293 / 126,48.1,39.1,0.00 %,18.9 %,21.4 %,10.0,1.82,6.25,-2.07 %,-5.42 %,26.6 %,25.4 %,15.1 %,12.2 %,44.1 %,127 %,58.2 %,%,0.00 %,0.52,0.00 %,0.00 Cr.,0.00 Cr.,Cr.,Industrials,Capital Goods,Industrial Manufacturing,Industrial Products,,6,5,1,2.07|3.25|2.95,-11,3,-2|1|3|-11,18.25,8|13|25|27,,4.78|2.71,8.13|2.71,0|0|0|0,23|27|42|68,1|2|5|10
Aayush Art,https://www.screener.in/company/540718/,"1,945 Cr.","1,270","1,299 / 956",247,39.7,0.00 %,18.9 %,13.9 %,10.0,1.94,,0.00 %,0.00 %,4.97 %,3.32 %,3.65 %,2.45 %,154 %,212 %,81.4 %,122 %,0.00 %,0.00,3.92 %,0.00 Cr.,0.00 Cr.,0.00 Cr.,Consumer Discretionary,Textiles,Textiles & Apparels,Other Textile Products,8,0,2,0,0.2|0.66|0.27|0.15|0.17|1.02|0.24|4.92,-0,-40,0|0|0|-4|0|1|0|-1|3|0|-40|0,-1.34,-30|-19|0.4|0.2|0.3|-14|-2.9|-13|0|-2|3.3|5,,,,0|0|0|0|0|0|0|0|0|0|0,1|1|11|13|8|2|2|3|13|7|74|216,0|0|0|0|0|0|0|0|0|0|2|8
Committed Cargo,https://www.screener.in/company/COMMITTED/consolidated/,539 Cr.,330,362 / 174,46.2,80.8,0.15 %,18.8 %,13.7 %,10.0,5.78,32.0,3.12 %,0.00 %,6.96 %,5.52 %,4.88 %,3.61 %,%,%,%,%,0.00 %,0.06,-3.70 %,0.00 Cr.,0.54 Cr.,Cr.,Services,Services,Transport Services,Logistics Solution Provider,5,5,5,3,2.82|4.39|4.66|5.5,-5,-6,0|0|1|0|1|-3|-6|-5,5.34,6|3|4.2|3.9|6|3.8|6|7,,0.03|0.03|0.98|4.55|5.03|7.48|7.56|10.6,,0|0|0|0|0|13|7|0,50|60|62|64|64|143|190|239,2|2|1|1|2|4|8|13
Aelea Commoditi.,https://www.screener.in/company/544213/consolidated/,317 Cr.,156,230 / 106,14.9,61.8,0.00 %,18.8 %,18.7 %,10.0,1.40,3.67,-0.11 %,0.00 %,10.5 %,4.44 %,5.59 %,1.47 %,51.8 %,123 %,-86.0 %,-78.4 %,0.00 %,0.89,0.08 %,0.00 Cr.,0.00 Cr.,0.00 Cr.,Fast Moving Consumer Goods,Fast Moving Consumer Goods,Agricultural Food & other Products,Other Agricultural Products,13,9,-4,6,6300|5.55|2.74|-2.17|4.27|6.19,-30,-29,-14|6|5|-7|-29|-30,7.84,4.1|8|4.8|12|4.4|10,,1.23|0.18|0.18|0.18|0.07,3.43|2.15|1.78|0|0,0|0|0|0|0|0,475|103|109|142|182|382,11|11|2|11|1|21
Denta Water,https://www.screener.in/company/DENTA/consolidated/,746 Cr.,279,480 / 222,13.9,172,0.89 %,18.8 %,14.0 %,10.0,15.9,61.7,-0.01 %,0.00 %,29.7 %,33.5 %,24.3 %,26.0 %,12.8 %,6.72 %,-39.8 %,-0.27 %,0.00 %,0.03,0.00 %,0.00 Cr.,0.00 Cr.,0.00 Cr.,Utilities,Utilities,Other Utilities,Water Supply & Management,11,9,14,19,5.76|7.79|5.14|6.95|7.09|5.36|3.41|4.18,-34,-72,27|-8|51|27|-72|-34,35.60,46|43|38|33|34|30,,1.88|1.11|0.25|0|0.01|0,5.12|2.86|1.9|0.63|0.32|0.32,0|0|0|0|0|0,32|120|174|239|203|250,11|38|50|60|53|61
Highway Infra,https://www.screener.in/company/HILINFRA/consolidated/,315 Cr.,43.9,87.9 / 40.1,12.2,31.8,0.00 %,18.8 %,18.8 %,5.00,2.09,5.81,-0.01 %,0.00 %,4.32 %,6.33 %,5.24 %,3.69 %,31.8 %,40.0 %,-28.3 %,-12.4 %,0.00 %,0.45,0.00 %,0.00 Cr.,0.00 Cr.,0.00 Cr.,Services,Services,Transport Infrastructure,"Road AssetsToll, Annuity, Hybrid-Annuity",1.06,8.69,6.26,9.67,0.24|0.57|2.06|1.25|1.34|0.89|1.23|0.15,-66,-5,-5|0|0|14|-5|-66,6.06,10|6|7|7|6|4.3,,0|0.04|0.01|0,2.01|0.66|0.4|0.4,0|0|0|0|0|0,147|292|266|573|496|608,8|8|12|21|22|32
Asarfi Hospital,https://www.screener.in/company/543943/,350 Cr.,178,257 / 123,19.3,52.2,0.00 %,18.8 %,19.0 %,10.0,1.49,6.73,0.00 %,0.57 %,20.5 %,21.3 %,9.86 %,8.91 %,36.0 %,28.6 %,16.2 %,-21.4 %,0.00 %,0.53,0.00 %,0.00 Cr.,0.00 Cr.,0.00 Cr.,Healthcare,Healthcare,Healthcare Services,Hospital,4.27,4.09,5.48,4.30,1.47|1.38|1.95|1.63|2.19|2.78|2.08|2.17,19,-4,2|10|9|7|26|-4|19,19.60,15|15|17|20|20|21|20,,0|0|0|0.1|0.05|0|0|0,2.33|1.95|2.92|3.19|2.18|1.98|2.4|2.97,0|0|0|0|0|0|0,43|54|65|69|81|118|173,3|4|6|8|4|11|17
Vidhi Specialty,https://www.screener.in/company/VIDHIING/,"1,721 Cr.",345,398 / 259,32.1,65.9,0.87 %,18.8 %,15.6 %,1.00,3.31,17.8,-0.06 %,0.04 %,20.5 %,17.9 %,12.9 %,11.4 %,-2.02 %,9.09 %,9.09 %,6.00 %,0.00 %,0.18,0.00 %,15.0 Cr.,25.0 Cr.,11.2 Cr.,Commodities,Chemicals,Chemicals & Petrochemicals,Specialty Chemicals,17,13,12,11,2.08|2.54|2.41|2.55|2.14|2.49|2.66|3.43,42,-5,17|17|-9|33|22|28|11|-22|96|71|-5|42,17.60,14|16|15|15|20|22|20|16|14|19|18|21,,0.11|0.1|0.11|0.12|0.12|0.1|0.12|0.06,0|0|0|0|0|0|0|0.04,20|27|27|26|14|15|11|3|11|27|57|31,189|185|193|213|228|225|266|537|404|298|382|380,12|15|15|16|29|34|37|59|38|37|44|49
Creative Newtech,https://www.screener.in/company/CNL/consolidated/,"1,693 Cr.","1,127","1,328 / 524",23.0,242,0.04 %,18.8 %,18.8 %,10.0,1.68,4.43,0.05 %,0.20 %,3.37 %,3.04 %,2.60 %,2.98 %,24.8 %,36.0 %,28.3 %,38.0 %,0.00 %,0.89,0.00 %,0.75 Cr.,0.75 Cr.,0.69 Cr.,Services,Services,Commercial Services & Supplies,Trading & Distributors,14,18,23,19,9.28|11.99|9.14|6.78|12.62|15.56|11.85|9.02,-272,22,-4|-2|-4|-19|-21|-28|22|-272,3.04,2.8|3.4|2.4|3.4|2.6|2.8|3|3.4,,0.29|0.89|0.98|1.01|0.37|0.22|0.22|0.27,1.52|1.52|0.96|0.96|0.98|1.04|1.08|1.28,5|7|0|4|3|2|2|1,368|457|520|947|1392|1721|1783|2704,6|8|9|19|27|48|53|70
Vinyas Innovativ,https://www.screener.in/company/VINYAS/,"1,803 Cr.","1,432","1,730 / 809",58.4,187,0.00 %,18.7 %,16.1 %,10.0,1.83,3.70,0.02 %,2.00 %,11.9 %,10.3 %,6.00 %,4.90 %,29.9 %,61.5 %,%,%,0.00 %,0.56,0.01 %,0.00 Cr.,0.00 Cr.,0.00 Cr.,Industrials,Capital Goods,Industrial Manufacturing,Industrial Products,22,9,12,7,6.08|7.71|5.58|9.86|7.42|17.11,-32,9,15|-25|12|12|-29|9|-32,9.60,8|5|6|9|11|10|12,,0.03|0.03|0.03|0.48|0.47|0.49,3.24|2.77|2.75|3.51|4.53|6.53,0|0|0|0|0|0|0,150|205|208|235|317|397|514,1|1|1|7|15|19|31
Black Rose Indus,https://www.screener.in/company/BLACKROSE/consolidated/,543 Cr.,106,138 / 61.0,18.9,33.2,1.88 %,18.7 %,13.6 %,1.00,4.05,26.6,0.00 %,0.03 %,10.1 %,8.74 %,6.79 %,6.05 %,-9.13 %,40.4 %,40.4 %,-4.38 %,0.00 %,0.01,0.00 %,6.38 Cr.,16.1 Cr.,6.48 Cr.,Commodities,Chemicals,Chemicals & Petrochemicals,Specialty Chemicals,10,9,4,4,0.92|1.12|1.14|0.82|0.87|0.86|1.85|2.04,45,-13,1|6|7|12|11|17|10|15|23|17|-13|45,7.66,3.4|5|6|7|8|9|11|9|3.3|7|9|10,,,0|0|0|0|0.07|0.14|0.15|0.18,0|0|10|7|11|9|8|12|35|16|77|28,196|177|242|298|309|373|380|488|430|380|337|323,1|2|5|12|14|21|27|32|8|21|21|22
Bright Outdoor,https://www.screener.in/company/543831/,757 Cr.,347,450 / 310,31.5,85.0,0.14 %,18.7 %,13.8 %,10.0,5.58,109,-2.73 %,0.31 %,21.5 %,20.6 %,15.7 %,15.1 %,18.7 %,50.2 %,48.0 %,51.2 %,0.00 %,0.00,0.00 %,1.09 Cr.,0.73 Cr.,0.51 Cr.,Consumer Discretionary,"Media, Entertainment & Publication",Media,Advertising & Media Agencies,14,10,10,9,2.74|1.41|2.01|5.43|4.19|4.56|4.62|6.4,4,5,1|6|7|-12|-18|5|4,17.80,9|20|13|13|21|21|21,,0|7.04|7.18|7.86|8|9.78|7.05,0|0|0|0|0|0.71|1.02,0|0|0|0|5|4|5,71|24|50|92|107|127|153,2|1|3|7|16|19|24
Aaron Industries,https://www.screener.in/company/AARON/,251 Cr.,120,228 / 107,30.3,23.2,0.42 %,18.7 %,15.0 %,10.0,1.37,6.27,0.00 %,0.00 %,19.3 %,19.0 %,7.46 %,10.6 %,18.1 %,8.30 %,6.82 %,27.7 %,0.00 %,0.57,0.00 %,1.05 Cr.,1.26 Cr.,1.03 Cr.,Industrials,Capital Goods,Industrial Manufacturing,Industrial Products,2.56,2.32,2.02,1.39,0.87|0.86|1.32|0.51|0.66|0.96|1.11|1.22,7.67,8.63,-0.91|-0.06|-0.47|-0.15|1.4|3.27|1.17|4.07|5.6|8.63|7.67,17.71,4.23|5.21|13.25|11.62|14.25|13.9|15.53|17.08|17.59|19.04|19.33,,,0.52|0.52|0.52|0.43|0|0|0|0,0|0|0|0|22.23|31.21|21.65|18.59|16.54|15.25|15.4,3.31|4.8|11.77|17.55|21.4|24.96|37.74|55.85|63.23|77.93|92.01,0.04|0.05|0.93|1.06|1.42|1.93|3.71|5.4|6.33|8.24|6.8
Captain Polyplas,https://www.screener.in/company/CPL/consolidated/,388 Cr.,64.5,87.8 / 52.7,13.8,31.8,0.00 %,18.6 %,16.3 %,2.00,2.14,6.06,0.00 %,0.00 %,11.0 %,11.4 %,6.66 %,4.38 %,22.9 %,66.4 %,56.8 %,20.8 %,12.7 %,0.47,0.00 %,0.00 Cr.,0.00 Cr.,0.04 Cr.,Industrials,Capital Goods,Industrial Products,Plastic Products - Industrial,4.66,9.76,9.48,4.24,2.94|1.22|0.89|0.72|0.71|1.58|1.62|0.77,-22,8,12|7|10|-8|-6|0|0|12|12|-13|8|-22,9.80,13|12|14|12|12|15|14|8|8|11|11|11,,,,0|11|8|4|3|2|2|7|0|0|0|0,99|135|115|125|149|186|178|185|225|294|287|417,2|4|5|6|7|13|9|3|6|18|31|28
Gulshan Polyols,https://www.screener.in/company/GULPOLY/,"1,060 Cr.",170,228 / 122,7.18,115,0.88 %,18.6 %,16.6 %,1.00,1.23,6.05,0.03 %,0.00 %,10.1 %,4.80 %,4.77 %,1.12 %,25.2 %,36.5 %,36.5 %,10.0 %,0.00 %,0.44,0.00 %,9.36 Cr.,1.87 Cr.,5.22 Cr.,Fast Moving Consumer Goods,Fast Moving Consumer Goods,Agricultural Food & other Products,Other Agricultural Products,54,38,41,16,0.21|1.09|1.13|2.11|2.49|6.56|6.02|8.58,207,42,50|55|81|42|87|44|106|61|16|66|42|207,8.00,14|14|12|11|12|11|17|14|7|4.2|4.8|10,,0.5|0|0.06|0|0|0|0.29|0.32,0.8|1.11|0.67|0.56|0.07|0|0|0,12|11|39|18|15|16|8|12|6|11|8|9,395|433|492|616|674|621|766|1101|1180|1378|2020|2312,25|30|27|18|21|21|62|85|45|18|25|107
Sejal Glass,https://www.screener.in/company/SEJALLTD/consolidated/,814 Cr.,714,"1,038 / 381",25.8,133,0.00 %,18.6 %,31.1 %,10.0,1.44,2.63,0.00 %,0.10 %,15.7 %,14.0 %,7.50 %,4.52 %,104 %,49.7 %,43.8 %,64.5 %,0.15 %,1.34,0.00 %,0.00 Cr.,0.00 Cr.,0.00 Cr.,Industrials,Capital Goods,Industrial Products,Glass - Industrial,7.21,11.42,5.08,8.12,2.4|3.34|3.75|4.33|7.95|4.39|9.94|6.26,51,-6,-1|3|7|3|-6|-3|-9|-6|51,8.70,-12|-56|-78|-115|-29|-4.5|6|12|14|16,,0.29|0.21|0.21|0.21|0.21|0.19|0.19|0.19,0|0.4|0.47|0.47|0.47|0.41|4.44|4.54,0|0|0|0|0|0|0|0|0|0,126|10|9|4|10|24|46|164|244|396,-19|-7|-15|-22|-18|147|8|3|11|29
Digilogic Systems,https://www.screener.in/company/544684/,521 Cr.,180,215 / 73.0,52.7,37.3,0.00 %,18.6 %,14.0 %,2.00,3.46,10.5,%,%,20.4 %,18.7 %,12.8 %,10.7 %,11.4 %,65.5 %,-32.1 %,-1.34 %,0.00 %,0.04,%,0.00 Cr.,0.00 Cr.,0.00 Cr.,Industrials,Capital Goods,Aerospace & Defense,Aerospace & Defense,,,9,2,3.78|2.95,13,-11,3|5|-7|5|-11|13,14.00,14|10|10|11|19|20,,2.4,17.39,0|0|0|0|0|0,20|40|56|52|72|77,1|1|2|2|8|10
Punjab Chemicals,https://www.screener.in/company/PUNJABCHEM/consolidated/,"1,319 Cr.","1,076","1,534 / 876",19.7,345,0.28 %,18.6 %,16.6 %,10.0,1.52,6.23,2.85 %,0.02 %,11.5 %,11.0 %,6.35 %,4.64 %,0.78 %,2.14 %,2.14 %,5.97 %,0.00 %,0.36,0.00 %,3.68 Cr.,3.68 Cr.,3.68 Cr.,Commodities,Chemicals,Fertilizers & Agrochemicals,Pesticides & Agrochemicals,22,11,14,19,10.09|4.95|5.75|16.82|15.12|11.26|8.95|18,86,25,57|105|62|61|68|34|43|34|58|30|25|86,12.20,8|8|3|9|10|8|14|15|12|12|11|11,,2.97|2.94|3.06|2.99|3.02|3.01|3.01|5.86,0.39|0.5|0.55|0.55|0.56|0.56|0.62|0.64,0|0|0|11|11|17|5|4|6|7|9|6,564|537|525|493|643|550|678|933|1006|934|901|1030,14|13|-20|17|17|11|49|83|61|54|39|64
Integra Engg.,https://www.screener.in/company/505358/consolidated/,580 Cr.,168,270 / 118,39.1,32.3,0.00 %,18.5 %,14.9 %,1.00,2.45,8.70,-0.12 %,0.00 %,16.9 %,19.0 %,9.14 %,11.2 %,8.21 %,-5.36 %,-5.41 %,22.8 %,0.00 %,0.20,0.00 %,0.00 Cr.,0.00 Cr.,0.00 Cr.,Industrials,Capital Goods,Industrial Manufacturing,Industrial Products,4.51,3.41,3.46,3.47,1.55|1.78|1.2|1.48|1.01|1.01|0.99|1.31,15,27,1|2|1|0|5|5|12|-7|9|17|27|15,16.40,-0.3|1.3|0.5|10|15|13|13|14|16|16|19|17,,0.37|0.34|0.38|0.38|0.33|0.38|0.38|0.26,0.28|0.3|0.3|0.3|0.4|0.43|0.6|0.6,0|0|0|0|0|0|0|0|0|0|0|0,28|26|32|45|63|63|63|104|133|147|166|169,0|1|2|3|11|6|5|9|18|15|18|15
Take,https://www.screener.in/company/TAKE/consolidated/,236 Cr.,16.0,50.1 / 10.1,40.0,2.10,0.00 %,18.5 %,16.5 %,1.00,4.54,36.6,-0.08 %,0.00 %,-3.52 %,%,7.86 %,"-2,224 %",-34.1 %,27.0 %,27.0 %,15.1 %,0.00 %,0.00,0.00 %,0.00 Cr.,0.00 Cr.,0.00 Cr.,Healthcare,Healthcare,Healthcare Services,"Healthcare Research, Analytics & Technology",1.06,4.36,1.11,6.29,-0.11|3.22|-0.33|-0.06|0.43|0.08|0.29|0.07,-4,-16,74|151|56|121|104|211|135|30|20|9|-16|-4,-118.08,20|21|20|19|19|8|-9|1.1|-10|-569|-3.5,,0|0|0|0|0|0.56|0.28|0.2,0|0|0.01|0|0|0|0|0,17|10|9|15|8|0|0|0|0|0|0|0,730|1030|1345|1587|2039|2213|774|655|189|4|0|54,80|125|146|160|178|-11|-450|-782|-100|-120|37|11
Khaitan Chemical,https://www.screener.in/company/KHAICHEM/,484 Cr.,49.9,135 / 42.8,8.32,30.0,0.10 %,18.5 %,25.4 %,1.00,1.49,2.93,-0.23 %,0.00 %,11.3 %,3.21 %,6.50 %,0.19 %,4.10 %,20.3 %,20.3 %,21.1 %,0.00 %,1.05,0.00 %,0.48 Cr.,0.00 Cr.,1.26 Cr.,Commodities,Chemicals,Fertilizers & Agrochemicals,Fertilizers,11,1,20,21,-0.32|1.29|0.89|2.21|2.21|2.11|0.13|1.12,44,44,21|26|32|64|92|16|84|27|-88|-55|44|44,6.44,11|10|11|10|11|11|12|15|9|-6|3.2|11,,0.08|0.08|0.16|0.48|0.79|0.32|0.34|0.11,,14|29|29|30|6|13|10|4|7|0|0|1,329|392|359|353|373|437|481|824|888|536|720|1002,4|2|2|2|8|15|25|80|42|-70|1|65
U. Y. Fincorp,https://www.screener.in/company/UYFINCORP/,367 Cr.,19.3,22.4 / 11.5,5.93,20.4,0.00 %,18.5 %,13.4 %,5.00,1.46,149,0.00 %,0.00 %,42.0 %,16.7 %,29.9 %,10.4 %,41.5 %,84.0 %,84.0 %,38.4 %,0.00 %,0.01,0.00 %,0.00 Cr.,0.00 Cr.,0.00 Cr.,Financial Services,Financial Services,Finance,Non Banking Financial Company (NBFC),20,17,17,8,0.18|0.11|0.06|0.31|0.43|0.88|0.92|1.03,-5,7,-56|3|1|-9|3|15|5|-5|-3|-18|7|-5,,,,0|0.01|0.05|0.05|0.72|0.68|0.06|0.06,,0|0|0|8|0|0|0|0|0|0|0|0,,6|7|11|12|4|3|9|3|8|65|12|48
Tara Chand Infra,https://www.screener.in/company/TARACHAND/,376 Cr.,47.7,104 / 46.0,16.2,18.9,0.42 %,18.2 %,20.5 %,2.00,1.72,3.90,0.00 %,0.00 %,36.3 %,31.5 %,9.73 %,8.54 %,26.4 %,62.9 %,55.2 %,50.2 %,0.00 %,0.93,0.00 %,1.58 Cr.,1.58 Cr.,0.63 Cr.,Services,Services,Commercial Services & Supplies,Diversified Commercial Services,1.68,8.57,5.22,7.48,0.92|0.66|1|0.82|0.95|0.66|1.09|0.21,69,56,8|11|26|41|12|34|42|46|56|69,30.20,19|20|19|21|31|31|24|27|32|32|36,,0|0.04|0.14|0.14|0.07|0.11|0.13|0.13,0|0.51|0|0|0|0|0|0,0|0|0|0|13|0|0|0|0|6|6,46|52|81|101|115|110|128|141|172|248|285,1|3|5|5|8|3|2|9|16|25|28
CWD,https://www.screener.in/company/543378/consolidated/,654 Cr.,287,425 / 254,57.7,50.9,0.00 %,18.2 %,13.2 %,10.0,1.75,4.32,0.00 %,-0.01 %,15.6 %,21.6 %,7.68 %,7.63 %,84.1 %,74.0 %,62.6 %,37.6 %,0.00 %,0.71,-1.06 %,0.00 Cr.,0.00 Cr.,0.00 Cr.,Consumer Discretionary,Consumer Durables,Consumer Durables,Consumer Electronics,6,4,4,-2,0.77|0.42|-1.4|2.02|-1.01|2.28|1.9|3.04,-48,3,-1|0|3|-3|-5|3|-48,24.60,34|41|34|26|25|22|16,,,0|0|0|1.03|1.03|0.29|0.29|0.28,0|0|0|0|0|0|0,3|3|15|23|21|33|142,1|1|3|2|1|3|11
Brahmaputra Inf.,https://www.screener.in/company/BRAHMINFRA/consolidated/,471 Cr.,162,209 / 80.0,7.72,119,0.00 %,18.2 %,18.9 %,10.0,1.40,5.03,0.00 %,-0.42 %,23.6 %,19.9 %,16.1 %,12.2 %,27.4 %,76.9 %,76.9 %,125 %,100 %,0.37,0.00 %,0.00 Cr.,0.00 Cr.,0.00 Cr.,Industrials,Construction,Construction,Civil Construction,16,15,15,15,0.13|0.11|7.65|5.18|5.05|5.21|5.09|5.68,8,41,44|43|68|76|16|16|29|-8|28|-127|41|8,20.20,13|20|20|15|16|14|3.1|18|20|19|20|24,,,0.42|0.42|0.42|0.42|0.42|0.42|0.42|0,0|0|0|0|0|0|0|0|0|0|0|0,277|224|214|247|238|150|142|160|179|220|242|369,-25|1|1|1|0|1|0|7|11|17|30|60
Chamanlal Setia,https://www.screener.in/company/CLSEL/,"1,466 Cr.",295,325 / 204,11.7,169,1.02 %,18.2 %,14.4 %,2.00,6.94,19.8,0.22 %,-0.01 %,10.9 %,9.43 %,7.86 %,6.86 %,1.24 %,-1.29 %,0.03 %,7.50 %,0.00 %,0.10,0.00 %,14.9 Cr.,12.4 Cr.,8.84 Cr.,Fast Moving Consumer Goods,Fast Moving Consumer Goods,Agricultural Food & other Products,Other Agricultural Products,32,38,36,19,5.37|5.83|4.94|4.35|3.81|7.23|7.7|6.43,51,73,21|63|-17|-49|-22|51|37|-58|7|-38|73|51,10.60,7|12|13|9|8|10|14|10|11|12|9|11,,1.4|1.86|2.01|2.44|2.81|3.08|3.08|3.3,1.3|2.56|2.62|2.72|1.97|1.6|1.58|1.57,10|11|5|5|7|5|4|0|4|10|12|13,508|483|493|747|765|798|851|932|1387|1356|1495|1440,20|37|39|42|34|52|82|65|118|116|103|115
Intl. Travel Hse,https://www.screener.in/company/500213/,236 Cr.,295,502 / 266,10.9,224,1.87 %,18.2 %,13.2 %,10.0,1.36,267,0.00 %,0.04 %,14.9 %,16.2 %,9.78 %,11.4 %,7.97 %,-6.53 %,-6.53 %,20.1 %,0.00 %,0.01,0.00 %,4.39 Cr.,4.39 Cr.,3.12 Cr.,Consumer Discretionary,Consumer Services,Leisure Services,"Tour, Travel Related Services",5.64,5.23,-0.02,6.39,9.29|6.73|9.54|8.59|7.99|-0.03|6.54|7.05,25,38,14|15|14|-7|-11|24|36|-19|9|49|38|25,10.40,17|13|13|10|6|1.3|-64|-7|12|16|16|15,,,0|0|0|0|0|0|0|0.04,18|35|30|49|75|0|0|0|10|18|16|24,181|196|202|204|208|209|59|94|184|217|236|232,18|10|11|7|3|-7|-45|-11|28|22|27|18
Sh. Rama Multi.,https://www.screener.in/company/SHREERAMA/,594 Cr.,44.5,72.0 / 35.4,23.3,13.3,0.00 %,18.2 %,15.4 %,5.00,3.29,39.8,0.00 %,0.00 %,17.3 %,15.2 %,10.6 %,24.9 %,6.89 %,71.2 %,71.1 %,48.0 %,0.00 %,0.12,0.00 %,0.00 Cr.,0.00 Cr.,0.00 Cr.,Industrials,Capital Goods,Industrial Products,Packaging,8.06,4.72,5.53,7.17,0.4|0.39|2.74|0.55|0.54|0.41|0.35|0.6,32,20,16|8|17|9|13|15|1|-11|3|21|20|32,9.86,8|14|12|9|7|13|9|1.3|7|9|15|17,,0|0.01|0|0.04|0|0.02|0|0,,0|0|0|0|0|0|0|0|0|0|0|0,108|107|121|122|117|131|136|150|196|178|208|240,-8|11|-2|-3|-3|21|3|-5|5|10|51|25
Pudumjee Paper,https://www.screener.in/company/PDMJEPAPER/,965 Cr.,102,130 / 63.1,10.6,70.5,0.59 %,18.1 %,12.8 %,1.00,2.67,29.7,-0.10 %,0.00 %,15.3 %,15.4 %,9.93 %,10.6 %,2.12 %,11.6 %,11.6 %,10.1 %,0.00 %,0.07,0.00 %,5.70 Cr.,5.70 Cr.,5.32 Cr.,Commodities,Forest Materials,"Paper, Forest & Jute Products",Paper & Paper Products,34,20,21,17,3.13|2.06|1.99|3.82|1.78|2.18|2.08|3.55,121,82,-1|15|82|24|14|52|86|17|31|133|82|121,14.20,6|10|8|6|9|16|13|11|17|15|15,,1.9|2.41|1.5|1.14|0.97|1.01|1.01|0.91,0|0|0|0.01|0.01|0.01|0.01|0.01,0|9|7|7|9|7|9|14|8|6|6|6,0|469|514|499|590|604|437|555|759|785|809|808,0|10|21|19|17|27|30|35|59|98|96|94
Megatherm Indu.,https://www.screener.in/company/MEGATHERM/,478 Cr.,254,306 / 170,19.7,87.8,0.00 %,18.1 %,15.8 %,10.0,1.39,9.15,0.00 %,0.04 %,9.59 %,11.1 %,7.01 %,6.65 %,9.20 %,20.1 %,%,%,0.00 %,0.30,0.02 %,0.00 Cr.,0.00 Cr.,0.00 Cr.,Industrials,Capital Goods,Industrial Products,Other Industrial Products,12,12,12,9,5.48|6.97|4.94|6.37|6.39|6.18,5,16,4|14|17|26|23|16|5,9.52,12|12|4.6|10|12|11|10,,1.8|0.28|0.27|0.27|0.27,1.13|0|0|0|0.04,0|0|0|0|0|0|0,132|109|188|266|306|321|346,6|3|1|14|21|21|24
Lehar Footwears,https://www.screener.in/company/532829/,369 Cr.,208,285 / 160,22.2,74.9,0.24 %,18.1 %,17.0 %,10.0,1.41,5.47,0.00 %,0.00 %,9.05 %,9.44 %,4.83 %,3.92 %,28.6 %,60.4 %,54.1 %,75.1 %,0.00 %,0.44,0.03 %,0.88 Cr.,0.88 Cr.,0.61 Cr.,Consumer Discretionary,Consumer Durables,Consumer Durables,Footwear,3.01,4.14,2.13,7.29,0.72|1.23|2.85|4.11|4.12|1.2|2.34|1.7,25,20,-2|1|4|9|14|6|17|-17|-2|2|20|25,8.20,8|11|10|12|11|8|6|7|7|9|9|9,,0|0|0|0|0|0|0.26|0.26,,0|0|0|0|0|0|0|0|8|13|8|4,84|93|73|75|94|95|147|137|203|194|277|431,2|3|1|2|2|0|1|3|5|7|11|21
Xchanging Sol.,https://www.screener.in/company/XCHANGING/consolidated/,692 Cr.,62.2,103 / 47.5,11.4,35.6,3.22 %,18.0 %,15.8 %,10.0,4.97,16.1,-0.08 %,-0.12 %,33.8 %,28.7 %,29.3 %,26.8 %,5.17 %,9.82 %,9.82 %,-0.97 %,0.00 %,0.18,0.00 %,22.3 Cr.,22.3 Cr.,84.7 Cr.,Information Technology,Information Technology,IT - Software,Computers - Software & Consulting,15,16,13,16,0.88|1.3|1.32|1.24|1.46|1.18|1.46|1.36,41,49,1|28|38|36|48|46|62|35|42|-12|49|41,29.80,0.2|10|3|14|23|26|28|31|28|27|29|34,,0.08|0.07|0.01|0.09|0|0.01|0.11|0.03,0.29|0.29|0.29|0.29|0.29|0.29|0.29|0.17,0|0|0|0|0|0|0|0|0|2765|45|37,287|279|307|186|184|182|196|174|174|174|185|203,25|29|18|32|47|55|62|53|45|14|50|59
Assoc.Alcohols,https://www.screener.in/company/ASALCBR/,"1,324 Cr.",660,"1,277 / 642",16.0,346,0.30 %,18.0 %,14.6 %,10.0,2.51,18.0,0.35 %,0.32 %,14.0 %,11.9 %,8.68 %,7.58 %,13.3 %,28.2 %,23.8 %,6.58 %,0.00 %,0.10,0.00 %,4.02 Cr.,3.62 Cr.,2.97 Cr.,Fast Moving Consumer Goods,Fast Moving Consumer Goods,Beverages,Breweries & Distilleries,18,24,27,14,8.47|14.43|12.35|13.09|7.38|14.38|11.71|8.92,52,74,47|10|25|39|25|58|67|79|7|28|74|52,12.20,10|13|14|16|14|15|21|16|9|10|12|14,,0.91|1.2|1.06|0.63|0.48|0.32|0.33|0.68,0|0|0|0.03|0.03|0|0.94|1.26,4|6|11|7|6|4|3|3|4|7|4|5,298|288|291|324|399|523|436|513|701|759|1075|1020,12|14|17|25|30|49|58|61|42|51|81|88
Empire Inds.,https://www.screener.in/company/EMPIND/,634 Cr.,"1,057","1,248 / 811",11.3,586,2.36 %,18.0 %,15.6 %,10.0,1.79,3.39,0.00 %,0.00 %,11.9 %,10.3 %,7.08 %,5.03 %,2.37 %,15.0 %,15.0 %,31.7 %,0.00 %,0.49,0.00 %,15.0 Cr.,15.0 Cr.,15.0 Cr.,Diversified,Diversified,Diversified,Diversified,14,19,11,12,16.35|17.53|7.4|16.03|20.65|17.63|31.58|23.62,59,92,40|34|48|20|-13|40|103|53|79|75|92|59,11.20,18|16|17|13|11|13|9|11|12|11|10|12,,,5.95|5.95|5.95|5.95|5.95|5.95|5.95|5.95,42|47|44|32|34|44|114|63|42|41|44|29,352|385|405|473|526|575|490|544|682|606|677|731,34|31|34|47|44|34|13|24|36|37|34|52
Tiger Logistics,https://www.screener.in/company/TIGERLOGS/,276 Cr.,26.1,54.4 / 22.9,14.6,15.1,0.00 %,18.0 %,14.4 %,1.00,2.30,6.16,1.20 %,0.00 %,4.72 %,5.86 %,3.76 %,5.04 %,9.75 %,-2.59 %,-2.59 %,31.3 %,0.00 %,0.32,0.18 %,0.00 Cr.,0.00 Cr.,0.21 Cr.,Services,Services,Transport Services,Logistics Solution Provider,2.17,2.22,5.94,8.62,0.71|0.8|0.61|0.45|0.82|0.56|0.21|0.21,-18,-18,-11|6|2|-12|-4|2|26|44|17|-17|-18|-18,5.74,4.3|5|6|6|4.3|-2.8|-6|6|6|6|6|4.7,,8.08|9.41|9.76|11.62|11.78|11.33|11.48|12.68,0|0|0|0.19|0|0|0|0,0|0|0|0|0|0|0|3|0|0|0|0,246|253|298|324|330|301|168|615|433|240|536|573,6|7|10|11|6|-12|-12|34|23|13|27|22
Finbud Financial,https://www.screener.in/company/FINBUD/consolidated/,233 Cr.,122,165 / 76.0,20.0,60.6,0.00 %,18.0 %,15.4 %,10.0,3.59,6.78,%,%,5.78 %,6.57 %,3.69 %,3.75 %,32.6 %,85.0 %,-82.6 %,%,0.00 %,0.20,%,0.00 Cr.,0.00 Cr.,0.00 Cr.,Financial Services,Financial Services,Financial Technology (Fintech),Financial Technology (Fintech),,,,6.35,3.33,-13,-13,2|3|-2|-13|-13,4.88,2.3|3.1|6|7|6,,0.75,5.88,0|0|0|0|0,88|135|190|223|316,0|2|6|8|12
Swaraj Suiting,https://www.screener.in/company/SWARAJ/consolidated/,721 Cr.,273,400 / 158,11.8,129,0.00 %,17.9 %,21.7 %,10.0,1.48,3.34,-0.63 %,0.16 %,19.3 %,17.6 %,9.31 %,8.02 %,38.1 %,112 %,73.2 %,28.6 %,0.00 %,0.96,-0.27 %,0.00 Cr.,0.00 Cr.,0.00 Cr.,Consumer Discretionary,Textiles,Textiles & Apparels,Other Textile Products,16,25,11,9,2.66|8.33|4.07|4.07|5.02|9.38|6.22,-17,41,10|9|6|15|-15|45|41|-17,14.00,19|20|16|10|11|12|18|19,,0|0.01|0.01|0|0|0.85|0.79|0.22,0|0|0.13|0.03|0.71|0.59|0.59|0.75,0|0|0|0|0|0|0|0,76|80|60|129|219|320|417|577,2|4|3|5|6|18|33|54
Prostarm Info,https://www.screener.in/company/PROSTARM/,763 Cr.,130,214 / 115,20.0,51.3,0.00 %,17.9 %,16.6 %,10.0,1.84,11.1,-0.35 %,0.05 %,12.9 %,13.8 %,9.19 %,8.82 %,18.1 %,19.1 %,7.12 %,-7.49 %,0.00 %,0.31,0.01 %,0.00 Cr.,0.00 Cr.,0.00 Cr.,Industrials,Capital Goods,Electrical Equipment,Other Electrical Equipment,5.01,8.76,15.96,8.46,3.27|1.82|1.6|0.26|1.44|2.71|1.49|0.85,-49,-3,0|-1|7|-13|-8|-3|-49,12.60,8|9|10|12|14|14|13,,4.15|0.73|0.55|0.86|0.51,2.15|0.67|1.38|0.82|0.87,0|0|0|0|0|0|0,110|131|171|229|256|346|378,7|8|12|21|24|31|35
Alpine Texworld,https://www.screener.in/company/ALPINETEX/consolidated/,201 Cr.,52.7,105 / 49.2,9.39,,0.00 %,17.9 %,34.6 %,10.0,1.28,2.75,%,%,13.9 %,11.4 %,6.34 %,3.63 %,%,%,%,%,0.00 %,2.46,%,0.00 Cr.,0.00 Cr.,Cr.,Consumer Discretionary,Textiles,Textiles & Apparels,Other Textile Products,,,,4.37,1.66,34,13,13|34,12.50,11|14,,0.32,0.01,0|0,237|343,9|22
Manaksia Coated,https://www.screener.in/company/MANAKCOAT/consolidated/,"1,378 Cr.",129,183 / 94.2,33.8,33.0,0.04 %,17.8 %,11.0 %,1.00,1.79,2.90,-0.92 %,0.00 %,9.09 %,6.88 %,3.59 %,1.97 %,10.7 %,77.4 %,51.2 %,27.5 %,0.00 %,0.37,0.32 %,0.53 Cr.,0.40 Cr.,0.30 Cr.,Industrials,Capital Goods,Industrial Products,Iron & Steel Products,14,5,7,14,0.32|0.67|0.63|1.34|1.32|0.69|0.51|1.32,-14,30,31|22|-22|49|6|20|-13|8|22|30|-14,6.60,5|5|6|8|10|7|5|5|7|7|9,,0.1|1.82|1.46|9.01|1.77|1.45|1.14|0.22,0|0|0|0.02|0.02|0.64|0.59|0.59,0|0|0|0|0|3|0|2|3|3|1,225|269|253|265|247|446|648|652|740|782|884,3|1|2|0|3|6|9|9|11|15|41
Hannah Joseph,https://www.screener.in/company/544687/,252 Cr.,111,129 / 56.0,22.5,42.9,1.80 %,17.8 %,15.0 %,10.0,4.55,6.48,%,%,27.4 %,26.7 %,12.1 %,9.30 %,19.0 %,121 %,98.4 %,18.8 %,0.00 %,0.28,%,0.00 Cr.,0.00 Cr.,Cr.,Healthcare,Healthcare,Healthcare Services,Hospital,,6,5,3,1.87|3.07|2.67,21,19,7|21|8|19|21,26.80,21|30|29|27|27,,0.56,9.05,0|0|0|0|0,36|55|63|78|92,-2|1|4|7|11
United Polyfab,https://www.screener.in/company/UNITEDPOLY/,"1,052 Cr.",45.8,51.2 / 20.6,38.4,5.78,0.00 %,17.8 %,21.1 %,1.00,2.09,4.10,0.00 %,0.00 %,7.74 %,7.27 %,3.56 %,2.94 %,1.48 %,64.3 %,59.4 %,118 %,0.00 %,0.80,0.00 %,0.00 Cr.,0.00 Cr.,0.00 Cr.,Consumer Discretionary,Textiles,Textiles & Apparels,Other Textile Products,7.82,7.06,4.88,7.60,0.22|0.22|0.17|0.26|0.33|0.21|0.31|0.34,14,19,4|7|-2|-3|14|31|27|10|18|2|19|14,5.58,7|9|12|13|14|8|11|5|4.4|3.5|7|8,,6.12|6.12|6.12|6.12|6.09|6.07|6.04|6.04,0|1.74|2.18|2.16|2.16|2.16|2.16|2.16,0|0|0|0|0|0|0|0|0|0|0|0,31|35|40|104|163|264|210|661|653|908|602|682,0|1|1|1|2|3|0|9|5|7|18|24
Cords Cable,https://www.screener.in/company/CORDSCABLE/,471 Cr.,364,395 / 126,19.2,156,0.33 %,17.7 %,10.7 %,10.0,1.51,2.28,-0.13 %,0.03 %,6.11 %,6.22 %,2.16 %,1.84 %,21.9 %,41.9 %,41.9 %,36.7 %,0.00 %,0.51,0.00 %,1.55 Cr.,1.29 Cr.,0.83 Cr.,Industrials,Capital Goods,Industrial Products,Cables - Electricals,7.80,8.28,4.92,3.58,2.03|3.62|3.47|2.99|2.77|3.81|6.4|6.03,43,14,23|23|19|20|18|42|18|30|35|30|14|43,7.20,10|10|10|10|9|10|11|9|8|7|6|6,,1.33|1.35|1.31|1.3|1.29|1.49|1.42|1.29,0|0|0.02|0.04|0.08|0.55|0.56|0.59,0|0|0|0|0|0|0|0|0|13|9|8,265|283|323|365|417|421|323|438|526|628|795|954,3|3|5|6|7|11|4|6|7|10|15|21
Mangalam World.,https://www.screener.in/company/MWL/consolidated/,"1,263 Cr.",42.5,48.4 / 20.0,24.3,10.1,0.07 %,17.7 %,18.0 %,1.00,1.51,2.24,0.25 %,0.00 %,7.55 %,5.19 %,4.15 %,2.61 %,23.3 %,53.7 %,44.2 %,-54.9 %,22.8 %,0.79,0.00 %,0.89 Cr.,0.59 Cr.,1.67 Cr.,Commodities,Metals & Mining,Metals & Minerals Trading,Trading - Metals,12,15,14,11,0.27|0.27|0.29|0.34|0.35|0.47|0.52|0.4,24,-87,6|2|-61|-10|-87|24,4.58,1.9|2.2|3|4.7|5|8,,0.01|0|0|0|0|0|0.01|0.26,0|0|0|0|0|0.36|0|0,0|15|14|12|2|2,302|522|644|818|1060|1207,3|12|18|23|30|50
Mach Travel Solutions,https://www.screener.in/company/544248/,338 Cr.,161,199 / 90.0,16.7,58.6,0.31 %,17.7 %,13.5 %,10.0,2.63,25.4,-0.73 %,0.06 %,9.68 %,7.92 %,7.24 %,5.63 %,15.4 %,22.8 %,-83.6 %,%,0.00 %,0.05,2.03 %,1.05 Cr.,2.10 Cr.,0.63 Cr.,Consumer Discretionary,Consumer Services,Other Consumer Services,Other Consumer Services,,6.09,4.44,1.56,0.74|2.11|2.89,5,-9,-7|-3|18|-9|5,6.20,-10|8|15|8|10,,5.68|3.88|3.94|3.21,2.73|1.55|1.9|1.96,0|0|0|15|6,23|141|237|236|217,-3|9|26|14|17
India Homes,https://www.screener.in/company/513361/,"1,088 Cr.",27.3,31.9 / 9.04,64.3,1.13,0.00 %,17.5 %,52.3 %,1.00,0.54,3.93,0.00 %,1.36 %,82.6 %,"-14,250 %",76.3 %,"-1,56,500 %",73.7 %,36.7 %,36.7 %,25.4 %,9.92 %,2.03,-1.15 %,0.00 Cr.,0.00 Cr.,0.00 Cr.,Industrials,Capital Goods,Industrial Products,Iron & Steel Products,3.44,22.85,0.43,-3.15,-0.06|-0.09|-0.08|-0.04|-0.08|0.01|0.57|0.09,13,-6,23|37|19|22|-4|-42|-40|-4|-1|-22|-6|13,-11670.80,4.5|3.4|2.6|0.1|-1.3|-26|-23|-258|-428|-751|-57000|83,,0.07|0.07|0.07|0.07|0|0|0|0,1.26|1.26|1.26|1.26|1.26|1.26|3.52|4.88,0|0|0|0|0|0|0|0|0|0|0|0,513|583|1086|949|532|140|144|24|5|1|0|24,2|4|0|4|-5|-20|-20|-51|-36|-12|-13|19
Earkart,https://www.screener.in/company/544549/,209 Cr.,152,266 / 104,42.4,46.8,0.00 %,17.5 %,11.7 %,10.0,12.7,14.4,-5.14 %,9.34 %,15.4 %,22.7 %,9.12 %,16.0 %,23.2 %,55.6 %,-76.1 %,%,0.00 %,0.00,0.00 %,0.00 Cr.,0.00 Cr.,0.00 Cr.,Healthcare,Healthcare,Healthcare Equipment & Supplies,Medical Equipment & Supplies,,3.08,1.85,3.31,1.59|1.35|2.24,-12.56,0.71,-2.83|-0.3|-1|0.71|-12.56,11.51,2.47|5.64|11.28|22.71|15.45,,5.14|0,12.61|21.95,0|0|0|0|0,5.66|28.92|31.75|43.11|54.04,0.11|1.31|3.06|6.88|4.93
Systematic Inds.,https://www.screener.in/company/544541/,598 Cr.,268,296 / 125,27.8,90.2,0.00 %,17.4 %,14.9 %,10.0,6.48,5.67,-1.53 %,-2.42 %,6.63 %,7.79 %,3.80 %,4.13 %,19.9 %,49.4 %,-53.8 %,-26.5 %,0.00 %,0.05,0.01 %,0.00 Cr.,0.00 Cr.,0.00 Cr.,Industrials,Capital Goods,Industrial Products,Cables - Electricals,12,12,9,11,4.05|6.7|6.7|4.16|5.25|5.25,6,8,-2|2|-1|-7|15|8|6,6.00,4.3|3.4|3.8|4.2|7|8|7,,2.55|1.02,11.39|8.97,0|0|0|0|0|0|0,213|175|234|320|370|447|553,4|3|4|6|12|18|21
Matrimony.com,https://www.screener.in/company/MATRIMONY/consolidated/,"1,107 Cr.",536,574 / 363,24.7,99.9,0.93 %,17.4 %,15.2 %,5.00,0.74,13.3,-0.08 %,-2.05 %,11.1 %,12.8 %,7.43 %,9.91 %,0.31 %,-6.74 %,-4.42 %,-1.50 %,22.4 %,0.24,0.17 %,10.3 Cr.,21.6 Cr.,13.1 Cr.,Consumer Discretionary,Consumer Services,Retailing,Internet & Catalogue Retail,19,10,8,8,5.91|4.62|3.79|3.9|3.6|3.85|4.7|9.23,75,57,8|-8|29|76|69|57|70|78|57|61|57|75,14.80,7|2.7|20|23|21|13|18|20|15|15|13|11,,23.02|22.35|22.19|22.33|22.23|22.09|19.28|19.2,8.9|8.5|8.63|8.71|7.5|7.35|7.22|5.17,0|0|0|5|8|27|20|21|24|22|48|30,241|255|293|335|348|430|378|434|456|481|456|460,-3|-75|43|74|42|30|41|54|47|50|45|34
Goodyear India,https://www.screener.in/company/GOODYEAR/,"1,626 Cr.",705,"1,022 / 660",26.5,263,3.76 %,17.4 %,12.6 %,10.0,1.43,14.2,0.00 %,-0.23 %,5.68 %,4.47 %,3.08 %,2.11 %,-5.43 %,-14.7 %,-14.7 %,-11.0 %,0.00 %,0.04,0.00 %,61.1 Cr.,55.1 Cr.,101 Cr.,Consumer Discretionary,Automobile and Auto Components,Auto Components,Tyres & Rubber Products,6.51,9.69,24.63,13.07,6.82|4.11|2.11|6.12|5.67|10.68|4.2|2.82,112,131,99|9|168|182|57|65|294|89|112|135|131|112,6.30,10|11|13|12|9|8|12|7|7|7|4.5|6,,0.73|0.7|0.59|0.59|0.41|0.34|0.27|0.27,8.05|8.15|8.08|8.06|8.03|8.01|8.01|7.78,23|23|23|23|29|34|301|224|50|100|100|99,1564|1730|1512|1665|1912|1746|1792|2436|2928|2552|2608|2476,101|120|127|130|102|89|136|103|123|95|55|62
Magna Electrocas,https://www.screener.in/company/517449/,560 Cr.,"1,323","1,470 / 706",36.0,343,0.38 %,17.4 %,13.4 %,10.0,2.52,18.0,0.00 %,0.02 %,16.9 %,19.4 %,9.37 %,13.0 %,6.06 %,5.57 %,5.57 %,29.0 %,0.00 %,0.10,0.00 %,2.12 Cr.,2.54 Cr.,1.82 Cr.,Industrials,Capital Goods,Industrial Products,Castings & Forgings,3.73,2.66,3.75,5.41,15.88|11.48|11.39|15.74|12.78|8.86|6.29|8.81,21,40,10|9|7|3|7|9|9|-1|20|8|40|21,15.60,15|15|18|13|14|11|10|10|16|16|19|17,,,0|0.05|0.05|0.05|0.05|0.05|0|0.02,15|14|13|13|20|17|12|14|7|14|11|11,102|93|79|93|123|96|98|136|165|144|176|196,5|7|7|7|11|7|5|8|17|15|23|18
20 Microns,https://www.screener.in/company/20MICRONS/consolidated/,735 Cr.,208,238 / 130,10.8,137,0.60 %,17.3 %,14.5 %,5.00,1.92,6.65,0.00 %,-0.03 %,12.8 %,12.9 %,6.94 %,7.01 %,10.8 %,16.6 %,16.6 %,23.4 %,0.00 %,0.32,0.00 %,4.41 Cr.,4.41 Cr.,3.18 Cr.,Commodities,Metals & Mining,Minerals & Mining,Industrial Minerals,18,18,15,17,4.65|3.65|4.31|4.78|4.93|4.24|4.99|5.04,104,32,30|25|44|61|53|45|52|35|63|54|32|104,13.00,8|13|14|14|14|12|12|13|12|14|13|13,,1|0.87|0.84|0.88|0.26|0.26|0.41|0.41,0.02|0.02|0.15|0.15|0.17|0.07|0.1|0.07,0|0|0|14|0|9|0|0|6|8|7|7,356|357|392|427|480|529|484|613|702|777|913|954,-2|11|16|19|25|24|23|35|42|56|62|67
Cybertech Sys.,https://www.screener.in/company/CYBERTECH/consolidated/,434 Cr.,143,275 / 95.3,13.7,68.2,2.80 %,17.3 %,13.2 %,10.0,4.03,43.8,0.18 %,0.03 %,7.91 %,13.5 %,12.8 %,14.7 %,10.4 %,11.9 %,8.63 %,2.94 %,0.00 %,0.04,1.08 %,12.4 Cr.,12.4 Cr.,8.21 Cr.,Information Technology,Information Technology,IT - Software,Computers - Software & Consulting,9.48,7.07,6.53,8.66,2.87|2.9|3.08|2.62|2.78|2.1|2.27|3.13,12,38,2|2|14|12|22|20|23|26|26|37|38|12,14.20,2.1|7|10|4|14|16|19|20|18|12|13|8,,0.03|0.03|0.19|0.04|0.03|0.04|0.16|0.34,0.45|0|0|0|0|0|0|0.03,52|115|28|86|27|21|11|19|26|27|36|41,63|73|88|87|97|113|118|139|176|222|236|237,5|2|10|3|10|13|24|23|22|23|35|30
Suraksha Diagno.,https://www.screener.in/company/SURAKSHA/consolidated/,"1,745 Cr.",335,349 / 224,48.8,47.0,0.15 %,17.3 %,14.2 %,2.00,1.05,4.58,0.01 %,0.08 %,31.1 %,32.6 %,10.2 %,12.4 %,17.8 %,61.6 %,-61.8 %,-44.5 %,0.10 %,0.53,0.00 %,0.26 Cr.,0.00 Cr.,0.05 Cr.,Healthcare,Healthcare,Healthcare Services,Healthcare Service Provider,13,6,7,9,2.4|1.18|1.42|1.8|1.73|1.44|1.21|2.5,82,63,31|24|42|44|60|63|82,28.80,22|18|22|25|33|33|31,,15.39|14.46|13.95|13.73|13.46|13.46|13.47,20.43|22.05|22.37|21.98|22.57|23.14|23.22,0|0|0|0|0|0|1,158|140|223|190|219|252|310,15|6|24|6|23|31|31
Mason Infratech,https://www.screener.in/company/MASON/consolidated/,265 Cr.,111,220 / 101,12.1,69.3,0.09 %,17.3 %,18.8 %,10.0,2.65,8.11,-0.02 %,0.00 %,26.4 %,24.8 %,16.6 %,15.2 %,%,%,%,%,0.00 %,0.68,0.05 %,0.18 Cr.,0.00 Cr.,Cr.,Consumer Discretionary,Realty,Realty,"Residential, Commercial Projects",14,8,12,5,7.67|2.68|7.05|3.47|5.88,-56,8,16|8|-56,23.67,20|25|26,,4.4|1.64|1.6|0.02|0.02|0,6.42|6.15|6.15|6.26|5.89|5.89,3|0|1,94|112|131,12|17|22
Kanpur Plastipa.,https://www.screener.in/company/KANPRPLA/,605 Cr.,246,283 / 151,13.9,108,0.49 %,17.2 %,15.6 %,10.0,1.69,6.27,0.00 %,0.19 %,9.14 %,7.74 %,5.13 %,1.96 %,14.6 %,84.8 %,76.9 %,1.26 %,0.00 %,0.42,0.03 %,2.94 Cr.,2.02 Cr.,2.15 Cr.,Industrials,Capital Goods,Industrial Products,Packaging,12,15,9,7,0.67|3.32|1.31|2.47|3.12|3.84|5.96|4.96,56,37,35|24|7|29|26|41|-3|28|66|-4|37|56,6.78,11|15|14|10|7|6|12|8|5|3.9|8|9,,0|0|0.05|0.03|0|0|0.02|0,0|0|0|0.97|1.11|1.48|1.4|1.67,8|3|15|15|16|17|13|18|26|0|19|8,244|247|243|278|318|314|451|624|476|492|563|716,11|16|14|16|16|5|30|26|4|0|11|37
C K K Retail,https://www.screener.in/company/CKKRETAIL/,330 Cr.,171,265 / 112,30.6,60.6,0.00 %,17.1 %,13.5 %,10.0,13.1,686,%,%,4.64 %,7.28 %,4.00 %,5.35 %,35.2 %,30.8 %,-4.77 %,15.2 %,0.00 %,0.01,%,0.00 Cr.,0.00 Cr.,0.00 Cr.,Fast Moving Consumer Goods,Fast Moving Consumer Goods,Agricultural Food & other Products,Sugar,,,1,11,14.06|0.44,-22,2,3|-2|-2|8|2|-22,4.98,-67|1.3|5|7|7|4.6,,3.66,1.6,0|0|0|0|0|0,1|170|109|233|301|270,0|2|5|13|16|11
ARCL Organics,https://www.screener.in/company/ARCL/consolidated/,210 Cr.,262,435 / 150,21.9,103,0.00 %,17.0 %,6.93 %,10.0,1.25,5.48,0.00 %,0.00 %,9.05 %,9.50 %,2.03 %,4.92 %,18.2 %,-22.0 %,-22.0 %,-7.21 %,0.00 %,0.86,0.00 %,0.00 Cr.,0.00 Cr.,0.00 Cr.,Commodities,Chemicals,Chemicals & Petrochemicals,Commodity Chemicals,9.12,2.79,-8.81,7.22,2.72|2.24|7|4.99|9.02|-11.01|3.49|11.4,-4,5,-2|6|6|2|25|13|5|-4,10.20,6|9|14|11|11|10|10|9,,,0.75|0.75|0.75|0.75|0.75|0.75|0.75|0.75,0|0|0|0|0|0|0|0,71|71|87|141|165|191|251|272,1|3|8|11|12|11|12|5
Sheetal Cool,https://www.screener.in/company/SCPL/,653 Cr.,622,700 / 190,31.5,149,0.00 %,17.0 %,13.8 %,10.0,2.65,4.59,0.02 %,0.10 %,11.8 %,12.1 %,5.45 %,5.69 %,2.46 %,-2.90 %,-2.90 %,45.9 %,0.00 %,0.32,3.01 %,0.00 Cr.,0.00 Cr.,0.00 Cr.,Fast Moving Consumer Goods,Fast Moving Consumer Goods,Food Products,Dairy Products,6.99,8.17,4.01,1.59,2.14|2.04|4.51|5.09|1.51|3.82|7.78|6.66,34,38,2|3|14|0|19|21|6|5|18|30|38|34,12.40,7|3.9|5|7|8|13|10|12|13|13|12|12,,0.07|0.02|0.21|0|0|0|0|0.02,0.34|0.62|0.6|0.86|0.57|0|0|0.1,0|0|0|0|0|0|0|0|0|0|0|0,45|125|155|206|234|259|232|327|340|353|321|366,0|2|3|4|2|10|6|18|20|21|17|19
Jay Jalaram Tech,https://www.screener.in/company/KORE/,206 Cr.,170,212 / 85.0,23.5,69.0,0.00 %,17.0 %,11.6 %,10.0,2.31,2.26,0.00 %,0.00 %,2.54 %,2.60 %,1.03 %,1.01 %,50.6 %,44.0 %,39.9 %,-12.1 %,0.00 %,0.49,0.00 %,0.00 Cr.,0.00 Cr.,0.00 Cr.,Consumer Discretionary,Consumer Services,Retailing,Diversified Retail,5,4,3,3,0.71|1.54|0.58|3.78|3.01|2.87|3.08|4.21,20,-33,-1|-4|1|-6|-12|-25|-33|20,2.36,1|1.3|1.3|1.9|2.5|2.3|2.6|2.5,,0|0|0.63|0.63|1.24|0.61|0.6|0.6,0|0|0.42|0.42|0.42|0|0|0,0|0|0|0|0|0|0|0,95|95|121|165|249|538|666|851,0|0|0|1|3|5|7|9
Mangalam Global,https://www.screener.in/company/MGEL/consolidated/,515 Cr.,15.6,18.5 / 9.51,13.9,7.53,0.06 %,17.0 %,14.6 %,1.00,1.37,2.39,-0.09 %,0.00 %,1.82 %,1.97 %,0.97 %,1.09 %,33.5 %,35.9 %,34.1 %,38.0 %,0.00 %,0.87,0.00 %,0.33 Cr.,0.33 Cr.,0.77 Cr.,Fast Moving Consumer Goods,Fast Moving Consumer Goods,Agricultural Food & other Products,Other Agricultural Products,8.43,12.48,8.51,17.80,0.17|0.19|0.16|0.2|0.54|0.26|0.38|0.26,46,-39,-46|13|-44|-29|-50|40|-39|46,1.74,1.9|1.9|1.2|0.9|2|2|2|1.8,,0|0|0|0.11|0.72|0.17|0.18|0.09,0|0|0|0|0|0|0|0,2|51|43|61|2|1|1|1,390|582|960|1277|1424|1839|2281|3384,2|2|5|4|13|20|23|45
Balmer Law. Inv.,https://www.screener.in/company/BLIL/consolidated/,"1,489 Cr.",67.1,82.4 / 63.8,8.31,64.8,6.41 %,16.9 %,12.7 %,1.00,2.39,10.4,-0.11 %,0.00 %,14.2 %,13.8 %,10.1 %,10.4 %,5.55 %,17.4 %,17.4 %,17.5 %,0.00 %,0.15,0.00 %,95.5 Cr.,95.5 Cr.,83.0 Cr.,Financial Services,Financial Services,Finance,Holding Company,73,85,67,57,1.82|1.88|2.17|2.01|1.66|1.93|2.44|2.05,294,164,177|187|247|23|206|280|164|294,12.40,15|14|10|9|10|15|14|14,,1.31|1.14|1.12|1.1|1.1|1.06|1.06|0.95,0.02|0.02|0.07|0.03|0.03|0.03|0.03|0.03,59|79|106|75|66|55|56|54,1817|1573|1563|2074|2335|2373|2545|2746,202|161|121|137|172|242|267|278
Suba Hotels,https://www.screener.in/company/SUBAHOTELS/consolidated/,223 Cr.,92.0,200 / 90.2,12.4,57.0,0.00 %,16.9 %,19.4 %,10.0,2.22,12.2,-3.45 %,-2.63 %,22.1 %,29.1 %,15.8 %,19.1 %,48.3 %,86.4 %,-15.9 %,%,0.00 %,0.37,0.00 %,0.00 Cr.,0.00 Cr.,Cr.,Consumer Discretionary,Consumer Services,Leisure Services,Hotels & Resorts,13,5,12,3,1.9|6.78|3|5.27,-57,4,10|11|4|-57,25.50,25|26|29|22,,0|3.45|0,0|7.25|4.62,0|0|0|0,35|52|79|114,3|9|15|18
Vikran Engg.,https://www.screener.in/company/VIKRAN/consolidated/,"1,452 Cr.",56.3,118 / 51.1,16.0,48.0,0.32 %,16.8 %,10.8 %,1.00,1.98,2.75,0.16 %,-1.09 %,14.3 %,17.7 %,7.41 %,8.49 %,%,%,%,%,0.00 %,0.24,0.00 %,4.64 Cr.,3.89 Cr.,Cr.,Industrials,Construction,Construction,Civil Construction,3.99,56.00,20.91,5.65,2.06|0.31|0.81|2.17|0.15,-437,-129,-129|-437,16.00,18|14,,2.38|1.6|1.11|1.27,12.64|8.5|6.83|5.74,5|5,916|1249,78|92
Nucleus Soft.,https://www.screener.in/company/NUCLEUS/consolidated/,"1,807 Cr.",686,"1,065 / 682",15.8,345,1.82 %,16.8 %,13.1 %,10.0,1.06,94.4,-1.14 %,0.27 %,14.3 %,20.2 %,12.8 %,16.1 %,11.4 %,0.21 %,0.77 %,3.97 %,0.00 %,0.01,0.00 %,32.9 Cr.,32.9 Cr.,29.0 Cr.,Information Technology,Information Technology,IT - Software,Software Products,24,35,21,26,12.56|13.28|24.6|13.37|9.99|7.86|13.12|9.07,117,151,37|33|95|77|56|75|115|58|50|222|151|117,18.60,19|9|14|14|16|18|25|7|25|27|20|14,,5.62|5.32|4.83|5.32|5.18|4.91|4.46|3.32,1.75|1.79|1.5|1.47|1.49|1.38|1.21|1.48,25|50|24|37|35|29|22|46|21|17|20|28,353|349|372|412|484|521|514|497|634|826|832|876,65|32|66|63|75|89|118|41|128|192|163|117
Remus Pharma.,https://www.screener.in/company/REMUS/consolidated/,"1,154 Cr.",979,"1,007 / 580",31.2,298,0.05 %,16.8 %,12.2 %,10.0,1.98,41.2,0.26 %,0.06 %,6.64 %,7.37 %,5.41 %,6.17 %,%,%,%,%,0.00 %,0.08,0.04 %,0.59 Cr.,0.88 Cr.,Cr.,Healthcare,Healthcare,Pharmaceuticals & Biotechnology,Pharmaceuticals,25,22,21,19,4.87|13.16|11.87|13.57|14.85|16.54,18,7,4|7|18,9.33,14|7|7,,2.38|3.25|3|3.16|4.77|5.02|5.28,0.71|0.67|0.73|0.77|0.77|0.77|0.83,4|3|2,213|620|854,24|38|46
Butterfly Gan Ap,https://www.screener.in/company/BUTTERFLY/,"1,047 Cr.",586,844 / 566,21.3,208,0.00 %,16.8 %,12.0 %,10.0,1.40,52.6,0.00 %,0.00 %,8.54 %,7.69 %,4.43 %,3.43 %,-3.71 %,-6.78 %,-6.78 %,2.95 %,0.00 %,0.02,0.00 %,0.00 Cr.,0.00 Cr.,1.07 Cr.,Consumer Discretionary,Consumer Durables,Consumer Durables,Household Appliances,8.89,11.44,10.77,17.00,7.09|4.65|5.05|3.6|9.51|6.02|6.4|4.97,88,34,45|24|145|-35|82|17|207|-21|122|37|34|88,7.00,8|7|-4.9|6|7|6|9|6|9|3|8|9,,0.01|0|0.01|0|0.04|0.02|0.01|0.01,4.49|3.55|2.46|1.39|0.43|0.43|0.43|0.43,0|18|0|0|0|0|15|33|0|0|0|0,526|898|401|538|650|676|862|960|1057|931|865|943,3|12|-52|5|10|4|36|16|52|7|33|46
Geekay Wires,https://www.screener.in/company/GEEKAYWIRE/,348 Cr.,33.2,37.4 / 18.5,12.1,16.4,1.05 %,16.8 %,19.0 %,1.00,2.16,6.68,-0.12 %,0.01 %,9.05 %,4.57 %,6.82 %,7.89 %,3.36 %,4.24 %,4.23 %,36.7 %,0.00 %,0.84,0.70 %,6.79 Cr.,6.79 Cr.,3.93 Cr.,Industrials,Capital Goods,Industrial Products,Iron & Steel Products,5.77,6.75,7.82,8.35,0.88|0.92|0.71|0.69|0.8|0.75|0.65|0.55,21,31,5|1|-12|-14|17|13|-16|-8|53|62|31|21,6.70,4.4|4.3|3.8|4.8|3.8|6|7|3.9|7|9|4.6|9,,0.09|0|0|0.04|0.01|0.03|0.14|0.02,0|0|0.01|0.03|0.03|0.03|0.03|0.04,0|0|0|0|0|0|68|29|12|2|19|23,61|80|64|124|218|190|170|258|399|411|458|441,0|1|1|1|3|6|6|9|24|39|36|30
Talbros Engg.,https://www.screener.in/company/538987/,315 Cr.,620,766 / 560,10.5,359,0.48 %,16.8 %,17.3 %,10.0,1.21,4.14,0.00 %,0.01 %,11.3 %,11.1 %,5.43 %,4.47 %,6.45 %,1.39 %,1.39 %,22.2 %,0.00 %,0.81,0.00 %,1.52 Cr.,1.27 Cr.,1.37 Cr.,Consumer Discretionary,Automobile and Auto Components,Auto Components,Auto Components & Equipments,6.29,9.55,7.49,6.54,9.44|10.52|10.48|10.99|12.88|14.75|18.81|12.39,45,34,1|10|10|9|21|16|14|9|31|31|34|45,11.40,8|7|10|10|9|9|12|13|12|10|11|11,,,0.02|0.02|0.02|0.02|0.02|0.01|0.01|0.02,33|0|7|9|11|0|7|5|4|11|6|5,126|139|161|204|269|216|239|351|444|410|446|536,5|3|7|9|7|4|11|22|28|18|20|29
S P I C,https://www.screener.in/company/SPIC/consolidated/,"1,399 Cr.",68.7,103 / 55.0,6.83,67.3,2.91 %,16.8 %,15.0 %,10.0,0.91,12.6,-0.28 %,0.00 %,10.1 %,9.21 %,6.50 %,5.10 %,1.48 %,-13.9 %,-13.9 %,20.8 %,0.00 %,0.51,0.00 %,40.7 Cr.,40.7 Cr.,30.6 Cr.,Commodities,Chemicals,Fertilizers & Agrochemicals,Fertilizers,60,29,54,61,1.73|1.89|0.96|3.28|3.01|2.66|1.45|2.96,395,-38,394|43|-348|330|67|136|361|-113|-11|227|-38|395,10.80,2.8|2.1|3.6|6|3.8|5|4.6|9|13|13|9|10,,0.65|0.84|4.87|6.53|6.09|4.92|5.08|4.8,1.17|1.17|0.3|0.29|0.14|0.17|0.14|0.14,0|0|0|0|0|0|0|6|10|27|26|19,2237|1931|1499|1994|2592|2079|1527|1875|2829|1944|3086|2956,10|31|57|45|63|67|74|163|301|113|156|211
Dharmaj Crop,https://www.screener.in/company/DHARMAJ/,933 Cr.,276,345 / 211,15.5,133,0.00 %,16.8 %,13.3 %,10.0,1.55,5.75,0.00 %,0.03 %,8.98 %,7.89 %,4.92 %,3.68 %,29.5 %,27.7 %,27.7 %,5.82 %,0.00 %,0.29,0.00 %,0.00 Cr.,0.00 Cr.,0.05 Cr.,Commodities,Chemicals,Fertilizers & Agrochemicals,Pesticides & Agrochemicals,38,4,1,17,6.22|0.35|-0.72|9.64|5.13|0.23|1.18|11.26,28,39,3|2|13|16|-24|7|39|28,9.20,8|9|10|11|8|10|8|9,,4.4|3.77|4.14|3.58|3.09|3.49|3.13|3.13,0.14|0.9|0.47|0.47|0.47|0.47|0.47|0.5,0|0|0|1|0|0|0|0,136|193|298|388|524|654|951|1138,5|11|21|29|27|44|35|55
Amines & Plast.,https://www.screener.in/company/AMNPLST/consolidated/,944 Cr.,172,250 / 127,24.5,53.1,0.29 %,16.7 %,13.2 %,2.00,3.12,12.0,0.00 %,0.00 %,10.5 %,10.4 %,6.39 %,6.19 %,-1.49 %,16.9 %,16.9 %,2.29 %,0.00 %,0.09,0.00 %,2.75 Cr.,2.75 Cr.,2.64 Cr.,Commodities,Chemicals,Chemicals & Petrochemicals,Commodity Chemicals,9.47,15.35,7.58,6.17,1.78|1.77|2.33|1.35|1.12|1.38|2.79|1.72,66,29,7|14|10|22|10|31|44|-27|5|47|29|66,9.00,8|9|10|9|7|10|12|7|7|11|10|10,,,,9|24|11|11|10|7|0|9|12|7|7|8,302|262|295|326|455|399|442|563|597|647|661|571,6|9|15|15|16|25|33|24|23|40|41|37
Dynamic Services,https://www.screener.in/company/DYNAMIC/consolidated/,335 Cr.,143,184 / 84.7,7.77,128,0.00 %,16.7 %,17.8 %,10.0,1.65,6.14,0.00 %,0.00 %,15.9 %,13.6 %,9.54 %,7.55 %,81.7 %,143 %,102 %,%,0.00 %,0.78,-1.55 %,0.00 Cr.,0.00 Cr.,0.00 Cr.,Services,Services,Commercial Services & Supplies,Diversified Commercial Services,33,14,14,7,0.74|6.8|3.06|3.45|3.02|4.35|5.37|12.98,2,21,-26|22|-35|21|2,11.80,7|8|14|14|16,,0|0|0|0.09|0.05|0.05|0|0,0.01|0|0|0|0|0|0|0,0|0|0|0|0,72|82|119|275|491,2|10|9|21|47
Euro Panel,https://www.screener.in/company/EUROBOND/,363 Cr.,148,230 / 126,13.7,65.6,0.00 %,16.7 %,18.0 %,10.0,1.42,3.78,0.00 %,0.00 %,11.0 %,9.88 %,5.24 %,4.36 %,15.2 %,37.9 %,37.9 %,40.0 %,0.00 %,1.00,0.00 %,0.00 Cr.,0.00 Cr.,0.00 Cr.,Industrials,Capital Goods,Industrial Products,"Aluminium, Copper & Zinc Products",4.96,8.81,6.05,6.62,1.86|1.82|2.55|2.33|2.7|2.47|3.6|2.02,-3,9,-1|-7|6|10|7|-14|18|6|9|-3,9.60,6|9|11|10|10|12|7|8|10|11,,0|0.89|0.89|0.89|0|0|0|0,0.98|1.24|1.36|1.29|1.29|1.29|1.29|1.29,0|0|0|0|0|0|0|0|0|0,36|77|108|142|142|216|330|395|423|504,-2|1|4|4|4|13|10|15|18|27
NGL Fine Chem,https://www.screener.in/company/NGLFINE/,"1,711 Cr.","2,768","3,602 / 1,261",33.9,518,0.06 %,16.7 %,15.6 %,5.00,1.57,17.0,0.02 %,0.02 %,13.9 %,7.46 %,9.56 %,5.09 %,21.1 %,32.4 %,32.4 %,-3.38 %,0.00 %,0.38,-0.24 %,1.08 Cr.,1.08 Cr.,1.08 Cr.,Healthcare,Healthcare,Pharmaceuticals & Biotechnology,Pharmaceuticals,16,11,15,8,16.25|1.26|-0.84|12.37|12.79|23.86|18.37|26.63,35,22,8|8|10|22|9|20|27|13|32|11|22|35,13.20,17|23|26|19|21|15|30|21|10|14|7|14,,0.02|0.05|0|0|0|0|0.03|0.05,0|0|0|0|0|0|0|0.02,0|0|0|0|5|10|2|2|5|3|6|3,88|96|100|114|153|152|258|319|275|329|359|489,8|11|15|13|20|11|55|52|20|39|18|42
Hindustan Motors,https://www.screener.in/company/500500/,283 Cr.,13.6,21.9 / 10.1,64.4,1.54,0.00 %,16.7 %,26.0 %,5.00,1.53,442,0.00 %,-0.05 %,%,-139 %,-210 %,-210 %,%,121 %,121 %,62.3 %,0.00 %,0.56,0.00 %,0.00 Cr.,0.00 Cr.,0.00 Cr.,Consumer Discretionary,Automobile and Auto Components,Automobiles,Passenger Cars & Utility Vehicles,0.22,-4.29,0.07,0.04,0.23|0.16|-0.03|0.2|0|0|-0.21|0.01,23.64,-26.94,33.15|8.52|10.64|-33.46|-13.97|-1.44|-4.67|-18.17|1.21|-15.25|-26.94|23.64,-877.42,-250.73|-2632.1|-1450.44|-1124.07|-2757.14|-330.77|-36|-139.11,,0.06|0.07|0.16|0.4|0.02|0.02|0.02|0.02,2.47|2.47|2.47|2.19|2.19|2.19|2.19|2.14,0|0|0|0|0|0|0|0|0|0|0|0,15.1|0.81|1.13|-3.3|0.54|0.21|1.17|0|0|3.25|2.25|0,-41.9|-32.04|-16.03|56.58|26.71|-0.83|3.76|18.65|0.05|25.43|15.56|-0.02
Gretex Corporate,https://www.screener.in/company/GCSL/consolidated/,"1,547 Cr.",619,621 / 213,56.8,72.4,0.11 %,16.7 %,12.7 %,10.0,5.74,27.9,1.39 %,-0.41 %,24.2 %,1.80 %,15.6 %,0.69 %,133 %,2.41 %,-0.03 %,93.5 %,0.00 %,0.09,-1.11 %,1.69 Cr.,0.72 Cr.,0.65 Cr.,Financial Services,Financial Services,Capital Markets,Other Capital Market related Services,13,7,7,13,4.39|1.53|-7.57|0.34|5.06|0.71|2.07|3.86,-28,-31,0|0|0|1|2|10|-19|-31|-28,33.76,-15|22|-78|35|38|62|43|1.8|24,,0|0|0|0|1.23|1.1|1.99|2.49,0|0|0|0|0.27|0.41|0|0,0|0|0|0|0|2|1|55|7,2|3|1|3|4|14|113|262|179,-1|0|-2|1|4|22|37|2|28
Multibase India,https://www.screener.in/company/526169/,221 Cr.,175,265 / 156,19.2,70.5,30.2 %,16.7 %,12.5 %,10.0,7.35,,0.00 %,0.00 %,17.2 %,21.0 %,15.7 %,20.8 %,-2.68 %,2.13 %,2.13 %,9.16 %,0.00 %,0.00,0.00 %,0.00 Cr.,66.9 Cr.,14.9 Cr.,Commodities,Chemicals,Chemicals & Petrochemicals,Specialty Chemicals,3.36,1.99,3.28,2.86,3.4|1.89|3.23|1.82|2.27|2.6|1.58|2.66,13,6,7|7|5|25|5|20|10|5|9|5|6|13,15.00,17|20|22|26|18|11|13|11|13|13|21|17,,0.17|0.17|0|0|0|0|0|0,,0|0|0|0|0|0|38|20|26|34|457|0,62|70|86|109|110|60|53|62|72|65|71|67,7|10|13|20|15|8|7|6|10|11|15|10
India Pesticides,https://www.screener.in/company/IPL/consolidated/,"1,551 Cr.",135,238 / 125,14.4,87.7,0.56 %,16.6 %,12.5 %,1.00,3.19,19.0,-1.67 %,0.00 %,16.4 %,14.4 %,11.3 %,9.89 %,6.12 %,-5.85 %,-5.85 %,-2.92 %,0.00 %,0.11,0.00 %,8.64 Cr.,8.64 Cr.,8.64 Cr.,Commodities,Chemicals,Fertilizers & Agrochemicals,Pesticides & Agrochemicals,23,31,23,32,2.25|1.4|1.89|3.03|2.74|1.97|2.66|1.97,62,3,83|76|45|115|3|62,19.00,28|30|22|13|14|16,,0.32|1.75|1.84|2.52|2.78|1.88|1.87|0.2,0.05|0.06|0|0|0.02|0.03|0.02|0.02,3|5|6|14|11|7,649|716|885|680|829|1057,135|158|143|60|82|120
Delton Cables,https://www.screener.in/company/504240/,612 Cr.,708,830 / 336,31.9,397,0.28 %,16.6 %,6.65 %,10.0,1.13,1.58,0.00 %,-0.01 %,6.49 %,6.60 %,1.46 %,1.05 %,53.6 %,194 %,194 %,90.8 %,0.00 %,0.54,0.00 %,1.73 Cr.,1.73 Cr.,0.95 Cr.,Industrials,Capital Goods,Electrical Equipment,Other Electrical Equipment,7.59,1.26,4.09,6.29,9.83|3.89|6.53|3.56|7.28|4.73|1.46|8.78,-6,-14,3|-7|6|7|-29|-15|-8|1|2|-27|-14|-6,6.80,6|2.6|2|-4.7|0.6|10|8|7|7|7|7|6,,,0.02|0.02|0.02|0.02|0.06|0.06|0.03|0.02,0|0|0|0|0|0|0|0|0|9|8|12,131|93|106|73|71|126|123|159|272|401|709|986,-1|1|-7|-13|50|6|1|1|1|15|21|15
Scoda Tubes,https://www.screener.in/company/SCODATUBES/,770 Cr.,129,185 / 110,20.8,65.2,0.00 %,16.5 %,14.4 %,10.0,1.78,2.92,0.23 %,-3.78 %,14.7 %,16.1 %,7.49 %,6.55 %,19.3 %,55.4 %,%,%,0.00 %,0.48,0.00 %,0.00 Cr.,0.00 Cr.,0.00 Cr.,Industrials,Capital Goods,Industrial Products,Iron & Steel Products,5.25,6.32,11.47,13.97,2.2|1.55|1.18|2.33|1.91|1.05|0.88,-14,28,-47|20|2|28|-14,12.40,5|11|15|16|15,,8.09|7.8|8.04|8.16|8.39,7.88|6.9|7.4|7.36|3.58,0|0|0|0|0,194|305|400|485|519,2|10|18|32|39
Control Print,https://www.screener.in/company/CONTROLPR/consolidated/,961 Cr.,601,899 / 517,24.7,283,1.66 %,16.4 %,9.52 %,10.0,2.90,18.0,-0.08 %,-0.06 %,18.4 %,18.9 %,8.54 %,23.6 %,16.6 %,-7.89 %,-7.25 %,6.56 %,0.00 %,0.02,0.00 %,16.0 Cr.,16.0 Cr.,15.2 Cr.,Information Technology,Information Technology,IT - Hardware,Computers Hardware & Equipments,3.92,11.19,5.26,18.59,8.62|5.17|41.67|5.21|11.62|3.29|7|2.45,50,50,9|8|18|14|34|31|38|50|55|50|50|50,21.80,20|27|30|32|23|24|24|23|25|24|19|18,,3.77|3.45|3.47|3.3|3.18|3.27|3.15|3.07,0.45|0.45|0.58|0.68|0.49|0.28|0.22|0.16,21|36|48|34|36|50|48|37|28|26|16|37,113|135|148|174|175|195|204|256|304|359|425|482,19|26|19|31|30|26|29|40|53|54|100|44
Jay Bharat Maru.,https://www.screener.in/company/JAYBARMARU/,"1,203 Cr.",111,207 / 74.2,8.85,63.8,0.63 %,16.4 %,22.1 %,2.00,0.85,4.10,-0.02 %,0.00 %,11.1 %,7.19 %,5.40 %,1.29 %,2.86 %,55.0 %,55.0 %,39.4 %,0.00 %,0.77,0.00 %,7.58 Cr.,7.58 Cr.,7.14 Cr.,Consumer Discretionary,Automobile and Auto Components,Auto Components,Auto Components & Equipments,21,79,18,18,0.28|0.36|1.81|2.13|1.67|1.65|7.28|1.96,197,199,88|95|58|209|128|154|163|106|154|188|199|197,7.80,8|9|9|9|9|9|9|7|7|7|7|11,,0.83|0.83|0.86|0.84|0.98|0.9|1.33|1.31,0.03|0.03|0.03|0.03|0.03|0.03|0.03|0.03,11|11|10|9|10|10|10|20|20|24|24|6,1294|1302|1527|1730|1994|1658|1499|2078|2344|2292|2290|2551,40|40|54|59|52|28|26|27|37|31|32|138
Zuari Agro Chem.,https://www.screener.in/company/ZUARI/consolidated/,929 Cr.,221,346 / 175,3.00,497,0.00 %,16.4 %,1.24 %,10.0,0.52,5.32,-0.50 %,0.01 %,9.73 %,8.51 %,0.82 %,5.01 %,-11.1 %,-41.8 %,-41.8 %,16.6 %,27.6 %,0.31,0.00 %,0.00 Cr.,0.00 Cr.,1.63 Cr.,Commodities,Chemicals,Fertilizers & Agrochemicals,Fertilizers,119,-25,40,840,19.31|12.97|4.72|23.54|191.68|9.43|-5.95|28.17,203,511,839|-869|1097|293|-355|2635|1521|571|95|473|511|203,8.20,4|3.6|7|7|4|-11|1.4|7|7|8|9|10,,1.18|2.52|1.33|2.67|2.85|2.71|2.84|2.34,0.09|0.09|0.09|0.09|0.09|0.09|0.09|0.1,94|-7|-19|0|0|0|0|0|0|8|0|0,7613|7611|6377|7265|8103|3042|2404|3590|4553|4595|4436|3200,14|-123|-13|146|-273|-773|-126|171|539|171|231|982
Kross Ltd,https://www.screener.in/company/KROSS/,"1,543 Cr.",239,249 / 151,26.7,75.9,0.00 %,16.4 %,12.0 %,5.00,3.44,11.1,-0.11 %,0.02 %,13.1 %,13.1 %,8.21 %,7.73 %,11.3 %,21.4 %,-27.9 %,19.6 %,0.00 %,0.11,0.05 %,0.00 Cr.,0.00 Cr.,0.00 Cr.,Consumer Discretionary,Automobile and Auto Components,Auto Components,Auto Components & Equipments,13,22,14,8,1.49|2.11|2.66|1.66|1.25|2.17|3.48|2.06,28,9,16|1|18|42|8|9|28,12.20,10|10|10|12|13|13|13,,5.93|4.16|3.18|2.53|2.31|2.41|2.62|2.51,9.54|9.33|9.72|8.87|7.41|5.78|6.03|6.05,0|0|0|0|0|0|0,160|184|297|489|620|620|673,2|5|12|31|45|48|55
Ecoline Exim,https://www.screener.in/company/ECOLINE/,356 Cr.,173,216 / 111,19.0,80.0,0.00 %,16.4 %,14.8 %,10.0,2.53,9.64,-0.29 %,-0.55 %,8.85 %,9.95 %,6.75 %,6.72 %,-2.90 %,2.58 %,-60.7 %,%,0.00 %,0.36,0.99 %,0.00 Cr.,0.00 Cr.,Cr.,Industrials,Capital Goods,Industrial Products,Packaging,7,13,7,12,7.5|4.14|6.29|3.55,2,-5,-13|9|-5|2,7.83,4.3|8|10|9,,1.61|1.32,8.99|8.44,0|0|0|0,198|303|269|277,4|17|19|20
Trident Techlabs,https://www.screener.in/company/TECHLABS/consolidated/,212 Cr.,123,549 / 105,34.9,36.3,0.82 %,16.4 %,10.1 %,10.0,3.27,5.00,0.00 %,0.00 %,13.3 %,24.5 %,6.24 %,15.0 %,13.0 %,9.13 %,-40.5 %,42.0 %,0.00 %,0.36,0.03 %,1.73 Cr.,0.00 Cr.,0.35 Cr.,Information Technology,Information Technology,IT - Software,Computers - Software & Consulting,-5.31,11.38,8.04,3.46,-2.43|7.21|2|4.65|6.59|-3.07,8.06,15.75,-3.21|2.44|-17.39|15.75|8.06,18.10,18.62|15.77|14.94|21.99|24.53|13.29,,1.69|0.35|0.16|0.18|0|0,12.36|7.04|5.59|2.34|0|0,0|0|0|0|0|28.47,28.2|29.74|67.35|72.62|76.57|97.24,0.17|0.65|4.67|9.37|11.5|6.07
Arih.Found.Hsg.,https://www.screener.in/company/ARIHANT/consolidated/,"1,017 Cr.",936,"1,288 / 715",14.9,373,0.00 %,16.4 %,17.1 %,10.0,1.40,5.42,0.01 %,0.00 %,23.2 %,31.2 %,13.9 %,19.6 %,87.0 %,80.3 %,71.7 %,47.4 %,0.00 %,1.29,0.00 %,0.00 Cr.,0.00 Cr.,0.17 Cr.,Consumer Discretionary,Realty,Realty,"Residential, Commercial Projects",24,4,20,20,12.28|11.21|11.51|16.41|20.11|20.01|4.3|22.18,49,-39,5|-38|-4|-1|-28|-220|147|-34|147|30|-39|49,18.18,-11|-3.2|6|1.7|-2.3|-39|-10|-4.1|21|20|31|23,,0|0|0|0|0|0|0|0.01,0|1.7|1.84|1.84|1.84|1.84|1.84|1.84,0|0|0|0|0|0|0|0|0|6|0|0,99|125|68|66|80|47|56|83|64|124|206|420,-19|-12|-7|-1|1|-7|-16|-5|10|14|43|59
A2Z Infra Engg.,https://www.screener.in/company/A2ZINFRA/consolidated/,264 Cr.,14.9,19.4 / 11.6,62.5,2.81,0.00 %,16.3 %,15.4 %,10.0,0.83,2.03,0.08 %,0.00 %,2.24 %,1.98 %,2.25 %,0.97 %,3.41 %,-22.3 %,-22.3 %,15.9 %,99.7 %,1.95,-0.23 %,0.00 Cr.,0.00 Cr.,0.00 Cr.,Industrials,Construction,Construction,Civil Construction,-0.02,6.65,-0.63,-1.34,0.31|-0.03|0.23|0.04|-0.1|-0.04|0.34|0,-17,54,30|5|66|35|83|-26|-7|38|55|95|54|-17,-12.28,-15|6|6|-3.4|6|-4.3|-8|-43|0.4|-23|2|2.2,,1.62|1.28|1.03|0.89|0.84|0.81|0.86|0.94,0.01|0.11|0.1|0.1|0.1|0.1|0.1|0.1,0|0|0|0|0|0|0|0|0|0|0|0,594|1349|996|709|869|700|415|353|349|388|336|386,-209|-132|-306|-87|287|-278|-81|-180|-126|-7|1|5
Dolat Algotech,https://www.screener.in/company/DOLATALGO/,"1,185 Cr.",67.3,95.8 / 65.0,8.23,64.2,0.15 %,16.3 %,12.1 %,1.00,1.63,5.19,-0.18 %,-0.01 %,67.8 %,74.0 %,42.6 %,50.8 %,16.7 %,3.59 %,3.59 %,-2.55 %,0.00 %,0.25,0.00 %,1.76 Cr.,4.40 Cr.,3.70 Cr.,Financial Services,Financial Services,Capital Markets,Stockbroking & Allied,54,47,39,5,3.79|2.12|2.25|2.21|0.26|2.21|2.65|3.06,55,-43,-18|13|-7|44|41|122|163|109|46|34|-43|55,73.80,15|4.8|2.2|31|71|77|85|82|71|74|74|68,,0.89|0.11|0.1|0.09|0.25|0.73|0.23|0.05,0.05|0|0|0.01|0.01|0.01|0.01|0,0|0|0|0|3|2|2|2|4|3|2|1,34|89|83|139|116|93|219|262|190|305|424|302,3|3|1|31|51|71|147|167|116|157|215|129
Wise Travel,https://www.screener.in/company/WTICAB/consolidated/,246 Cr.,103,173 / 75.2,8.36,84.6,0.00 %,16.3 %,15.8 %,10.0,1.73,3.82,-0.02 %,-0.03 %,11.3 %,9.80 %,3.57 %,4.18 %,49.0 %,42.2 %,-27.5 %,20.3 %,0.00 %,0.73,-0.72 %,0.00 Cr.,0.00 Cr.,0.00 Cr.,Services,Services,Transport Services,Road Transport,17,14,13,10,6.53|4.99|4.33|5.48|5.93|7.21,52,0,12|-3|-8|14|0|52,9.00,7|7|7|10|10|11,,1.86|0.08|0.1|0.02|0,4.1|0.45|0.96|1.56|1.53,0|0|0|0|0|0,42|89|250|411|549|827,2|4|10|24|23|29
Mitsu Chem Plast,https://www.screener.in/company/540078/,243 Cr.,179,201 / 80.3,10.5,82.8,0.11 %,16.3 %,15.0 %,10.0,1.30,5.76,0.00 %,0.00 %,9.96 %,7.01 %,4.50 %,2.15 %,4.26 %,10.1 %,10.1 %,10.3 %,0.00 %,0.57,0.02 %,0.27 Cr.,0.27 Cr.,0.26 Cr.,Industrials,Capital Goods,Industrial Products,Packaging,8.74,7.72,4.71,1.88,0.84|1.09|2.61|0.96|1.38|3.47|5.69|6.44,33,15,5|14|4|6|18|4|13|8|22|9|15|33,8.80,8|9|9|9|9|11|13|10|9|8|7|10,,,,32|37|0|6|6|6|2|2|2|3|4|2,88|89|94|112|125|139|178|258|309|311|332|350,1|2|2|3|4|4|10|12|12|9|7|16
Lincoln Pharma.,https://www.screener.in/company/LINCOLN/consolidated/,"1,212 Cr.",605,770 / 440,12.6,378,0.30 %,16.3 %,12.3 %,10.0,5.25,122,-0.60 %,-0.81 %,14.6 %,16.3 %,13.1 %,13.0 %,9.56 %,6.61 %,6.61 %,7.08 %,0.00 %,0.01,0.00 %,3.61 Cr.,3.61 Cr.,3.37 Cr.,Healthcare,Healthcare,Pharmaceuticals & Biotechnology,Pharmaceuticals,36,12,29,20,13.15|10.37|5.78|13.82|9.98|14.28|5.81|18.09,106,93,25|45|25|27|53|75|69|76|39|63|93|106,17.20,10|10|13|15|18|17|21|20|18|17|16|15,,5.19|5.16|5|5.13|4.73|4.7|5.2|4.6,0|0|0|0.01|0.01|0.01|1.08|0.27,11|7|9|9|6|6|5|4|4|4|4|4,266|400|360|361|366|386|424|472|510|581|623|671,15|24|28|35|49|51|62|69|73|93|82|88
Madhusudan Masa,https://www.screener.in/company/MADHUSUDAN/,377 Cr.,233,260 / 109,20.6,77.4,0.00 %,16.2 %,15.4 %,10.0,2.29,4.73,0.24 %,-0.52 %,11.0 %,10.3 %,6.18 %,5.39 %,27.1 %,41.1 %,-2.67 %,%,0.00 %,0.59,2.38 %,0.00 Cr.,0.00 Cr.,0.00 Cr.,Fast Moving Consumer Goods,Fast Moving Consumer Goods,Food Products,Other Food Products,5.81,5.23,4.12,3.10,2.73|1.45|2.85|2.57|2.14|2.85|3.43|3.6,-3,-30,2|-5|-9|-29|-30|-3,8.86,4.2|3.3|9|11|10|11,,3.74|4.82|1.01|1.11|0.04|0.44|0.72|0.68,5.02|6.42|0.9|4.91|4.89|4.99|4.91|4.47,0|0|0|0|0|0,69|65|127|162|216|261,0|1|6|9|12|16
Indian Toners,https://www.screener.in/company/523586/,245 Cr.,47.1,62.0 / 43.1,9.50,44.7,2.55 %,16.2 %,12.6 %,2.00,4.15,215,0.00 %,0.00 %,21.1 %,21.7 %,16.6 %,14.5 %,1.36 %,1.41 %,2.89 %,16.1 %,0.00 %,0.00,0.00 %,6.23 Cr.,4.68 Cr.,4.57 Cr.,Commodities,Chemicals,Chemicals & Petrochemicals,Specialty Chemicals,6.10,7.62,6.39,5.38,1.06|1.24|1.29|1.51|1.03|1.23|1.47|1.17,36,26,3|6|18|19|14|13|19|14|21|24|26|36,21.00,16|17|24|25|21|14|18|19|22|21|22|21,,,0.03|0.03|0.03|0.03|0.03|0.03|0.03|0.03,0|0|0|16|19|32|24|17|14|19|21|23,34|35|115|112|115|91|88|122|159|163|153|166,5|6|24|24|20|12|14|19|26|26|22|27
Ausom Enter.,https://www.screener.in/company/AUSOMENT/consolidated/,207 Cr.,152,178 / 92.3,8.35,118,0.66 %,16.2 %,12.6 %,10.0,3.03,"1,260",0.02 %,0.00 %,0.66 %,0.36 %,0.92 %,0.82 %,127 %,152 %,152 %,4.54 %,0.00 %,0.05,0.00 %,1.36 Cr.,1.36 Cr.,1.23 Cr.,Consumer Discretionary,Consumer Durables,Consumer Durables,"Gems, Jewellery And Watches",20,1,2,2,1.42|0.12|8.1|10.85|1.33|1.51|0.61|14.76,-3,8,13|29|-7|-187|83|156|-40|53|8|-3,0.94,4.9|7|3.1|3.9|3.4|4.8|-1.7|0.5|0.4|0.7,,0|0.11|0.11|0.11|0.11|0.11|0.11|0.13,,0|0|0|0|4|25|57|15|7|7,295|354|448|1098|463|27|178|968|2393|2085,8|19|10|18|15|5|1|9|20|19
Saraswati Saree,https://www.screener.in/company/SSDL/,243 Cr.,61.4,91.4 / 46.2,10.3,49.2,2.47 %,16.2 %,12.1 %,10.0,2.98,42.5,-0.02 %,0.00 %,5.07 %,7.19 %,3.58 %,5.07 %,2.14 %,-0.57 %,-86.5 %,%,0.00 %,0.00,0.00 %,0.00 Cr.,8.99 Cr.,1.80 Cr.,Consumer Discretionary,Textiles,Textiles & Apparels,Garments & Apparels,6.61,3.34,3.21,10.51,2.42|1.99|1.78|1.6|2.65|0.81|0.84|1.67,36,2,0|-40|35|-9|2|36,5.76,3.8|6|7|7|5,,0.26|0.27|0.17|0.15|0.14|0.03|0.02|0,0.02|0|0|0|0|0|0|0,0|0|0|29|0,0|543|592|602|604|631,0|12|23|30|31|23
Silverstorm Parks,https://www.screener.in/company/544840/consolidated/,293 Cr.,129,139 / 110,15.4,,0.00 %,16.2 %,15.5 %,10.0,0.55,27.9,%,%,67.6 %,53.5 %,43.9 %,31.1 %,%,%,%,%,0.00 %,0.49,%,0.00 Cr.,0.00 Cr.,Cr.,Consumer Discretionary,Consumer Services,Leisure Services,Amusement Parks/ Other Recreation,,,,4,29.56,25,6,5|6|25,52.33,36|53|68,,2.54,12.19,0|0|0,19|31|44,1|10|19
Krishival Foods,https://www.screener.in/company/KRISHIVAL/consolidated/,"1,191 Cr.",419,482 / 282,54.1,75.2,0.08 %,16.2 %,13.1 %,10.0,5.19,8.49,-0.07 %,1.68 %,9.34 %,10.5 %,7.59 %,6.70 %,61.1 %,47.6 %,42.0 %,83.6 %,0.00 %,0.19,0.00 %,0.81 Cr.,0.54 Cr.,0.44 Cr.,Fast Moving Consumer Goods,Fast Moving Consumer Goods,Food Products,Other Food Products,5.60,5.59,6.41,5.80,1.93|0.45|1.6|1.67|2.2|2.4|2.12|1.87,-15,46,0|3|4|4|-29|-31|46|-15,12.00,7|8|11|13|15|13|10|9,,11.8|10.13|0.89|0.89|0.9|0.54|0.47|0.47,0|1.68|10.92|0|0|1.33|1.45|3.01,38|0|0|3|5|5|4|4,50|44|28|52|70|103|202|293,1|1|1|3|7|9|14|22
DJ Mediaprint,https://www.screener.in/company/DJML/,279 Cr.,77.6,125 / 51.9,26.1,26.0,0.19 %,16.2 %,13.1 %,10.0,3.76,5.11,0.13 %,0.00 %,19.4 %,21.8 %,8.59 %,8.39 %,32.0 %,44.3 %,41.6 %,42.4 %,0.00 %,0.32,0.16 %,0.52 Cr.,0.32 Cr.,0.27 Cr.,Services,Services,Transport Services,Logistics Solution Provider,1.87,5.35,1.71,1.77,0.38|0.56|0.7|0.5|0.54|0.5|1.56|0.54,-9,-7,0|0|0|0|1|2|-1|-9|10|11|-7|-9,19.00,10|10|8|9|11|14|12|14|16|24|22|19,,0.63|0.55|0.31|0.15|0|0.05|0.18|0.18,0.03|0.03|0.03|0|0|0|0|0,9|9|17|0|0|0|0|4|5|4|5|5,4|6|10|17|20|21|25|47|51|57|78|116,0|0|0|1|1|1|1|3|3|5|7|10
Globe Civil,https://www.screener.in/company/GLOBECIVIL/,252 Cr.,42.3,80.0 / 33.4,9.93,39.8,0.00 %,16.2 %,13.5 %,10.0,1.70,2.70,-0.02 %,0.32 %,14.4 %,16.6 %,6.19 %,7.32 %,26.5 %,65.1 %,-42.9 %,-30.0 %,0.00 %,0.63,0.03 %,0.00 Cr.,0.00 Cr.,0.00 Cr.,Industrials,Construction,Construction,Civil Construction,7.16,5.74,6.53,5.98,1.46|0.85|1|1.09|0.96|1.2,-54,-11,7|13|8|3|-11|-54,13.60,12|11|11|15|17|14,,3.27|2|0.92|0.94|0.92,10.57|6|5.57|6.03|6.35,0|0|0|0|0|0,181|197|186|295|326|377,5|5|5|15|24|23
Foce India,https://www.screener.in/company/FOCE/consolidated/,605 Cr.,515,835 / 487,40.4,79.7,0.00 %,16.2 %,17.4 %,10.0,1.18,13.3,0.00 %,0.00 %,13.9 %,17.7 %,10.4 %,13.8 %,35.8 %,20.9 %,20.8 %,43.8 %,0.00 %,0.51,0.00 %,0.00 Cr.,0.00 Cr.,0.00 Cr.,Consumer Discretionary,Consumer Durables,Consumer Durables,"Gems, Jewellery And Watches",9,6,8,7,5.23|2.03|4.42|9.16|5.86|6.44|4.97|7.8,1,15,3|-9|45|0|15|1,16.40,3.5|6|19|25|18|14,,,,0|0|0|0|0|0,77|187|58|80|104|144,2|9|8|16|14|15
Krystal Integrat,https://www.screener.in/company/KRYSTAL/consolidated/,903 Cr.,646,697 / 500,13.8,357,0.23 %,16.2 %,13.8 %,10.0,2.01,5.48,0.52 %,0.00 %,6.70 %,6.47 %,5.06 %,5.18 %,21.9 %,18.8 %,-11.6 %,9.21 %,0.00 %,0.24,0.00 %,2.10 Cr.,2.10 Cr.,1.26 Cr.,Services,Services,Commercial Services & Supplies,Diversified Commercial Services,17,19,16,13,7.58|10.84|12.12|8.23|9.43|11.38|13.49|12.46,26,-32,8|20|72|2|-32|26,7.40,6|8|9|7|6|7,,0.74|0.72|2.09|1.86|1.96|1.79|1.25|1.77,5.11|5.02|3.78|4.2|4.23|4.23|3.76|3.76,0|0|0|6|3|3,468|550|703|1022|1206|1273,17|26|38|49|63|64
Creative Graphic,https://www.screener.in/company/CGRAPHICS/consolidated/,329 Cr.,135,241 / 122,17.5,51.7,0.00 %,16.1 %,16.2 %,10.0,1.64,4.25,-0.58 %,-0.01 %,9.86 %,13.1 %,5.42 %,8.27 %,56.6 %,30.0 %,-59.2 %,-24.0 %,0.00 %,0.75,0.00 %,0.00 Cr.,0.00 Cr.,0.37 Cr.,Industrials,Capital Goods,Industrial Products,Other Industrial Products,7,12,12,9,72.13|48.27|1.99|3.77|4.78|5.03|2.71,-5,-22,1|4|5|3|-22|-5,13.40,10|14|16|14|13|10,,3|2.22|0.62|0.6|0.6|0.58|0.58|0,2.79|2|0.67|0.76|1.17|0.78|1.08|1.07,0|0|1|17|0|0,48|68|90|132|251|346,2|5|9|11|21|19
Divine Hira Jew.,https://www.screener.in/company/DIVINEHIRA/,401 Cr.,102,126 / 28.7,76.0,12.9,0.00 %,16.1 %,15.1 %,10.0,2.61,7.34,0.00 %,0.00 %,1.24 %,2.47 %,0.80 %,1.55 %,92.0 %,110 %,%,%,0.00 %,0.46,0.00 %,0.00 Cr.,0.00 Cr.,Cr.,Consumer Discretionary,Consumer Durables,Consumer Durables,"Gems, Jewellery And Watches",,,0.94,2.77,0.71|0.24,-32,1,-1|-1|1|-32,1.73,1.4|1.8|2.5|1.2,,0|0.26|0.49|0.49|0.49,0.11|0|0.53|0.53|0.53,0|0|0|0,125|183|359|884,1|1|6|7
P S Raj Steels,https://www.screener.in/company/PSRAJ/,379 Cr.,100,104 / 38.0,44.3,19.5,0.00 %,16.1 %,12.4 %,2.00,8.56,35.2,0.00 %,0.00 %,4.92 %,4.66 %,3.21 %,2.80 %,5.95 %,32.8 %,-42.2 %,%,0.00 %,0.01,0.02 %,0.00 Cr.,0.00 Cr.,0.00 Cr.,Industrials,Capital Goods,Industrial Products,Iron & Steel Products,5,4,4,4,1.4|0.94|1.05|1.23,8,-9,0|3|3|-9|8,4.00,3.7|3.1|3.6|4.7|4.9,,7.35|0|0,2.2|0|0,0|0|0|0|0,180|224|298|263|266,4|4|6|7|9
Bharat Rasayan,https://www.screener.in/company/BHARATRAS/,"1,943 Cr.","1,169","3,030 / 1,100",14.0,751,0.04 %,16.1 %,12.2 %,5.00,5.95,42.8,-0.13 %,-0.14 %,16.1 %,15.0 %,11.6 %,9.34 %,0.17 %,2.34 %,2.30 %,-2.34 %,0.00 %,0.00,0.00 %,0.83 Cr.,0.62 Cr.,0.67 Cr.,Commodities,Chemicals,Fertilizers & Agrochemicals,Pesticides & Agrochemicals,37,39,34,26,24.19|17.89|17.14|26.3|15.76|20.45|23.54|22.04,132,172,60|47|16|29|-52|263|170|-65|213|41|172|132,15.40,19|18|18|20|19|19|22|19|16|11|15|16,,0.46|0.45|0.49|0.56|0.47|0.43|0.54|0.41,2.64|2.6|2.75|2.74|2.75|2.52|2.14|2,2|2|1|1|1|0|0|0|0|1|0|1,438|451|618|792|989|1213|1091|1301|1234|1044|1171|1240,32|34|55|98|112|158|164|177|131|82|125|143
Iris Clothings,https://www.screener.in/company/IRISDOREME/,"1,229 Cr.",64.6,66.3 / 26.4,70.0,7.45,0.00 %,16.0 %,14.4 %,2.00,3.17,9.06,0.20 %,1.77 %,15.5 %,19.3 %,8.59 %,9.11 %,19.1 %,25.1 %,25.0 %,19.9 %,0.00 %,0.24,-2.38 %,0.00 Cr.,0.00 Cr.,0.00 Cr.,Consumer Discretionary,Textiles,Textiles & Apparels,Garments & Apparels,4.01,6.43,3.01,4.12,0.2|0.12|0.24|0.14|0.22|0.16|0.34|0.21,-7,3,0|0|3|1|5|9|1|2|2|3|-7,18.60,6|13|17|18|23|19|19|17|22|19|16,,0.02|0|0.02|0|0|0|0|0.2,0|0|0.91|0.88|0.88|0.79|0.74|2.56,0|0|0|0|0|0|0|0|0|0|0,0|18|25|53|62|60|87|110|112|120|144|188,0|1|1|3|5|4|7|10|8|12|13|16
Bombay Super Hyb,https://www.screener.in/company/BSHSL/,922 Cr.,87.9,139 / 59.2,32.1,12.5,0.00 %,16.0 %,22.6 %,1.00,2.02,5.68,0.00 %,0.00 %,10.4 %,9.15 %,7.76 %,7.36 %,14.7 %,16.7 %,16.7 %,35.9 %,0.00 %,0.83,0.00 %,0.00 Cr.,0.00 Cr.,0.00 Cr.,Fast Moving Consumer Goods,Fast Moving Consumer Goods,Agricultural Food & other Products,Other Agricultural Products,14,4,8,2,0.2|0.86|0.4|1.17|0.21|0.74|0.42|1.36,-16,-31,1|-2|-5|0|-8|-12|-8|12|-31|-16,9.20,2.8|1.9|1.3|4.2|6|6|5|7|9|11|9|10,,0|0|0.01|0|0|0|0|0,,0|0|0|0|0|0|0|0|0|0|0|0,31|63|110|82|75|103|171|191|228|256|358|344,0|0|1|1|2|3|6|10|17|22|26|27
HMA Agro Inds.,https://www.screener.in/company/HMAAGRO/consolidated/,"1,190 Cr.",23.8,34.2 / 19.0,5.55,18.8,1.26 %,16.0 %,19.0 %,1.00,1.26,8.22,-0.60 %,0.71 %,2.30 %,2.06 %,2.39 %,1.70 %,29.2 %,11.0 %,9.10 %,-29.8 %,0.00 %,0.90,0.00 %,0.00 Cr.,15.0 Cr.,6.01 Cr.,Fast Moving Consumer Goods,Fast Moving Consumer Goods,Food Products,Meat Products including Poultry,51,8,67,90,1.04|0.41|0.26|0.02|1.79|1.32|0.16|1.01,-85,124,23|24|75|-32|136|-166|124|-85,3.22,0.8|2|6|4|4.9|2.8|2.1|2.3,,5.33|5.24|6.73|5.85|4.92|4.87|4.84|4.1,0|0.02|0.11|0.63|1.35|1.41|3.46|3.57,0|0|0|0|0|15|17|0,2742|2373|1708|3083|3209|4813|5133|6916,31|46|72|116|123|101|88|165
Interiors & More,https://www.screener.in/company/INM/,228 Cr.,163,344 / 141,19.7,55.3,0.31 %,16.0 %,16.1 %,10.0,2.09,8.01,-0.53 %,0.00 %,24.1 %,29.4 %,14.5 %,18.9 %,47.3 %,24.9 %,-22.1 %,58.6 %,0.00 %,0.73,0.21 %,0.35 Cr.,0.70 Cr.,0.21 Cr.,Consumer Discretionary,Consumer Durables,Consumer Durables,"Furniture, Home Furnishing",9,3,6,4,1.65|4.51|2.79|4.59|1.8|6.45,6,-15,-6|-1|1|-10|-15|6,28.80,13|13|38|40|29|24,,8.58|7.78|8.68|7.99|5.26|4.93|4.4,,0|0|0|0|7|3,7|20|25|32|54|79,0|1|6|8|10|12
Integrated Perso,https://www.screener.in/company/IPSL/consolidated/,220 Cr.,215,365 / 172,20.0,78.0,0.05 %,15.9 %,17.8 %,10.0,1.73,3.23,0.00 %,0.00 %,4.23 %,4.21 %,2.73 %,2.24 %,26.6 %,34.2 %,26.5 %,27.5 %,0.00 %,0.77,-2.70 %,0.00 Cr.,0.00 Cr.,0.00 Cr.,Services,Services,Commercial Services & Supplies,Diversified Commercial Services,6,5,4,3,3.39|3.93|3.36|4.09|4.14|4.75|5.66|7.08,-5,-6,-2|1|0|1|-2|-6|-5,4.38,3.4|3.8|4|4.9|4.6|4.2|4.2,,,,0|0|0|0|0|0|0,169|138|170|198|246|316|401,3|2|4|5|5|7|11
Globe Intl. Car.,https://www.screener.in/company/GICL/consolidated/,275 Cr.,24.6,52.4 / 15.6,27.6,8.76,0.00 %,15.9 %,12.5 %,5.00,2.30,4.55,-0.01 %,0.00 %,11.1 %,5.82 %,6.61 %,3.06 %,15.4 %,72.2 %,65.6 %,56.8 %,0.00 %,0.49,0.47 %,0.00 Cr.,0.00 Cr.,0.10 Cr.,Services,Services,Transport Services,Logistics Solution Provider,1.62,1.53,6.92,1.71,0.05|0.15|0.21|0.16|0.16|0.39|0.17|0.17,17,10,5|7|0|0|-1|1|-11|10|17,6.00,3.6|3.9|3.3|4.1|3.7|4.4|4.9|6|11,,0|0|0|0|0|0|0.02|0.01,0|0|0|0|0.01|0|0|0,0|0|0|0|0|26|0|0|0,115|116|88|80|108|114|114|157|175,1|2|0|1|1|2|3|5|12
Vilas Transcore,https://www.screener.in/company/VILAS/,912 Cr.,372,535 / 313,23.6,134,0.00 %,15.9 %,12.5 %,10.0,3.67,25.0,0.00 %,0.04 %,11.2 %,12.7 %,8.38 %,9.32 %,17.7 %,24.8 %,-38.0 %,-2.21 %,0.00 %,0.12,-0.07 %,0.00 Cr.,0.00 Cr.,0.00 Cr.,Industrials,Capital Goods,Industrial Products,Other Industrial Products,15,24,21,14,6.24|6.58|5.71|8.41|9.96|6.2,-2,-42,22|20|13|13|49|-42|-2,11.00,4.4|7|11|10|10|13|11,,4.99|2.05|2.33|2.14|2.14,5.47|2.64|2.83|3.13|3.17,0|0|0|0|0|0|0,162|133|233|283|310|353|461,4|5|18|20|23|34|40
India Gelatine,https://www.screener.in/company/531253/,264 Cr.,372,418 / 295,10.1,273,1.61 %,15.9 %,11.5 %,10.0,4.60,77.5,0.00 %,0.00 %,17.2 %,10.7 %,12.3 %,6.75 %,-6.12 %,-3.48 %,-3.48 %,28.9 %,0.00 %,0.02,0.00 %,4.25 Cr.,3.54 Cr.,4.18 Cr.,Commodities,Chemicals,Chemicals & Petrochemicals,Specialty Chemicals,8.08,4.48,7.10,6.44,4.36|5.02|8.05|9.98|9.08|10.01|6.32|11.39,28,21,17|4|-4|15|5|7|6|9|18|18|21|28,13.16,5|4.8|0.8|1.6|4.9|6|6|4.8|16|17|11|17,,0|0|0.62|0|0|0|0|0,0.01|0.03|0.79|0.01|0.01|0.01|0.01|0.01,23|23|27|63|43|20|25|32|15|27|20|17,115|93|74|98|112|132|144|160|205|206|199|170,6|4|3|2|6|5|7|6|24|28|17|25
Organic Recyclin,https://www.screener.in/company/543997/consolidated/,257 Cr.,165,200 / 137,10.3,94.7,0.00 %,15.9 %,19.4 %,10.0,2.33,55.0,0.00 %,-0.15 %,28.8 %,36.2 %,23.9 %,36.2 %,62.0 %,90.1 %,60.4 %,%,0.00 %,0.37,-3.03 %,0.00 Cr.,0.00 Cr.,0.00 Cr.,Utilities,Utilities,Other Utilities,Waste Management,13,12,9,7,1.75|5|5.89|6.84|9.32|9.98,19,-7,0|8|-24|3|-7|19,29.08,1.4|-4.6|46|39|36|29,,,1.69|0|0|0.36|0.37|0.15|0,0|0|0|0|0|0,13|15|25|27|44|105,-4|-5|4|8|16|25
Manoj Vaibhav,https://www.screener.in/company/MVGJL/,"1,048 Cr.",214,234 / 128,8.71,171,0.00 %,15.8 %,15.1 %,10.0,1.79,5.31,0.04 %,-0.09 %,6.85 %,6.96 %,4.26 %,4.22 %,10.6 %,17.8 %,9.31 %,-4.18 %,0.00 %,0.59,0.00 %,0.00 Cr.,0.00 Cr.,0.00 Cr.,Consumer Discretionary,Consumer Durables,Consumer Durables,"Gems, Jewellery And Watches",28,28,34,32,5.46|5.17|5.47|4.22|6.5|7.06|5.76|5.64,26,-67,33|-12|9|69|60|-67|26,6.80,7|6|6|7|7|7|7,,2.86|1.75|0.69|0.77|0.6|0.6|0.6|0.64,1.16|1.16|1.11|1.11|1.11|1.11|1.11|1.02,0|0|0|0|0|0|0,1276|1431|1689|2025|2148|2382|2743,24|21|44|72|81|100|115
Kamat Hotels,https://www.screener.in/company/KAMATHOTEL/consolidated/,676 Cr.,229,369 / 140,16.2,107,0.00 %,15.8 %,11.6 %,10.0,1.06,3.12,-0.24 %,0.02 %,25.1 %,29.4 %,10.0 %,12.6 %,9.33 %,-23.6 %,-28.0 %,21.8 %,0.00 %,0.74,0.00 %,0.00 Cr.,0.00 Cr.,0.00 Cr.,Consumer Discretionary,Consumer Services,Leisure Services,Hotels & Resorts,9.69,17.46,19.06,-2.19,2.83|8.88|3.73|1.23|-1|5.87|5.56|3.19,98,66,29|59|30|115|79|74|1|31|116|72|66|98,29.20,20|22|29|27|31|29|12|25|37|30|29|25,,0|0|0.27|0.01|0.97|0.1|0.26|0.02,4.53|4.53|4.16|3.42|3.86|3.84|3.84|3.86,0|0|0|0|0|0|0|0|0|0|0|0,162|182|183|201|236|222|66|144|295|304|357|386,-65|-39|42|-192|17|25|-36|-23|313|45|47|39
Markolines Pavem,https://www.screener.in/company/MARKOLINES/,377 Cr.,170,192 / 131,14.0,91.2,0.88 %,15.8 %,14.0 %,10.0,1.64,6.16,0.41 %,-0.01 %,12.6 %,13.0 %,8.23 %,7.44 %,1.24 %,18.6 %,18.4 %,-22.3 %,0.00 %,0.43,0.00 %,0.00 Cr.,3.30 Cr.,1.50 Cr.,Industrials,Construction,Construction,Civil Construction,4.36,11.36,7.09,3.99,1.1|2.86|5.59|1.72|1.81|3.22|5.12|1.96,11,-13,-7|7|1|-20|20|2|-13|11,11.40,13|11|9|13|9|9|13|13,,0.21|0.18|0.18|0.18|0.18|0.18|0.18|0.59,0.67|0|0|0|0|0.11|0.11|0.1,0|0|0|9|8|11|15|0,73|171|158|187|312|347|300|324,3|7|4|10|16|17|23|26
Hariom Pipe,https://www.screener.in/company/HARIOMPIPE/,"1,124 Cr.",363,572 / 268,16.2,209,0.21 %,15.8 %,12.4 %,10.0,1.67,2.74,0.75 %,0.01 %,12.6 %,10.9 %,4.55 %,3.84 %,37.3 %,18.0 %,13.5 %,22.7 %,0.00 %,0.57,0.00 %,2.32 Cr.,1.89 Cr.,1.19 Cr.,Industrials,Capital Goods,Industrial Products,Iron & Steel Products,17,30,12,10,5.09|3.63|5.57|7.62|3.36|3.75|9.75|5.61,192,79,4|7|6|1|10|4|-101|5|79|192,12.00,8|14|13|15|13|13|13|10|11|13,,9.55|9.4|9.49|9.59|9.53|9.23|9.5|10.25,0.38|0.05|0.23|0.22|0.16|0.05|0.06|0.07,0|0|10|0|0|0|0|3|3|3,87|105|134|161|254|431|644|1360|1604|1667,2|6|8|8|15|32|46|57|62|76
Insecticid.India,https://www.screener.in/company/INSECTICID/consolidated/,"1,762 Cr.",606,789 / 519,14.1,419,0.33 %,15.8 %,12.0 %,10.0,1.95,10.4,-0.10 %,-0.01 %,10.6 %,11.1 %,6.47 %,7.09 %,5.91 %,29.9 %,30.6 %,7.80 %,0.00 %,0.13,0.00 %,5.82 Cr.,5.82 Cr.,7.06 Cr.,Commodities,Chemicals,Fertilizers & Agrochemicals,Pesticides & Agrochemicals,44,12,10,59,21.13|5.97|4.77|19.97|20.31|3.61|4.02|15.08,100,93,-6|86|4|182|-133|242|155|135|-11|187|93|100,9.60,12|10|11|14|16|11|11|11|7|8|11|11,,5.43|5.13|4.5|4.65|4.51|4.46|4.5|4.4,9.06|9.24|9.59|9.72|9.5|9.4|9.27|9.26,0|10|7|5|3|10|4|6|14|9|4|4,893|906|994|1073|1194|1363|1420|1504|1801|1966|2000|2140,55|40|60|84|123|87|94|107|63|102|142|139
Diffusion Eng,https://www.screener.in/company/DIFFNKG/consolidated/,"1,668 Cr.",446,520 / 217,30.2,108,0.34 %,15.8 %,12.4 %,10.0,3.28,28.9,0.31 %,0.29 %,14.1 %,13.5 %,11.8 %,9.42 %,16.8 %,30.5 %,-39.4 %,-16.0 %,0.00 %,0.07,0.00 %,5.61 Cr.,5.61 Cr.,3.12 Cr.,Industrials,Capital Goods,Industrial Products,Other Industrial Products,17,16,12,10,3.01|1.89|3.48|3.26|2.7|3.22|4.27|4.44,23,9,13|10|12|11|-5|36|9|23,12.80,11|11|12|11|11|14|14|14,,1.38|0.02|0.67|0.57|0.14|0.41|0.72,8.56|8.98|7.92|7.5|6.8|8.13|8.42,0|0|13|9|7|5|16|11,154|154|155|205|255|278|335|407,9|11|12|17|22|31|36|50
Innovana Think.,https://www.screener.in/company/INNOVANA/consolidated/,627 Cr.,303,552 / 290,20.3,132,0.00 %,15.8 %,15.0 %,10.0,2.38,7.40,-0.14 %,0.42 %,34.6 %,54.3 %,25.8 %,40.2 %,18.7 %,15.3 %,15.0 %,18.7 %,0.00 %,0.21,0.00 %,0.00 Cr.,0.00 Cr.,0.41 Cr.,Information Technology,Information Technology,IT - Software,Computers - Software & Consulting,5.53,1.82,8.97,12.66,5.32|5.7|5.56|6.32|6.19|4.63|1.42|2.72,27,39,2|6|39|37|15|-4|4|0|39|27,43.60,8|36|31|38|28|45|39|45|54|35,,0.33|0.14|0.37|0.65|0.84|1.11|1.18|1.04,0|0|0.17|0.5|0.82|1.09|1.09|1.51,0|0|0|0|8|7|2|0|0|0,16|31|45|64|57|58|79|101|103|132,1|8|11|22|16|21|27|41|45|37
Platinum Industr,https://www.screener.in/company/PLATIND/consolidated/,"1,176 Cr.",214,328 / 184,23.2,80.7,0.00 %,15.7 %,12.7 %,10.0,4.17,24.9,-0.24 %,0.08 %,13.3 %,14.8 %,11.5 %,12.8 %,24.8 %,11.4 %,0.41 %,-27.0 %,0.00 %,0.02,0.00 %,0.00 Cr.,0.00 Cr.,0.00 Cr.,Commodities,Chemicals,Chemicals & Petrochemicals,Specialty Chemicals,11,15,12,11,2.6|2.12|1.03|2.32|2.11|2.29|2.75|2.03,-1,-8,3|-15|38|33|-8|-1,17.60,9|14|23|23|15|13,,0.72|1.49|0.82|0.59|0.59|0.62|0.59|0.35,3.04|2.68|2.68|2.79|2.95|2.95|3.6|3.68,0|0|0|0|0|0,89|188|231|264|392|450,5|18|38|44|50|51
Northern Spirits,https://www.screener.in/company/542628/,204 Cr.,127,193 / 96.6,7.02,92.9,0.28 %,15.7 %,20.0 %,10.0,1.60,3.49,0.00 %,0.00 %,2.16 %,2.39 %,1.18 %,1.18 %,36.6 %,34.6 %,34.6 %,55.7 %,44.8 %,1.40,0.00 %,5.62 Cr.,0.48 Cr.,1.30 Cr.,Services,Services,Commercial Services & Supplies,Trading & Distributors,9.27,4.98,7.18,7.59,3.49|5.74|1.3|4.6|4.73|4.47|3.1|5.78,7,-7,1|1|1|-7|-50|-12|-10|0|-22|-29|-7|7,2.88,3.1|-13|5|7|18|5|5|4.8|2.5|2.5|2.4|2.2,,0|0|0|0|0.37|0|0|0,,0|0|0|0|0|0|0|0|0|2|2|21,2|3|16|25|110|154|152|268|905|1235|1943|2309,0|-1|1|1|10|4|3|6|11|17|23|27
Mazda,https://www.screener.in/company/MAZDA/,533 Cr.,266,308 / 159,17.8,125,1.50 %,15.6 %,11.5 %,2.00,2.99,39.5,0.02 %,0.00 %,16.3 %,15.5 %,13.0 %,12.9 %,3.45 %,0.75 %,0.71 %,11.0 %,0.00 %,0.00,0.10 %,8.02 Cr.,7.22 Cr.,6.42 Cr.,Industrials,Capital Goods,Industrial Manufacturing,Industrial Products,7.33,6.29,8.72,7.58,4.49|3.71|2.78|2.45|3.79|4.35|3.14|3.66,-19,11,16|17|7|14|-5|22|20|8|24|43|11|-19,17.40,15|15|12|13|14|14|16|17|20|18|16|16,,0.2|0.27|0.15|0.15|0.08|0.13|0.05|0.07,0.02|0.05|0.05|0.05|0.05|0.05|0.05|0.05,23|23|24|34|27|24|27|23|21|20|29|29,118|122|110|107|139|180|152|165|192|225|193|212,11|12|13|10|14|17|16|21|27|32|25|28
Taneja Aerospace,https://www.screener.in/company/TANAA/consolidated/,679 Cr.,266,415 / 190,35.5,60.6,0.94 %,15.6 %,11.4 %,5.00,3.18,43.8,0.00 %,0.00 %,59.2 %,63.6 %,42.2 %,44.5 %,8.02 %,14.6 %,13.7 %,21.6 %,0.00 %,0.00,0.00 %,6.38 Cr.,6.38 Cr.,6.83 Cr.,Industrials,Capital Goods,Aerospace & Defense,Aerospace & Defense,5.73,5.11,4.30,3.86,1.6|1.73|2.4|1.39|1.51|1.69|2|2.25,23,25,29|0|11|9|8|12|14|10|16|14|25|23,59.40,-10|4.8|21|23|42|42|42|52|59|63|64|59,,0.02|0.02|0.02|0.02|0|0|0|0,0|0.09|0.09|0.09|0.09|0.09|0.09|0.09,0|0|0|0|0|0|0|23|91|92|35|38,29|60|37|32|33|32|35|31|32|30|41|40,-5|-4|1|0|5|6|6|5|11|11|18|17
Gala Precis. Eng,https://www.screener.in/company/GALAPREC/consolidated/,"1,296 Cr.","1,011","1,260 / 648",34.0,229,0.00 %,15.6 %,13.2 %,10.0,3.44,18.2,0.00 %,0.32 %,16.6 %,17.4 %,11.6 %,11.4 %,23.8 %,32.9 %,-22.6 %,24.9 %,0.00 %,0.13,-0.66 %,0.00 Cr.,0.00 Cr.,0.00 Cr.,Industrials,Capital Goods,Industrial Manufacturing,Industrial Products,8.19,12.23,8.30,8.39,4.14|4.18|7.88|5.14|6.58|6.52|9.56|6.4,10,3,9|15|12|16|16|3|10,16.80,9|12|14|17|19|17|17,,2.37|2.03|1.32|1.13|1.13|1.32|1.3|1.3,6.12|5.39|4.84|4.69|4.8|4.98|5.46|5.78,0|0|0|0|0|0|0,102|105|145|165|203|238|314,1|2|7|24|22|27|35
Zodiac Energy,https://www.screener.in/company/ZODIAC/,337 Cr.,222,415 / 204,13.2,77.3,0.34 %,15.6 %,18.7 %,10.0,1.26,2.85,-0.01 %,0.00 %,10.2 %,9.08 %,3.68 %,4.82 %,58.0 %,86.7 %,84.7 %,34.4 %,16.9 %,1.86,0.00 %,1.13 Cr.,1.13 Cr.,0.45 Cr.,Industrials,Construction,Construction,Civil Construction,7.02,10.63,5.08,2.68,1.65|3.78|6.25|1.78|1.77|3.36|7.03|4.64,48,-49,0|-8|-6|0|-4|2|-23|16|-49|48,7.80,3.6|6|4.8|8|8|7|7|6|5|9|9|10,,1.46|1.32|0.91|0.54|0.54|0.33|0.15|0.14,0.59|0.56|0.56|0.34|0.34|0.34|0.2|0.2,44|0|0|0|59|0|0|0|0|0|6|5,9|9|17|38|63|68|100|143|138|220|408|544,0|0|0|2|3|3|4|5|3|11|20|21
Arisinfra Solu.,https://www.screener.in/company/ARIS/consolidated/,"1,091 Cr.",133,179 / 82.2,16.5,90.4,0.00 %,15.6 %,11.2 %,2.00,2.64,5.38,-0.13 %,-4.68 %,9.43 %,6.30 %,5.83 %,1.04 %,12.7 %,80.0 %,27.1 %,%,0.00 %,0.10,-0.02 %,0.00 Cr.,0.00 Cr.,0.00 Cr.,Commodities,Construction Materials,Other Construction Materials,Other Construction Materials,20,22,18,15,-0.65|0.08|-0.23|0.41|1.76|1.88|2.43|2.06,142,-21,-269|-14|3|-21|142,3.30,-0.2|-0.1|1.8|6|9,,9.79|2.58|1.3|2.07|1.94,6.27|3.75|3.72|5.77|1.09,0|0|0|0|0,452|746|697|768|1067,-6|-15|-17|6|60
National Fitting,https://www.screener.in/company/531289/,272 Cr.,299,299 / 134,26.1,98.0,0.33 %,15.5 %,11.3 %,10.0,3.35,15.8,0.00 %,0.00 %,14.0 %,10.4 %,10.5 %,2.75 %,2.04 %,30.3 %,30.3 %,44.0 %,0.00 %,0.14,0.68 %,0.91 Cr.,0.91 Cr.,1.09 Cr.,Industrials,Capital Goods,Industrial Products,Iron & Steel Products,3.94,1.72,2.93,1.84,0.92|1.14|15.95|2.88|2.03|3.23|1.89|4.34,-4,8,4|10|13|9|6|2|9|4|6|10|8|-4,11.40,19|22|23|22|12|8|9|7|11|15|10|14,,,0.01|0.01|0.01|0.01|0.01|0.01|0.01|0.01,15|34|33|0|46|0|55|68|31|23|4|10,50|52|67|62|58|57|51|66|86|77|78|91,6|7|10|8|3|1|2|1|4|6|23|9
Nitin Castings,https://www.screener.in/company/508875/,237 Cr.,462,650 / 260,29.1,178,0.65 %,15.5 %,12.7 %,5.00,2.38,12.9,0.00 %,0.00 %,9.08 %,10.2 %,7.54 %,6.88 %,3.32 %,31.4 %,31.4 %,27.7 %,0.00 %,0.15,0.00 %,0.00 Cr.,1.54 Cr.,0.75 Cr.,Industrials,Capital Goods,Industrial Products,Castings & Forgings,2.68,1.75,1.69,1.48,8.17|3.5|4.77|11.11|2.88|3.29|3.4|5.21,9,18,1|1|3|6|10|10|15|1|1|17|18|9,8.60,7|7|9|8|10|10|9|7|7|10|10|9,,,,13|350|22|31|11|0|8|5|8|13|12|0,42|64|61|58|74|64|62|97|133|149|151|147,1|0|1|1|2|1|3|5|5|12|12|11
Avio Smart Market,https://www.screener.in/company/ASMS/consolidated/,203 Cr.,6.66,16.7 / 6.52,31.6,1.12,0.00 %,15.5 %,19.0 %,1.00,1.07,69.1,-0.17 %,0.00 %,4.61 %,-0.65 %,5.71 %,-2.17 %,25.6 %,30.3 %,30.3 %,15.0 %,0.00 %,0.26,-1.68 %,0.00 Cr.,0.00 Cr.,Cr.,Information Technology,Information Technology,IT - Services,IT Enabled Services,0.92,2.08,2.45,0.45,-3.79|-0.33|14.44|0.03|0.01|0.08|0.07|0.03,1,-2,94|123|-8|4|-4|9|61|27|4|-4|-2|1,5.14,-53|-44|11|12|19|-24|11|9|9|3.8|-0.7|4.6,,0|3.19|3.97|1.36|1.68|1.68|1.67|1.5,0.22|0.22|0.22|0.22|0.22|0.22|0.22|0.22,0|0|0|0|0|0|0|0|0|0|0|0,153|108|109|85|75|69|66|63|65|52|40|104,-77|-99|-33|-51|-42|-66|-51|-49|-50|412|2|6
Capacit'e Infra.,https://www.screener.in/company/CAPACITE/consolidated/,"1,656 Cr.",196,319 / 179,8.94,226,0.00 %,15.5 %,10.4 %,10.0,1.65,3.47,-0.80 %,-0.09 %,16.3 %,16.2 %,7.26 %,8.67 %,13.4 %,24.0 %,15.2 %,150 %,18.6 %,0.25,0.00 %,0.00 Cr.,0.00 Cr.,0.00 Cr.,Industrials,Construction,Construction,Civil Construction,40,45,50,51,5.27|6.15|6.21|5.4|5.8|5.91|5.52|4.66,223,52,37|-17|136|85|70|357|77|34|101|-39|52|223,17.00,11|13|18|15|14|17|15|16|20|17|16|16,,14.29|13.68|13.32|14.53|13.95|14.09|14.96|14.16,7.24|7.55|7.82|8.23|8.48|8.54|7.82|7.73,0|3|3|9|7|0|0|0|0|0|0|0,556|853|1155|1341|1797|1529|880|1340|1799|1932|2350|2623,32|49|69|80|97|91|2|48|95|120|204|193
Remsons Ind,https://www.screener.in/company/REMSONSIND/consolidated/,344 Cr.,98.7,152 / 75.2,19.3,42.7,0.30 %,15.5 %,13.5 %,2.00,1.31,4.03,0.46 %,-0.14 %,10.6 %,9.92 %,4.53 %,4.52 %,14.4 %,29.8 %,21.5 %,41.7 %,0.00 %,0.66,-2.70 %,0.35 Cr.,0.00 Cr.,0.56 Cr.,Consumer Discretionary,Automobile and Auto Components,Auto Components,Auto Components & Equipments,3.23,4.45,6.06,5.73,0.9|1.14|1.3|1.04|1.16|1.47|1.5|0.83,60,22,0|14|28|15|22|60,9.20,4.5|7|8|10|10|11,,4.54|4.49|3.64|5.1|4.9|3.39|2.33|2.79,0.21|0.21|0.35|0.91|1.02|1.13|1.22|1.08,13|11|10|8|0|2,226|286|313|312|377|469,4|5|8|13|17|21
Omax Autos,https://www.screener.in/company/OMAXAUTO/,390 Cr.,182,266 / 84.5,9.62,162,2.74 %,15.4 %,9.34 %,10.0,1.05,4.53,0.03 %,0.15 %,10.2 %,8.73 %,6.38 %,-1.06 %,17.2 %,49.4 %,49.4 %,19.9 %,0.00 %,0.15,-0.23 %,5.35 Cr.,5.35 Cr.,2.57 Cr.,Consumer Discretionary,Automobile and Auto Components,Auto Components,Auto Components & Equipments,11,17,12,0,7.27|1.34|0.23|3.34|0.15|5.71|8.11|4.96,67,32,35|50|-21|68|-87|15|25|19|35|21|32|67,4.60,4.5|5|3.2|3.6|4.1|4.4|-26|-8|5|7|9|10,,0.09|0.21|0|0.29|0|0|0.36|0.39,0.03|0|0|0|0|0|0|0.15,0|27|0|0|0|0|0|0|0|18|25|14,1004|1027|1042|1179|992|467|161|222|301|355|369|484,8|8|-2|8|0|44|-10|23|-24|12|22|37
Aptech,https://www.screener.in/company/APTECHT/consolidated/,534 Cr.,92.0,131 / 69.1,20.6,42.9,4.89 %,15.4 %,10.1 %,10.0,1.69,23.0,-0.20 %,-0.62 %,6.31 %,6.34 %,5.03 %,4.24 %,3.25 %,-28.0 %,-28.0 %,15.1 %,0.00 %,0.05,0.00 %,0.00 Cr.,26.1 Cr.,19.5 Cr.,Consumer Discretionary,Consumer Services,Other Consumer Services,Education,7.65,1.78,8.56,6.46,0.95|0.62|0.85|1.16|1.11|1.48|0.31|1.32,24,20,17|14|29|12|14|-10|41|45|99|-8|20|24,11.40,15|13|14|12|14|12|13|18|17|10|6|6,,0.48|0.47|0.4|0.41|0.39|0.58|0.65|0.45,3.19|2.95|2.95|2.95|2.39|1.21|1.2|0.58,83|39|62|42|77|134|75|42|37|90|137|0,170|162|212|228|207|216|118|225|456|436|460|502,16|10|19|33|18|14|12|49|68|29|19|24
Rama Phosphates,https://www.screener.in/company/RAMAPHO/,428 Cr.,121,217 / 103,7.96,119,0.62 %,15.4 %,13.2 %,5.00,1.84,7.40,-0.10 %,0.00 %,9.87 %,6.13 %,5.87 %,1.84 %,0.69 %,8.59 %,8.60 %,4.49 %,13.3 %,0.33,0.00 %,0.88 Cr.,0.88 Cr.,1.41 Cr.,Commodities,Chemicals,Fertilizers & Agrochemicals,Fertilizers,17,5,14,17,0.87|1.03|1.48|4.53|4.88|3.96|1.52|4.82,20,40,7|18|12|13|21|26|44|-9|-36|-5|40|20,6.68,-0.2|6|6|5|7|5|11|13|8|-3.6|6|10,,0.06|0|0|0.08|0.07|0.25|0.26|0.16,0.03|0.03|0.03|0.03|0.03|0.03|0.03|0.03,0|18|21|33|9|10|8|5|4|0|6|2,399|389|382|375|607|448|580|878|875|603|744|893,-10|8|8|5|19|18|42|70|41|-31|14|53
JITF Infra Logis,https://www.screener.in/company/JITFINFRA/consolidated/,732 Cr.,285,434 / 222,,-200,0.00 %,15.4 %,%,2.00,1.47,1.31,-0.02 %,0.00 %,19.9 %,17.9 %,-0.65 %,6.41 %,20.9 %,15.8 %,15.8 %,10.2 %,0.00 %,,0.00 %,0.00 Cr.,0.00 Cr.,0.00 Cr.,Utilities,Utilities,Other Utilities,Water Supply & Management,-2.09,-7.84,18.60,-15.99,56.94|-3.1|-11.5|-4.33|-6.98|-0.49|-6.94|-2.14,199,185,-163|4|-52|73|21|84|190|185|185|199,16.40,-6|-0.8|-9|11|11|10|12|16|16|18|20,,2.23|1.98|2.09|2.08|1.95|1.95|1.96|1.94,0.51|0.04|0.04|0.04|0.04|0.04|0.04|0.04,0|0|0|0|0|0|0|0|0|0|0,443|543|400|581|844|928|1234|1589|2535|2265|2808,-114|-113|-157|-114|-136|-135|-129|-107|91|145|-10
Indo Borax & Ch.,https://www.screener.in/company/INDOBORAX/consolidated/,"1,517 Cr.",473,543 / 225,31.0,120,2.12 %,15.4 %,10.1 %,1.00,8.15,583,-0.32 %,-2.15 %,20.6 %,26.2 %,16.8 %,23.4 %,-1.45 %,-9.29 %,-9.29 %,1.24 %,100 %,0.00,7.61 %,3.21 Cr.,3.21 Cr.,2.63 Cr.,Commodities,Chemicals,Chemicals & Petrochemicals,Commodity Chemicals,16,15,9,16,2.86|2.83|3.19|3.18|5.07|2.89|4.53|5.06,87,-104,0|18|21|1|15|13|16|11|60|69|-104|87,24.80,21|18|15|17|16|16|31|27|28|22|26|21,,0.06|0.01|0.02|0.02|0.53|0.23|0.45|0.13,0|0|0.01|0.02|0.02|0.02|2.19|0.04,4|5|6|4|3|4|9|1|6|8|8|6,87|70|67|101|128|115|144|176|225|191|175|215,14|9|8|13|18|17|34|36|51|39|43|50
Sh. Jagdamba Pol,https://www.screener.in/company/SHRJAGP/,558 Cr.,638,888 / 500,11.8,380,0.16 %,15.3 %,11.6 %,1.00,3.54,18.8,0.00 %,0.02 %,11.2 %,14.4 %,9.44 %,9.84 %,8.31 %,6.30 %,6.30 %,-2.46 %,0.00 %,0.15,0.00 %,0.88 Cr.,0.66 Cr.,0.48 Cr.,Industrials,Capital Goods,Industrial Products,Packaging,19,10,8,10,10.07|15.61|18.36|14.75|11.67|9.6|11.24|21.64,56,-19,8|17|22|14|21|9|12|28|43|19|-19|56,14.60,8|12|12|16|18|20|23|19|14|15|14|11,,0.02|0.02|0.02|0.02|0.02|0.02|0.02|0.02,4.67|4.76|4.96|5.02|5.08|5.08|5.08|5.1,3|2|2|1|1|1|1|1|1|0|1|2,110|122|147|179|190|196|239|369|328|362|481|416,3|5|6|16|22|27|41|51|30|32|48|41
Patel Retail,https://www.screener.in/company/PATELRMART/,687 Cr.,206,266 / 149,16.5,109,0.00 %,15.3 %,15.7 %,10.0,2.25,6.10,-0.11 %,0.15 %,6.88 %,7.11 %,3.72 %,3.08 %,0.97 %,33.6 %,-35.2 %,-17.3 %,0.00 %,0.45,0.00 %,0.00 Cr.,0.00 Cr.,0.00 Cr.,Consumer Discretionary,Consumer Services,Retailing,Diversified Retail,9.52,9.98,12.00,10.14,2.4|2.46|2.89|2.78|3.04|3.59|2.99|2.85,-83,28,31|-39|34|-6|25|28|-83,5.62,3.2|3|2.9|4.2|7|7|7,,3.84|2.83|1.59|1.48,1.77|1.78|2.84|2.99,0|0|0|0|0|0|0,635|823|766|1019|814|821|1048,7|12|11|16|23|25|39
Kotyark Indust.,https://www.screener.in/company/KOTYARK/consolidated/,352 Cr.,31.2,46.0 / 17.4,18.5,16.0,1.46 %,15.3 %,10.9 %,10.0,3.22,4.22,-0.93 %,0.00 %,15.2 %,14.8 %,6.14 %,4.88 %,34.0 %,9.33 %,3.55 %,%,0.00 %,0.36,-6.50 %,5.14 Cr.,8.74 Cr.,Cr.,Energy,"Oil, Gas & Consumable Fuels",Petroleum Products,Refineries & Marketing,4.46,9.38,3.16,4.09,0.44|1.33|1.01|0.13|0.31|0.28|0.82|0.34,-4,31,10|-16|31|-4,16.50,19|17|15|15,,0|0|0.94|0.94|1.06|1.06|1.03|0.1,1.16|0.02|0.6|0.56|0|0|0|0,34|35|60|27,131|271|288|315,14|22|15|19
Shiv Texchem,https://www.screener.in/company/544272/,260 Cr.,112,292 / 95.0,3.34,177,0.00 %,15.3 %,20.9 %,10.0,1.80,4.05,-0.21 %,0.00 %,4.90 %,3.91 %,2.80 %,2.19 %,35.4 %,69.3 %,-30.5 %,-20.8 %,0.00 %,1.71,0.00 %,0.00 Cr.,0.00 Cr.,0.00 Cr.,Commodities,Chemicals,Chemicals & Petrochemicals,Trading - Chemicals,35,43,27,21,71.38|87.33|12.09|11.86|18.54|15.05,-327,-116,-81|28|-162|58|-116|-327,3.54,5|1.9|3.2|3.8|3.9|4.9,,4.08|1.63|1.14|0.95|0.71|0.5|0.28|0.07,6.74|8.02|7.91|7.75|7.93|7.18|6.98|6.98,0|0|0|0|0|0,334|859|1118|1535|2202|2776,9|14|16|30|48|78
Hester Bios,https://www.screener.in/company/HESTERBIO/consolidated/,"1,868 Cr.","2,196","2,684 / 1,239",35.2,423,0.50 %,15.2 %,15.9 %,10.0,1.37,6.66,-0.07 %,0.00 %,26.1 %,19.8 %,16.7 %,9.37 %,7.72 %,26.3 %,26.3 %,7.94 %,0.00 %,0.54,0.00 %,9.36 Cr.,5.96 Cr.,7.15 Cr.,Healthcare,Healthcare,Pharmaceuticals & Biotechnology,Pharmaceuticals,97,17,9,14,9.64|13.71|1.52|19.33|16.99|10.31|18.78|114,64,65,20|19|35|38|47|37|58|9|24|48|65|64,21.80,28|34|33|35|38|30|32|26|19|18|20|26,,0.61|0.59|0.87|0.51|0.53|0.52|0.38|0.31,0|0.02|0.02|0.02|0|0.01|0|0,19|18|19|33|23|19|25|22|26|27|22|17,90|101|123|136|178|183|214|235|266|305|311|333,13|19|23|23|41|31|35|39|28|21|29|57
Jullundur Motor,https://www.screener.in/company/JMA/consolidated/,206 Cr.,90.2,104 / 70.2,6.43,120,2.22 %,15.2 %,11.3 %,2.00,3.75,,0.00 %,0.00 %,5.26 %,5.18 %,4.84 %,4.72 %,7.32 %,3.25 %,3.25 %,5.48 %,0.00 %,0.00,0.00 %,6.86 Cr.,4.57 Cr.,5.03 Cr.,Consumer Discretionary,Automobile and Auto Components,Auto Components,Trading - Auto components,7.96,9.69,8.93,5.98,1.82|2.93|4.31|2.41|2.57|3.84|4.19|3.43,11,-2,7|8|-5|-5|9|8|24|12|3|12|-2|11,5.60,4.7|4.2|4.6|4.7|5|4.2|7|7|6|5|5|5,,0.14|0.05|0.05|0.05|0.05|0.05|0.05|0.05,0.01|0.01|0.01|0.01|0.01|0.01|0.01|0.01,15|18|17|19|15|21|20|19|17|18|18|23,409|415|387|327|355|362|387|437|503|534|556|622,15|13|14|13|16|14|23|25|27|26|26|30
Bella Casa Fashi,https://www.screener.in/company/BELLACASA/,351 Cr.,263,497 / 205,19.6,125,0.76 %,15.2 %,12.7 %,10.0,1.91,5.11,0.01 %,0.00 %,8.04 %,8.26 %,4.83 %,4.53 %,27.3 %,37.3 %,37.3 %,30.1 %,0.00 %,0.47,0.00 %,0.00 Cr.,2.68 Cr.,1.36 Cr.,Consumer Discretionary,Textiles,Textiles & Apparels,Garments & Apparels,2.54,4.57,4.45,6.41,3.44|2.62|3.24|3.51|4.79|3.32|3.41|1.9,31,12,-2|1|0|-19|-1|11|6|-3|15|4|12|31,8.40,6|7|8|10|12|11|9|10|8|8|8|8,,0|0|0|0|0|0|0|0.01,0|0.83|0.83|0.8|0|0|0|0,0|0|0|9|13|15|20|20|10|11|17|0,78|84|113|125|147|163|129|206|202|230|349|416,1|1|3|6|9|9|5|11|8|10|16|20
Balaji Phos.,https://www.screener.in/company/BALAJIPHOS/consolidated/,278 Cr.,117,171 / 78.8,27.2,38.1,0.00 %,15.2 %,12.0 %,10.0,2.16,5.16,0.00 %,-0.66 %,11.2 %,10.6 %,5.99 %,6.26 %,5.65 %,18.8 %,-14.3 %,12.4 %,0.00 %,0.47,0.00 %,0.00 Cr.,0.00 Cr.,0.00 Cr.,Commodities,Chemicals,Fertilizers & Agrochemicals,Fertilizers,2,8,4,4,0.49|2.43|1.51|3.39|0.92,5,-36,6|7|3|-4|-3|-36|5,8.80,12|4.9|6|8|8|11|11,,3.55|3.54|3.54,1.35|0.77|0.11,0|0|0|0|0|0|0,59|103|127|145|152|127|170,3|1|3|6|6|8|10
A B Infrabuild,https://www.screener.in/company/ABINFRA/,739 Cr.,11.6,23.6 / 8.82,37.9,2.65,0.05 %,15.2 %,13.8 %,1.00,1.76,3.40,-0.69 %,0.00 %,14.9 %,15.9 %,7.55 %,7.98 %,28.0 %,47.7 %,-4.78 %,27.5 %,0.00 %,0.68,-0.01 %,0.38 Cr.,2.66 Cr.,0.61 Cr.,Industrials,Construction,Construction,Civil Construction,5.34,5.97,6.12,2.13,0.06|0.08|0.11|0.08|0.03|0.1|0.09|0.08,-51,-25,3|11|4|3|1|-9|0|1|15|5|-25|-51,12.40,10|10|9|15|14|12|6|8|10|13|16|15,,0|0|0|0.01|0|0.03|0.69|0,0|0|0|0|0|0|0.01|0.01,0|0|0|0|0|0|0|0|0|0|17|2,85|71|70|59|55|64|62|64|122|184|208|256,1|0|0|3|3|3|-2|1|8|11|16|19
Aveer Foods,https://www.screener.in/company/543737/,247 Cr.,551,773 / 476,62.4,114,0.05 %,15.1 %,10.0 %,10.0,2.59,7.01,0.00 %,0.00 %,6.33 %,7.28 %,2.77 %,3.67 %,14.2 %,57.2 %,51.7 %,%,0.00 %,0.06,0.00 %,0.11 Cr.,0.10 Cr.,0.04 Cr.,Fast Moving Consumer Goods,Fast Moving Consumer Goods,Food Products,Packaged Foods,0.59,0.37,0.78,1.89,3.65|2.04|1.51|1.32|4.69|1.94|0.83|1.32,3,7,0|-3|-3|5|8|7|3,3.62,9|-4.5|3.6|6|7|6,,,,0|0|0|0|0|3|3,0|3|78|96|95|107|143,0|0|-5|1|1|4|4
Sudarshan Pharma,https://www.screener.in/company/543828/consolidated/,990 Cr.,39.7,42.8 / 18.5,39.4,6.44,0.00 %,15.1 %,16.3 %,1.00,1.07,2.17,-0.07 %,0.00 %,7.30 %,7.90 %,3.32 %,3.57 %,15.1 %,47.8 %,47.8 %,28.2 %,0.00 %,1.84,1.54 %,0.00 Cr.,0.00 Cr.,0.14 Cr.,Commodities,Chemicals,Chemicals & Petrochemicals,Specialty Chemicals,5.61,11.40,4.15,3.87,0.24|0.12|0.31|0.17|0.17|0.18|0.45|0.23,-2,35,1|3|-4|-29|6|35|-2,5.24,3.2|3.7|3.1|3.2|4.9|8|7,,13.07|18.45|19.49|20.79|19.78|19.95|19.38|19.88,,0|0|0|10|0|0|0,148|193|357|461|464|505|703,1|3|5|7|11|16|23
Nupur Recyclers,https://www.screener.in/company/NRL/consolidated/,992 Cr.,144,144 / 45.1,57.8,19.4,0.00 %,15.1 %,11.3 %,10.0,5.28,8.69,0.41 %,0.00 %,7.91 %,9.87 %,7.64 %,10.3 %,4.94 %,5.18 %,4.94 %,%,0.00 %,0.25,0.47 %,0.00 Cr.,0.00 Cr.,Cr.,Commodities,Metals & Mining,Metals & Minerals Trading,Trading - Metals,7.39,3.34,4.76,4.33,0.69|0.46|0.3|0.52|0.56|0.58|0.4|0.94,18,-19,-17|-11|-19|18,7.00,7|3|10|8,,0.01|0.01|0.03|0.07|0.07|0.06|0|0.41,0.29|0.29|0|0|0|0|0|0,0|0|0|0,187|240|158|216,15|9|16|16
Mindteck (India),https://www.screener.in/company/MINDTECK/consolidated/,506 Cr.,158,308 / 140,15.3,95.0,0.63 %,15.1 %,12.1 %,10.0,4.65,43.9,0.05 %,0.00 %,9.32 %,8.31 %,8.36 %,7.08 %,6.55 %,17.9 %,17.5 %,25.7 %,0.00 %,0.01,0.00 %,3.20 Cr.,3.19 Cr.,2.78 Cr.,Information Technology,Information Technology,IT - Software,Computers - Software & Consulting,8.36,10.16,5.05,7.56,2.38|2.49|2.13|2.74|2.37|1.58|3.18|2.62,26,24,23|17|-12|4|-13|15|34|22|13|22|24|26,8.00,9|7|3.2|0.4|1.5|1.6|7|7|8|8|8|9,,0.04|0.02|0.18|0|0|0.07|0.01|0.06,0|0|0|0|0|0|0|0,13|10|27|-45|92|0|0|8|12|9|11|10,319|312|342|297|299|276|287|299|337|386|424|407,19|26|9|-6|3|-65|11|33|21|27|29|32
Nikhil Adhesives,https://www.screener.in/company/526159/,376 Cr.,81.9,122 / 56.8,17.6,31.7,0.27 %,15.1 %,12.8 %,1.00,1.44,5.71,0.00 %,0.00 %,6.42 %,6.34 %,3.18 %,2.88 %,-9.36 %,0.96 %,0.96 %,2.39 %,0.00 %,0.46,0.00 %,1.01 Cr.,1.01 Cr.,0.96 Cr.,Commodities,Chemicals,Chemicals & Petrochemicals,Specialty Chemicals,7.32,6.28,3.52,3.99,1|0.76|0.91|1.16|0.87|0.77|1.37|1.59,0,7,16|13|-4|11|16|21|23|25|21|14|7|0,5.34,3.2|4.2|4.3|3.9|3.7|4.5|6|5|4.7|5|6|6,,0|0|0.04|0.04|0.04|0|0|0,0|0|0|0.2|0.34|0.34|0.38|0.38,0|0|0|16|9|7|4|4|5|7|6|6,251|266|260|330|446|422|491|814|743|564|585|554,0|2|2|3|5|7|16|25|17|13|17|17
Pune e-Stock Broking,https://www.screener.in/company/544141/consolidated/,481 Cr.,274,334 / 180,24.6,111,0.37 %,15.1 %,12.2 %,10.0,2.75,5.67,0.00 %,-0.06 %,49.5 %,37.8 %,29.8 %,21.7 %,18.8 %,29.7 %,0.64 %,7.73 %,0.00 %,0.30,1.14 %,0.00 Cr.,0.00 Cr.,0.00 Cr.,Financial Services,Financial Services,Capital Markets,Stockbroking & Allied,10,10,6,14,5.42|4.11|8.24|3.46|6.52|5.94,17,-64,-6|22|-4|42|-64|17,35.20,29|28|35|25|38|50,,0.7|0.35|0.25|0.6|0.45|0.45,1.72|0.08|0.08|0.08|0.06|0,0|0|0|0|0|0,33|45|40|76|74|67,7|10|10|13|19|20
Laxmi Dental,https://www.screener.in/company/LAXMIDENTL/consolidated/,"1,089 Cr.",198,350 / 156,31.3,44.3,0.00 %,15.0 %,14.8 %,2.00,5.80,31.7,-1.10 %,0.37 %,15.8 %,17.8 %,12.0 %,9.77 %,19.8 %,124 %,27.1 %,16.9 %,0.00 %,0.05,0.03 %,0.00 Cr.,0.00 Cr.,0.00 Cr.,Healthcare,Healthcare,Healthcare Equipment & Supplies,Medical Equipment & Supplies,10,10,2,9,2.12|0.93|0.78|1.53|1.55|0.36|1.83|1.87,-5,44,12|10|-2|14|8|44|-5,11.56,2.3|4.6|4.8|6|13|18|16,,34.24|33.59|32.39|32.45|31.2|30.1,12.86|14.3|11.85|10.82|10.52|10.89,0|0|0|0|0|0|0,150|92|137|162|194|239|278,-5|-5|-19|-4|25|32|29
Madhav Infra,https://www.screener.in/company/MADHAVIPL/consolidated/,210 Cr.,7.80,12.3 / 6.65,8.03,8.89,0.00 %,15.0 %,10.7 %,1.00,1.61,2.50,0.00 %,0.04 %,13.2 %,11.0 %,4.83 %,3.93 %,-0.69 %,14.8 %,14.8 %,31.0 %,0.00 %,0.69,0.00 %,0.00 Cr.,0.00 Cr.,0.00 Cr.,Industrials,Construction,Construction,Civil Construction,6.25,11.50,-4.26,12.46,0.15|0.1|0.45|0.28|0.47|-0.16|0.43|0.23,32,75,4|102|79|101|29|2|100|-8|73|65|75|32,11.80,11|31|30|27|22|22|13|11|11|13|11|13,,,0|0|0|0|0|0|0|0.04,0|0|0|0|0|0|0|0|0|0|0|0,272|258|399|385|326|204|274|460|513|460|610|502,9|10|11|8|5|3|-13|6|36|23|25|27
Commerl. Synbags,https://www.screener.in/company/COMSYN/,"1,286 Cr.",307,315 / 136,40.7,43.1,0.16 %,15.0 %,16.9 %,10.0,1.31,5.53,-0.17 %,-0.03 %,11.7 %,8.86 %,7.02 %,4.12 %,9.67 %,49.0 %,48.5 %,14.4 %,0.00 %,0.65,0.00 %,0.00 Cr.,1.60 Cr.,0.84 Cr.,Industrials,Capital Goods,Industrial Products,Packaging,9.68,7.11,6.25,8.54,0.6|0.82|1.81|1.27|2.14|1.56|1.76|2.4,32,8,8|9|2|7|10|27|-1|4|36|4|8|32,9.00,11|12|10|10|12|12|12|9|7|8|9|12,,0|0|0|0.24|0.11|0|0.17|0,0|0|0|0|0|0|0.09|0.06,0|0|0|0|16|16|20|14|0|0|12|0,112|117|119|161|207|191|214|322|291|286|341|384,5|6|5|6|11|11|12|18|8|7|14|27
Modern Malleable,https://www.screener.in/company/517336/,416 Cr.,35.7,85.8 / 2.50,17.1,15.3,0.00 %,15.0 %,11.4 %,1.00,1.92,33.5,0.00 %,0.00 %,18.0 %,1.62 %,12.7 %,-2.98 %,42.3 %,34.1 %,34.1 %,39.1 %,0.00 %,0.06,0.00 %,0.00 Cr.,0.00 Cr.,0.00 Cr.,Industrials,Capital Goods,Industrial Products,Iron & Steel Products,7.50,8.79,4.17,3.92,0.02|-0.05|0.93|0.21|0.34|0.36|0.75|0.64,7,-11,0|-5|10|-3|0|17|-1|-1|23|6|-11|7,18.32,-1.9|-9|-3.3|-4.7|-0.2|41|20|27|21|24|1.6|18,,0|0|0|0.05|0.05|0.05|0.05|0.05,0.24|0.24|0.24|0.19|0.19|0.19|0.19|0.19,0|0|0|0|0|0|0|0|0|0|0|0,29|69|57|69|49|93|38|46|52|68|52|151,-1|0|-1|0|1|28|4|15|9|14|11|19
Indus Finance,https://www.screener.in/company/531841/,286 Cr.,309,309 / 37.7,94.3,24.8,0.19 %,15.0 %,10.5 %,10.0,15.1,2.30,0.00 %,0.00 %,65.6 %,63.4 %,27.1 %,25.2 %,50.9 %,83.5 %,83.5 %,37.0 %,0.00 %,0.48,0.00 %,0.56 Cr.,0.46 Cr.,0.26 Cr.,Financial Services,Financial Services,Finance,Non Banking Financial Company (NBFC),0.75,1.46,0.29,0.08,0.87|0.14|0.09|0.18|0.09|0.31|1.58|0.81,-2.54,9.86,1.48|17.73|2.99|0.26|-0.27|-0.07|-0.05|-2.3|-0.34|11.11|9.86|-2.54,,,,,0.02|0.02|0.02|0.02|0.02|0.02|0.02|0.02,48.74|56.12|0|0|0|0|0|0|0|37.04|42.87|27.64,,0.76|0.66|0.07|0.08|0.2|-0.13|0.5|-3.38|0.39|0.75|1.08|2.01
Kellton Tech,https://www.screener.in/company/KELLTONTEC/consolidated/,723 Cr.,13.6,26.7 / 13.0,7.92,15.2,0.00 %,15.0 %,13.6 %,1.00,3.24,5.85,-0.32 %,0.00 %,11.1 %,11.6 %,7.53 %,7.26 %,9.88 %,9.33 %,5.88 %,3.17 %,15.9 %,0.24,-1.65 %,0.00 Cr.,0.00 Cr.,0.00 Cr.,Information Technology,Information Technology,IT - Services,IT Enabled Services,22,20,25,24,0.4|0.43|0.39|0.46|0.46|0.48|0.37|0.42,-10,6,17|14|43|55|59|56|79|1|24|56|6|-10,11.20,14|14|13|15|14|15|14|12|10|11|12|11,,1.32|1.43|1.07|1.27|0.96|1.21|1.04|0.72,,0|0|0|0|0|0|3|0|0|0|0|0,238|359|615|783|814|771|776|843|917|983|1098|1217,22|31|53|68|77|71|71|70|-127|64|80|92
Kapston Services,https://www.screener.in/company/KAPSTON/,"1,778 Cr.",584,600 / 163,58.5,38.2,0.00 %,15.0 %,27.3 %,5.00,1.44,3.12,0.01 %,0.00 %,5.29 %,4.56 %,3.37 %,2.58 %,27.7 %,76.8 %,76.7 %,34.2 %,0.00 %,1.58,0.00 %,0.00 Cr.,0.00 Cr.,0.00 Cr.,Services,Services,Commercial Services & Supplies,Diversified Commercial Services,8.49,7.52,7.38,7.02,1.3|1.49|1.99|2.01|2.31|2.43|2.47|2.79,7,-8,9|-2|-11|-11|15|-23|2|4|-8|7,4.42,6|7|4.5|9|9|8|8|4.7|3.4|4.4|4.6|5,,0|0|0|0|0|0|0|0.01,,0|0|0|0|0|0|16|0|0|0|0|0,59|75|91|118|147|213|213|272|399|520|689|830,2|2|3|6|9|11|6|2|5|13|18|28
Revathi Equip,https://www.screener.in/company/RVTH/consolidated/,214 Cr.,697,"1,300 / 486",13.8,458,0.00 %,15.0 %,10.5 %,10.0,1.72,3.13,0.00 %,0.05 %,12.6 %,16.8 %,9.82 %,11.3 %,%,%,%,%,0.00 %,0.48,0.00 %,0.00 Cr.,0.00 Cr.,Cr.,Industrials,Capital Goods,Industrial Manufacturing,Industrial Products,2.04,14.25,-1.40,0.42,8.8|0.65|30.45|1.86|1.37|-4.56|46.46|6.65,-30,28,13|-6|47|44|28|-30,12.80,12|5|10|19|17|13,,0.06|0.04|0.04|0|0|0|0|0,0|0|0|0|0|0|0|0.05,0|0|0|0|0|0,159|132|181|212|179|143,16|3|13|31|20|14
Anuh Pharma,https://www.screener.in/company/ANUHPHR/,937 Cr.,93.5,99.5 / 66.7,21.2,35.1,1.60 %,14.9 %,10.7 %,5.00,2.00,224,-0.04 %,0.00 %,8.06 %,9.30 %,4.71 %,5.69 %,13.5 %,3.31 %,3.30 %,10.0 %,0.00 %,0.00,0.00 %,15.0 Cr.,7.52 Cr.,10.8 Cr.,Healthcare,Healthcare,Pharmaceuticals & Biotechnology,Pharmaceuticals,11,12,13,8,1.5|1.03|1.24|0.83|0.76|1.34|1.17|1.14,-3,37,19|16|26|2|7|49|-19|29|54|13|37|-3,9.80,11|12|11|8|9|8|10|10|10|12|9|8,,0.02|0.02|0.04|0.04|0|0|0.05|0.01,0|0|0|0|0|0|0|0,27|24|31|42|29|48|26|29|28|21|16|37,284|326|206|238|321|307|432|487|527|647|662|772,22|26|20|17|23|14|28|31|36|60|47|41
Trishakti Indus,https://www.screener.in/company/531279/,403 Cr.,238,285 / 115,36.4,27.2,0.08 %,14.9 %,23.3 %,2.00,0.37,3.77,0.01 %,0.37 %,58.7 %,33.8 %,29.6 %,28.3 %,12.4 %,154 %,146 %,113 %,0.00 %,1.90,-1.34 %,0.33 Cr.,0.25 Cr.,0.24 Cr.,Services,Services,Commercial Services & Supplies,Diversified Commercial Services,4.30,2.69,2.45,1.61,0.25|0.08|1.1|0.56|0.99|1.49|1.63|2.61,129,4,-1|0|-1|-1|0|-2|1|0|2|-2|4|129,19.96,32|12|18|24|16|28|-31|0.9|5|0.9|34|59,,0|0|0|0|0|0|0|0.01,0|0|0|2.69|2.63|2.25|1.95|2.62,0|0|0|0|0|0|88|29|44|44|7|4,2|2|2|1|1|1|1|27|20|107|15|28,0|0|0|0|0|0|0|1|1|1|4|8
Veljan Denison,https://www.screener.in/company/VELJAN/,874 Cr.,"1,941","2,009 / 752",34.5,534,0.44 %,14.9 %,10.9 %,10.0,7.68,86.5,0.00 %,0.00 %,25.2 %,23.6 %,16.9 %,15.9 %,10.2 %,19.6 %,19.6 %,26.2 %,0.00 %,0.00,0.00 %,3.82 Cr.,3.82 Cr.,3.46 Cr.,Consumer Discretionary,Automobile and Auto Components,Auto Components,Auto Components & Equipments,7.46,6.57,4.64,6.64,12.36|13.58|12.87|15.8|14.76|10.31|14.6|16.58,28,16,0|13|18|17|29|18|26|13|16|11|16|28,24.00,28|27|29|29|30|26|18|26|21|24|24|25,,,0.01|0.01|0.01|0.01|0.01|0.01|0.01|0.01,17|18|16|14|14|17|33|17|20|19|17|15,78|78|79|96|88|83|74|98|111|124|142|148,13|13|15|16|16|13|7|17|15|20|22|25
Voith Paper,https://www.screener.in/company/VOITHPAPR/,640 Cr.,"1,458","2,065 / 1,350",14.3,965,0.69 %,14.9 %,11.1 %,10.0,9.21,"1,519",0.00 %,0.00 %,26.9 %,26.6 %,21.6 %,21.0 %,8.33 %,12.3 %,12.3 %,10.8 %,0.00 %,0.00,0.00 %,4.39 Cr.,4.39 Cr.,3.60 Cr.,Consumer Discretionary,Textiles,Textiles & Apparels,Other Textile Products,13,9,8,12,23.4|18.24|25.82|28.64|26.23|18.64|20.83|28.78,42,31,16|11|15|23|17|20|28|26|26|26|31|42,26.20,24|27|31|26|26|27|30|27|25|25|27|27,,,0.04|0.11|0.11|0.04|0.04|0.04|0.02|0.02,9|11|10|22|10|9|8|9|10|10|11|11,102|76|82|94|112|118|119|145|164|180|190|209,21|15|18|18|23|25|27|29|32|36|40|41
Vinyl Chemicals,https://www.screener.in/company/VINYLINDIA/,408 Cr.,223,323 / 160,21.9,71.0,3.14 %,14.9 %,9.80 %,1.00,1.76,229,-0.02 %,0.03 %,2.00 %,4.08 %,1.93 %,3.03 %,-13.6 %,-28.2 %,-28.2 %,2.24 %,0.00 %,0.00,0.00 %,12.8 Cr.,12.8 Cr.,14.9 Cr.,Commodities,Chemicals,Chemicals & Petrochemicals,Trading - Chemicals,6.62,4.65,4.52,2.88,2.8|2.73|3.96|2.43|1.57|2.46|2.54|3.61,-16,24,0|34|-7|-3|-21|51|11|17|-20|36|24|-16,3.98,4|2.8|3.2|3.8|2.8|1.7|3.7|5|4.6|4.2|4.1|2,,0.04|0.01|0|0|0|0|0.02|0,0|0.02|0.02|0.02|0.02|0.02|0.02|0.05,22|34|38|38|50|59|60|52|51|57|57|78,442|335|293|375|483|372|404|865|1013|597|625|652,12|8|9|12|9|7|11|35|36|22|22|16
Madras Fertilize,https://www.screener.in/company/MADRASFERT/,987 Cr.,61.3,92.5 / 52.2,12.7,5.71,0.00 %,14.8 %,292 %,10.0,0.71,2.66,0.01 %,0.00 %,4.78 %,4.99 %,3.78 %,2.53 %,-12.6 %,-22.3 %,-22.3 %,91.9 %,0.00 %,6.90,0.00 %,0.00 Cr.,0.00 Cr.,0.00 Cr.,Commodities,Chemicals,Fertilizers & Agrochemicals,Fertilizers,35,21,3,13,0.1|4.63|-3.26|2.73|0.8|0.16|1.3|2.15,5,116,-65|-19|220|-150|-23|104|492|-317|687|175|116|5,7.10,-1.8|0.6|6|1.5|-0.1|-0.1|9|11|10|4.7|5|4.8,,0|0|0.03|0.05|0.09|0|0.01|0.02,0.04|0.04|0.05|0.05|0.05|0.05|0.05|0.05,0|0|0|0|0|0|0|0|0|0|0|0,1698|1198|1392|1616|1593|1292|1533|2302|3447|2228|2542|2300,-135|-190|4|-45|-130|-125|3|162|185|6|64|80
Roto Pumps,https://www.screener.in/company/ROTO/consolidated/,"1,181 Cr.",62.7,83.4 / 47.5,42.6,12.8,0.30 %,14.8 %,10.7 %,1.00,2.20,13.8,0.05 %,-0.04 %,18.1 %,21.6 %,8.70 %,11.2 %,8.03 %,-9.32 %,-9.33 %,5.92 %,0.00 %,0.13,0.00 %,3.58 Cr.,5.02 Cr.,4.79 Cr.,Industrials,Capital Goods,Industrial Products,"Compressors, Pumps & Diesel Engines",9.25,5.73,6.78,5.96,0.61|0.21|0.68|0.33|0.32|0.36|0.3|0.49,37,36,11|8|13|15|11|24|35|9|30|39|36|37,22.80,18|13|19|19|22|17|22|26|24|24|22|18,,0.16|0.28|0.14|0.2|0.14|0.12|0.14|0.19,0|0.61|1|1.06|1.06|1.03|0.15|0.11,17|48|12|7|5|4|15|15|15|15|15|14,94|97|101|114|135|132|127|176|226|274|298|285,5|0|5|8|16|12|18|30|33|39|34|25
E to E Transportation,https://www.screener.in/company/E2ERAIL/consolidated/,595 Cr.,345,386 / 171,35.4,119,0.00 %,14.8 %,10.4 %,10.0,1.57,2.24,-1.82 %,-1.99 %,10.0 %,11.5 %,4.42 %,5.73 %,41.3 %,29.3 %,-71.2 %,-53.5 %,0.00 %,0.80,0.03 %,0.00 Cr.,0.00 Cr.,0.00 Cr.,Industrials,Construction,Construction,Civil Construction,,,24,24,630.35|13.97,-102,-9,-1|-11|-1|7|-9|-102,10.60,14|9|11|11|12|10,,1.61,7.89,0|0|0|0|0|0,101|78|135|170|251|380,11|4|8|10|14|17
DMCC Speciality,https://www.screener.in/company/DMCC/,700 Cr.,281,333 / 191,17.5,99.3,0.89 %,14.8 %,11.5 %,10.0,1.37,5.98,0.02 %,0.23 %,10.9 %,13.3 %,4.69 %,5.04 %,14.6 %,65.0 %,65.0 %,-3.47 %,0.00 %,0.45,0.00 %,6.24 Cr.,6.24 Cr.,3.24 Cr.,Commodities,Chemicals,Chemicals & Petrochemicals,Specialty Chemicals,20,8,6,6,2.33|3.16|2.59|3.11|2.31|2.47|3.07|8.18,-18,38,22|17|29|18|21|27|32|51|30|38|38|-18,11.20,16|15|17|13|24|15|18|12|9|11|13|11,,0.26|0.36|0.32|1.16|0.39|0.13|0.13|0.15,1.24|1.24|1.24|1.31|1.28|1.27|1.27|1.5,0|0|0|10|8|0|15|6|0|22|29|23,120|108|175|178|227|188|200|326|387|328|431|582,14|12|17|12|46|31|33|21|7|12|22|27
Shalibhadra Fin.,https://www.screener.in/company/SAHLIBHFI/,236 Cr.,76.6,130 / 66.0,11.9,55.7,0.65 %,14.7 %,11.9 %,10.0,2.32,5.26,-2.24 %,1.26 %,75.6 %,71.6 %,47.4 %,43.9 %,14.0 %,32.5 %,23.6 %,29.2 %,0.00 %,0.33,0.32 %,1.54 Cr.,0.31 Cr.,0.74 Cr.,Financial Services,Financial Services,Finance,Non Banking Financial Company (NBFC),4.91,5.13,5.03,4.75,1.21|1.52|1.43|1.48|1.54|1.63|1.66|1.59,-20,-27,-4|-3|-12|-15|-12|0|7|2|-5|3|-27|-20,,,,1.16|1.01|0.82|2.71|2.47|2.43|2.24|0,0|0|0|0|0|0|0|1.26,13|14|12|11|9|0|7|7|7|7|2|8,,4|3|4|6|6|6|4|6|8|12|16|19
Riddhi Steel,https://www.screener.in/company/540082/,256 Cr.,206,276 / 56.7,22.4,59.2,0.00 %,14.7 %,16.9 %,10.0,2.01,2.14,0.00 %,1.02 %,6.40 %,5.70 %,2.50 %,1.94 %,14.8 %,49.9 %,49.8 %,54.2 %,0.00 %,1.87,0.44 %,0.00 Cr.,0.00 Cr.,0.00 Cr.,Industrials,Capital Goods,Industrial Products,Iron & Steel Products,5,6,4,3,1.25|1.49|1.98|1.89|2.72|3.4|4.9|4.32,6,13,6|2|3|12|3|28|-3|-8|17|9|13|6,6.00,7|7|7|6|5|6|4.6|6|6|6|6|6,,,0|0|0|0|0|0|0.36|1.38,0|0|0|0|0|0|0|0|0|0|0|0,233|230|235|268|376|291|327|302|303|328|391|458,3|3|3|3|5|3|1|2|3|5|8|11
Suraj Products,https://www.screener.in/company/518075/,287 Cr.,252,445 / 156,13.7,146,0.89 %,14.7 %,12.0 %,10.0,7.43,38.5,0.00 %,0.03 %,10.2 %,11.4 %,6.20 %,6.55 %,2.15 %,-10.2 %,-10.2 %,15.6 %,0.00 %,0.04,0.00 %,2.56 Cr.,2.39 Cr.,2.04 Cr.,Industrials,Capital Goods,Industrial Products,Iron & Steel Products,6.73,7.01,4.04,3.20,5.69|3.5|3.73|4.03|2.81|3.54|6.15|5.9,40,30,22|-4|7|8|20|0|33|13|33|31|30|40,14.20,9|8|9|16|12|14|14|18|17|15|11|10,,,0.02|0.02|0.02|0.02|0.02|0.02|0.02|0.05,32|0|0|0|0|0|0|5|7|8|11|14,93|56|60|70|116|118|218|237|285|345|326|304,3|0|1|4|6|5|9|24|26|29|21|19
Aarvi Encon,https://www.screener.in/company/AARVI/consolidated/,208 Cr.,140,168 / 116,10.5,95.9,1.43 %,14.7 %,13.5 %,10.0,1.99,8.72,0.00 %,0.00 %,3.55 %,2.79 %,2.77 %,1.95 %,14.2 %,5.64 %,5.58 %,11.4 %,0.00 %,0.19,-0.17 %,2.96 Cr.,2.96 Cr.,2.96 Cr.,Services,Services,Commercial Services & Supplies,Diversified Commercial Services,5.99,4.58,4.01,4.80,1.43|1.6|1.99|2.85|3.24|2.71|3.09|4.04,8,-2,4|0|1|-7|-4|4|17|-10|3|3|-2|8,3.68,10|4.8|6|6|6|4.3|4.8|4.6|4.3|3.2|2.8|3.5,,0|0|0|0|0|0.01|0|0,,10|25|0|10|17|21|21|24|20|26|30|17,115|110|153|173|206|218|202|289|437|406|510|650,6|3|5|8|9|7|10|12|15|11|10|18
Monika Alcobev,https://www.screener.in/company/544451/,345 Cr.,161,335 / 146,10.7,114,0.62 %,14.7 %,18.9 %,10.0,1.90,2.85,-0.66 %,-0.01 %,15.3 %,19.7 %,10.7 %,9.11 %,29.0 %,35.1 %,-38.7 %,%,0.00 %,0.86,0.00 %,2.14 Cr.,2.33 Cr.,1.75 Cr.,Fast Moving Consumer Goods,Fast Moving Consumer Goods,Beverages,Breweries & Distilleries,22,10,18,5,21.83|10.88|4.65|10.34,-102,-26,5|-6|-54|-26|-102,18.00,20|18|17|20|15,,12.61|11.62|8.93|8.27,1.75|1.11|1.07|1.06,0|15|14|10|7,18|140|189|235|300,2|13|17|23|32
TCI Express,https://www.screener.in/company/TCIEXP/,"1,866 Cr.",485,780 / 448,20.5,216,1.44 %,14.6 %,11.1 %,2.00,2.24,53.6,-0.02 %,-0.53 %,10.7 %,10.8 %,7.19 %,7.15 %,-0.13 %,-13.9 %,-14.0 %,-2.23 %,0.00 %,0.04,0.00 %,26.9 Cr.,30.7 Cr.,29.9 Cr.,Services,Services,Transport Services,Logistics Solution Provider,22,21,23,25,6.86|5.39|5.39|5.48|6.55|5.96|5.41|5.83,104,118,0|-77|52|74|78|81|102|128|147|136|118|104,13.80,8|10|12|12|16|16|16|15|11|11,,1.74|0.93|0.8|0.8|0.85|0.82|0.81|0.79,10.1|9.69|9.6|9.75|9.38|9.39|9.39|8.86,0|16|16|16|17|15|24|22|23|34|30,0|0|750|885|1024|1032|844|1081|1241|1254|1208|1236,0|0|37|58|73|89|101|129|139|132|91|90
NCL Industries,https://www.screener.in/company/NCLIND/,790 Cr.,175,215 / 148,6.37,209,2.00 %,14.6 %,11.3 %,10.0,1.20,7.41,-0.42 %,-0.17 %,11.0 %,7.06 %,5.85 %,1.66 %,-5.10 %,31.0 %,31.0 %,-7.17 %,13.7 %,0.25,0.11 %,15.8 Cr.,9.05 Cr.,14.0 Cr.,Commodities,Construction Materials,Cement & Cement Products,Cement & Cement Products,17,42,13,20,0.59|0.74|1.42|4.47|4.36|2.93|9.31|3.81,146,96,56|130|18|156|71|106|237|106|208|183|96|146,9.00,13|16|13|15|14|15|16|10|7|10|7|11,,5.33|5.14|5.24|5.77|4.45|3.95|3.87|3.45,0.03|0.03|0.04|0.09|0.09|0.16|0.2|0.03,0|14|17|23|24|1|12|14|30|19|36|17,534|750|868|880|980|938|1749|2046|2044|2104|1742|1747,9|53|55|49|47|51|149|98|46|94|25|95
Orbit Exports,https://www.screener.in/company/ORBTEXP/consolidated/,590 Cr.,230,280 / 135,14.0,116,0.22 %,14.6 %,11.2 %,10.0,2.86,42.7,0.00 %,0.00 %,21.7 %,24.9 %,14.1 %,15.3 %,5.42 %,-2.16 %,-1.59 %,54.6 %,0.00 %,0.05,0.00 %,0.00 Cr.,0.00 Cr.,0.00 Cr.,Consumer Discretionary,Textiles,Textiles & Apparels,Other Textile Products,25,1,7,10,6.05|2.49|2.5|5.66|3.79|2.47|0.38|9.29,57,33,24|22|32|38|34|29|31|16|49|42|33|57,25.00,28|28|28|30|28|29|16|24|28|26|25|22,,0|0|0|0.02|0|0|0|0,,23|23|35|0|0|31|0|0|0|0|0|0,158|148|134|136|139|146|68|127|197|200|218|231,28|23|21|27|26|26|2|18|34|34|39|33
Team Lease Serv.,https://www.screener.in/company/TEAMLEASE/consolidated/,"1,863 Cr.","1,219","1,910 / 1,063",12.2,622,0.00 %,14.6 %,14.0 %,10.0,1.31,12.7,1.29 %,-5.35 %,1.33 %,1.24 %,1.18 %,0.94 %,14.4 %,8.31 %,9.01 %,11.9 %,1.65 %,0.11,2.18 %,0.00 Cr.,0.00 Cr.,0.00 Cr.,Services,Services,Commercial Services & Supplies,Diversified Commercial Services,34,46,42,28,14.66|16.95|20.85|15.83|16.41|24.88|26.19|20.79,302,104,34|-10|36|79|-12|10|303|-6|126|118|104|302,1.54,1.2|1|1.2|1.9|2.1|1.8|2|2.2|1.6|1.4|1.2|1.3,,21.86|11.01|7.69|6.68|6.35|6.76|6.95|8.05,37.11|47.65|50.25|50.72|49.84|49.6|47.81|44.25,0|0|0|0|0|0|0|0|0|0|0|0,2007|2505|3041|3624|4448|5201|4881|6480|7870|9322|11156|11791,31|25|58|73|98|35|78|39|112|113|110|141
Mangal Electrica,https://www.screener.in/company/MEIL/,751 Cr.,272,495 / 206,16.0,214,0.00 %,14.6 %,11.3 %,10.0,4.99,7.61,-0.91 %,-0.13 %,11.8 %,14.9 %,7.34 %,8.61 %,17.8 %,19.9 %,-3.31 %,83.6 %,0.00 %,0.08,0.00 %,0.00 Cr.,0.00 Cr.,0.00 Cr.,Industrials,Capital Goods,Electrical Equipment,Other Electrical Equipment,7.52,12.75,13.39,13.30,6.97|6.65|6.8|1.82|4.81|4.85|4.61|2.72,-101,-30,-16|-1|37|27|37|-30|-101,11.60,7|10|9|13|9|15|12,,2.39|2.03|2.19|1.28,6.68|6.19|4.43|4.3,0|0|0|0|0|0|0,208|121|218|354|449|549|580,3|1|6|25|21|47|43
Kirl. Electric,https://www.screener.in/company/KECL/consolidated/,815 Cr.,123,155 / 74.9,53.2,19.8,0.00 %,14.6 %,6.78 %,10.0,0.44,1.65,0.04 %,0.06 %,6.03 %,2.85 %,1.48 %,-1.18 %,7.56 %,-29.0 %,-29.0 %,16.7 %,75.3 %,0.76,0.00 %,0.00 Cr.,0.00 Cr.,0.00 Cr.,Industrials,Capital Goods,Electrical Equipment,Other Electrical Equipment,-5.99,-0.63,4.10,9.98,0.77|0.09|-0.58|0.06|1.5|0.62|-0.09|-0.9,25,36,-45|-23|31|23|1|34|30|35|7|37|36|25,3.84,-15|-0.7|-2|-10|-12|-0.1|-6|-4.7|8|7|2.9|6,,4.03|4.33|3.97|3.85|4.02|3.86|4.02|4.06,1.43|1.21|1.19|1.19|1.19|1.19|1.19|1.25,0|0|0|0|0|0|0|0|0|0|0|0,510|548|572|370|295|314|278|335|474|557|544|589,-240|-39|-52|-87|-28|45|-48|67|31|14|4|8
Apis India,https://www.screener.in/company/506166/consolidated/,711 Cr.,51.6,110 / 24.5,28.1,14.4,0.00 %,14.6 %,13.6 %,10.0,2.42,8.43,0.00 %,0.00 %,9.16 %,10.2 %,6.48 %,6.97 %,5.56 %,12.1 %,12.1 %,32.1 %,0.00 %,0.34,0.00 %,0.00 Cr.,0.00 Cr.,0.00 Cr.,Fast Moving Consumer Goods,Fast Moving Consumer Goods,Food Products,Other Food Products,10,4,7,3,0.38|0.49|0.38|0.59|0.18|0.51|0.28|0.75,14,6,12|5|16|-5|12|18|-3|6|14,8.60,11|8|5|6|6|7|11|10|9,,,,0|0|0|0|0|0|0|0|0,182|224|209|272|295|332|316|350|391,12|11|3|6|8|18|33|25|25
Ganesh Benzopl.,https://www.screener.in/company/GANESHBE/consolidated/,913 Cr.,127,137 / 67.9,13.9,84.9,0.00 %,14.5 %,10.7 %,1.00,1.60,16.9,0.39 %,0.22 %,22.7 %,28.9 %,15.0 %,18.8 %,-0.73 %,3.53 %,0.16 %,16.9 %,0.00 %,0.12,0.00 %,0.00 Cr.,0.00 Cr.,0.00 Cr.,Energy,"Oil, Gas & Consumable Fuels",Oil,Oil Storage & Transportation,18,15,16,24,2.29|2.55|-1.83|2.52|3.3|2.24|2.12|2.44,63,60,39|60|27|57|86|41|83|60|63,22.00,31|27|26|29|17|21|20|29|23,,5.08|5.09|5.07|5.62|3.96|3.45|0.73|1.12,0|0|0|0.33|0.52|0.76|0.76|0.98,0|0|0|0|0|0|0|0|0,169|211|247|270|357|421|477|374|411,81|31|34|22|33|55|61|38|73
Suraj Estate,https://www.screener.in/company/SURAJEST/consolidated/,918 Cr.,192,319 / 165,10.0,208,0.00 %,14.5 %,9.52 %,5.00,4.45,2.36,-0.92 %,-0.09 %,39.2 %,36.9 %,16.2 %,18.1 %,22.0 %,41.0 %,25.0 %,14.9 %,0.00 %,0.65,0.00 %,0.00 Cr.,0.00 Cr.,0.86 Cr.,Consumer Discretionary,Realty,Realty,"Residential, Commercial Projects",23,11,25,33,7.18|4.18|3.83|4.45|6.93|5.26|2.25|4.78,-54,-306,-53|-32|-15|70|190|9|-306|-54,46.00,157|77|36|48|49|57|37|39,,3.14|1.94|2.32|2.18|1.7|1.77|2.23|1.31,2.51|2.49|1.99|1.45|0.93|1.03|1.11|1.02,0|0|0|0|0|6|0|0,35|87|240|273|306|412|549|556,2|2|6|27|32|67|100|90
Nilachal Carbo,https://www.screener.in/company/544510/consolidated/,312 Cr.,125,149 / 71.0,29.6,43.8,0.00 %,14.5 %,11.2 %,10.0,3.55,5.23,0.00 %,0.00 %,10.7 %,12.8 %,5.26 %,6.96 %,-9.03 %,-10.7 %,-14.0 %,%,0.00 %,0.35,0.00 %,0.00 Cr.,0.00 Cr.,Cr.,Commodities,Metals & Mining,Ferrous Metals,Ferro & Silica Manganese,,3,8,6,2.65|3.07|1.15,-32,3,-16|0|3|-32,10.25,8|9|13|11,,0.02|0.02,,0|0|0|0,266|265|202|200,15|16|14|11
B&B Triplewall,https://www.screener.in/company/BBTCL/,473 Cr.,231,262 / 150,13.3,66.9,0.43 %,14.5 %,18.2 %,10.0,1.15,3.40,0.00 %,0.00 %,14.8 %,7.90 %,3.76 %,-0.92 %,21.8 %,8.60 %,8.60 %,7.60 %,0.00 %,1.66,0.00 %,0.00 Cr.,0.00 Cr.,1.23 Cr.,Industrials,Capital Goods,Industrial Products,Packaging,15,10,6,5,0.25|-3.08|-0.76|1.2|2.63|2.69|4.64|7.37,30,20,0|1|17|13|5|14|14|8|3|59|20|30,11.80,-7|4.1|7|6|6|10|14|14|11|11|8|15,,,,0|0|0|0|0|0|6|8|11|11|0|0,9|96|101|159|193|191|234|313|337|375|482|609,-1|2|2|4|5|5|16|24|18|19|-4|23
Gujarat Kidney,https://www.screener.in/company/GKSL/consolidated/,"1,429 Cr.",181,186 / 98.2,90.3,32.0,0.00 %,14.5 %,11.1 %,2.00,3.76,9.77,0.00 %,0.00 %,32.8 %,41.2 %,20.5 %,23.6 %,%,"1,058 %",81.0 %,%,0.00 %,0.12,0.00 %,0.00 Cr.,0.00 Cr.,Cr.,Healthcare,Healthcare,Healthcare Services,Hospital,5.32,4.82,3.70,2.88,18.39|15.53|0.23|0.85|0.47|0.37|0.64|0.66,-4,14,0|1|14|-4,38.33,41|41|33,,10.47|4.89|4.89,1.67|0.56|0.56,0|0|0|0,0|5|40|82,0|2|10|17
CSL Finance,https://www.screener.in/company/CSLFINANCE/,497 Cr.,218,325 / 210,5.71,273,1.37 %,14.5 %,14.9 %,10.0,9.74,2.28,-0.06 %,0.64 %,77.2 %,75.7 %,33.8 %,33.6 %,29.8 %,23.8 %,20.0 %,20.6 %,0.00 %,1.38,0.50 %,22.5 Cr.,6.74 Cr.,8.99 Cr.,Financial Services,Financial Services,Finance,Non Banking Financial Company (NBFC),22,19,21,24,7.83|7.36|8.33|9.36|10.74|9.18|8.52|9.72,-57,-102,-3|-19|-13|-109|-15|33|22|-158|-166|-128|-102|-57,,,,2.51|2.47|0.83|0.79|0.77|0.62|0.16|0.1,1.23|0.13|0.56|0.91|0.96|1.34|2.9|3.54,0|0|3|5|5|7|7|15|11|9|9|26,,8|13|16|18|24|22|28|33|46|63|72|86
Suyog Telematics,https://www.screener.in/company/SUYOG/,761 Cr.,649,921 / 525,12.8,417,0.15 %,14.4 %,14.0 %,10.0,1.87,4.50,0.03 %,-0.01 %,74.8 %,57.2 %,29.8 %,21.1 %,13.4 %,10.4 %,6.36 %,17.2 %,6.61 %,0.69,-0.38 %,1.17 Cr.,2.00 Cr.,1.22 Cr.,Telecommunication,Telecommunication,Telecom - Services,Telecom - Infrastructure,14,14,15,17,18.76|15.9|-12.38|15.2|14.83|12.41|12.07|11.89,62,71,4|2|-1|33|40|59|60|47|67|72|71|62,67.20,39|54|48|40|50|45|50|69|65|70|57|75,,4.3|3.03|3.05|1.32|1.29|0.68|0.64|0.67,0.01|0.59|0.67|0.67|0.61|0.01|0.01|0,0|0|0|5|9|2|0|3|1|2|5|2,22|44|61|85|105|122|132|126|144|167|193|209,3|12|17|18|29|33|24|41|46|63|41|62
Sai Silks,https://www.screener.in/company/KALAMANDIR/,"1,200 Cr.",78.3,223 / 76.6,8.79,82.2,1.92 %,14.4 %,11.8 %,2.00,5.18,6.96,0.06 %,-2.27 %,16.2 %,14.9 %,8.53 %,5.83 %,6.96 %,13.0 %,5.98 %,33.9 %,0.00 %,0.29,0.00 %,22.1 Cr.,14.7 Cr.,10.3 Cr.,Consumer Discretionary,Consumer Services,Retailing,Speciality Retail,26,33,38,40,1.55|3|0.88|1.96|2.61|2.49|2.13|1.67,323,107,59|30|85|-15|46|41|-21|107|323,15.00,8|8|9|9|12|16|16|15|16,,3.29|3.26|3.17|3.44|3.85|1.47|0.56|0.62,16.16|15.41|15.74|12.38|11.23|8.21|8.55|6.28,0|0|0|0|0|0|15|17|16,692|1044|1176|677|1129|1351|1374|1462|1654,15|30|42|5|58|98|101|85|141
Ecoplast,https://www.screener.in/company/526703/consolidated/,235 Cr.,494,556 / 370,19.4,346,0.00 %,14.4 %,10.6 %,10.0,3.41,26.0,0.00 %,0.00 %,8.38 %,10.3 %,5.44 %,6.62 %,31.8 %,60.5 %,53.1 %,120 %,0.00 %,0.02,9.61 %,0.00 Cr.,0.00 Cr.,0.27 Cr.,Industrials,Capital Goods,Industrial Products,Plastic Products - Industrial,3.33,4.54,2.20,2.02,5.83|7.07|11.61|8.45|5.85|6.37|13.14|7,-2,13,5|6|4|7|5|6|9|-2|15|13|13|-2,7.14,6|7|7|7|7|7|4.4|0.7|6|11|10|8,,,,26|16|12|13|16|13|0|0|10|10|0|0,100|102|105|104|102|99|76|94|96|113|207|220,1|3|3|4|3|4|0|-2|4|9|14|12
Inv.& Prec.Cast.,https://www.screener.in/company/INVPRECQ/consolidated/,"1,357 Cr.","1,357","1,408 / 397",90.9,103,0.07 %,14.4 %,12.5 %,10.0,1.20,4.41,0.00 %,0.00 %,16.5 %,13.7 %,6.44 %,3.61 %,3.47 %,30.3 %,30.3 %,102 %,0.00 %,0.70,0.00 %,0.50 Cr.,0.25 Cr.,0.38 Cr.,Industrials,Capital Goods,Industrial Products,Castings & Forgings,4.99,3.77,2.79,3.03,1.54|0.37|1.9|2.17|3.03|2.79|3.77|4.99,26,19,9|9|10|15|12|10|16|13|12|6|19|26,13.60,14|15|16|19|17|12|12|10|13|15|14|16,,0.24|0.24|0.22|0|0|0|0|0,,12|12|15|16|10|-7|149|74|9|6|4|4,77|85|92|108|119|95|105|132|170|171|165|188,2|3|4|8|10|-1|0|0|6|8|6|12
Credo Brands,https://www.screener.in/company/MUFTI/,482 Cr.,73.6,118 / 63.1,10.8,67.1,2.72 %,14.4 %,12.0 %,2.00,3.27,3.35,0.05 %,-0.32 %,26.7 %,29.3 %,8.59 %,11.2 %,5.93 %,-13.2 %,-68.2 %,-23.7 %,0.00 %,0.52,-0.02 %,13.1 Cr.,19.6 Cr.,7.18 Cr.,Consumer Discretionary,Consumer Services,Retailing,Speciality Retail,2.29,15.23,7.02,18.87,4.07|2.81|2.12|0.96|2.89|1.07|2.33|0.35,132,159,7|25|61|78|75|56|159|132,28.80,9|10|10|27|33|28|29|27,,1.47|0.47|0.26|0.57|0.53|0.46|0.46|0.51,6.69|5.68|4.42|3.64|2.35|2.33|3.36|3.04,0|0|0|0|0|5|29|28,395|450|293|341|498|567|618|592,17|15|9|34|77|59|68|47
M.V.K. Agro,https://www.screener.in/company/MVKAGRO/consolidated/,"1,234 Cr.",244,819 / 152,24.9,89.2,0.00 %,14.4 %,17.3 %,10.0,1.56,5.09,0.00 %,-0.02 %,17.8 %,12.0 %,14.6 %,6.23 %,50.8 %,129 %,6.06 %,%,0.00 %,0.67,0.00 %,0.00 Cr.,0.00 Cr.,Cr.,Fast Moving Consumer Goods,Fast Moving Consumer Goods,Agricultural Food & other Products,Sugar,6.38,30.60,10.19,2.40,2.09|3.11|2.23|0.48|2.02|6.06|1.26,-20,51,-10|-31|51|-20,16.00,17|17|12|18,,0|0|0.19|0.02|0.06|0.04|0.04,0|0|0|0|0.37|0.39|0.37,0|0|0|0,93|141|150|320,4|9|9|47
Shree Vasu Logis,https://www.screener.in/company/SVLL/,938 Cr.,816,897 / 445,131,34.7,0.00 %,14.4 %,15.6 %,10.0,1.15,1.48,0.00 %,0.00 %,25.4 %,26.0 %,2.58 %,1.49 %,30.6 %,41.3 %,41.2 %,11.9 %,0.00 %,5.09,0.02 %,0.00 Cr.,0.00 Cr.,0.00 Cr.,Services,Services,Transport Services,Logistics Solution Provider,3.25,3.37,-0.68,1.22,-0.04|0.33|0.96|1.63|1.06|-0.59|2.93|2.83,32,18,4|10|6|4|2|12|22|26|18|32,25.00,22|18|17|22|15|12|12|21|26|27|26|25,,0|0.02|0|0|0|0|0|0,,0|0|0|0|0|0|0|0|0|0|0|0,22|22|27|31|36|62|66|85|101|123|146|224,1|1|1|2|2|3|3|2|2|3|2|6
Saakshi Medtech,https://www.screener.in/company/SAAKSHI/,658 Cr.,373,377 / 147,53.6,62.5,0.00 %,14.3 %,11.8 %,10.0,2.06,13.4,0.00 %,-0.03 %,19.2 %,11.1 %,10.6 %,5.10 %,-1.82 %,-0.24 %,%,%,0.00 %,0.23,0.00 %,0.00 Cr.,0.00 Cr.,0.00 Cr.,Industrials,Capital Goods,Electrical Equipment,Other Electrical Equipment,6,7,1,3,3.14|3.4|1.95|0.71|3.76|3.21,18,3,11|0|11|11|8|3|18,16.00,18|10|17|17|16|11|19,,0.03|0.11|0.1|0.1|0.19|0.07|0.07|0.07,1.79|1.54|1.51|1.59|1.32|0.3|0.27|0.27,0|0|0|0|0|0|0,61|60|92|122|122|92|116,6|2|9|12|11|5|12
Sh. Ajit Pulp,https://www.screener.in/company/SAPPL/consolidated/,246 Cr.,276,348 / 212,5.92,313,0.00 %,14.3 %,11.4 %,10.0,2.18,2.66,0.00 %,0.00 %,13.3 %,10.1 %,4.29 %,1.86 %,23.5 %,13.2 %,13.2 %,4.61 %,0.00 %,0.92,0.00 %,0.00 Cr.,0.00 Cr.,0.21 Cr.,Commodities,Forest Materials,"Paper, Forest & Jute Products",Paper & Paper Products,19,10,8,6,1.56|2.1|5.1|7.95|6.57|8.47|10.8|20.84,63,8,16|17|14|18|45|32|25|-7|21|19|8|63,9.60,10|12|9|10|16|14|17|10|8|7|10|13,,,,4|3|6|5|2|2|2|2|3|0|0|0,203|237|209|249|270|240|267|418|372|295|506|701,7|12|6|8|24|20|24|22|21|8|9|30
Bhavik Enterpris,https://www.screener.in/company/544551/,301 Cr.,148,175 / 121,22.2,81.4,0.00 %,14.3 %,10.3 %,10.0,3.24,50.9,0.00 %,-0.05 %,2.70 %,0.75 %,2.16 %,1.08 %,3.86 %,-4.09 %,-38.8 %,-22.1 %,0.00 %,0.00,0.00 %,0.00 Cr.,0.00 Cr.,0.00 Cr.,Commodities,Chemicals,Chemicals & Petrochemicals,Trading - Chemicals,9,4,-1,7,12.39|-0.54|2.69|4.57,15,-33,5|26|1|14|-3|-33|15,1.86,1.9|4.1|1.7|3.1|1|0.8|2.7,,,0.05|0.05|0,0|0|0|0|0|0|0,283|292|325|561|494|527|628,5|12|7|15|8|6|14
La Opala RG,https://www.screener.in/company/LAOPALA/,"1,805 Cr.",163,260 / 155,19.1,73.9,3.08 %,14.2 %,10.2 %,2.00,3.80,27.9,-0.01 %,-1.05 %,37.5 %,32.6 %,27.1 %,26.5 %,-11.9 %,-11.6 %,-11.6 %,11.4 %,0.00 %,0.01,0.13 %,55.5 Cr.,83.2 Cr.,66.2 Cr.,Consumer Discretionary,Consumer Durables,Consumer Durables,Glass - Consumer,26,16,24,27,2.17|2.09|2.31|2.28|2.41|2.16|1.46|2.36,68,112,47|61|72|80|51|73|83|99|109|68|112|68,36.60,30|35|38|42|40|39|32|38|38|37|33|37,,1.76|1.84|0.92|0.83|0.83|0.6|0.48|0.47,19.39|19.38|19.59|19.85|19.92|19.84|19.65|18.6,17|17|18|17|18|16|34|29|45|87|86|60,222|248|235|259|278|270|211|323|452|365|332|309,42|59|62|73|74|84|50|87|123|128|97|92
AVT Natural Prod,https://www.screener.in/company/AVTNPL/consolidated/,"1,305 Cr.",85.7,97.0 / 53.3,15.6,36.7,0.93 %,14.2 %,12.2 %,1.00,2.30,12.2,0.00 %,0.00 %,12.6 %,13.1 %,9.09 %,8.63 %,7.00 %,-5.11 %,-5.11 %,7.57 %,0.00 %,0.20,0.00 %,12.2 Cr.,10.7 Cr.,13.1 Cr.,Fast Moving Consumer Goods,Fast Moving Consumer Goods,Agricultural Food & other Products,Other Agricultural Products,31,22,17,13,0.41|1.42|0.94|0.8|0.87|1.14|1.45|2.04,12,-32,12|34|16|14|-30|71|8|74|51|99|-32|12,16.20,18|14|14|10|12|14|15|19|21|15|13|13,,0.06|0.06|0.09|0.06|0.07|0.04|0.03|0.03,0.02|0.02|0.11|0.11|0.24|0.24|0.02|0.02,29|28|25|25|29|27|24|21|20|23|22|19,261|274|311|328|339|396|485|559|582|517|559|713,26|22|24|24|21|34|45|73|77|53|48|65
Power & Instrum.,https://www.screener.in/company/PIGL/,211 Cr.,99.5,190 / 88.0,15.5,69.4,0.20 %,14.2 %,10.5 %,10.0,2.22,4.91,-0.01 %,0.07 %,10.1 %,10.2 %,6.74 %,6.96 %,29.0 %,55.2 %,30.6 %,5.34 %,0.00 %,0.16,0.00 %,0.00 Cr.,0.35 Cr.,0.17 Cr.,Industrials,Capital Goods,Electrical Equipment,Other Electrical Equipment,2.66,3.07,3.28,4.52,2.42|1.79|1.78|1.48|2.54|1.82|1.45|1.26,-8,-40,-1|-2|0|3|-1|-3|1|8|-40|-8,9.20,9|8|8|10|9|7|8|11|10|10,,0|0|0|0|0|0|0.01|0,0|0|0|0.08|0|0|0.75|0.82,0|13|0|0|0|0|7|4|3|0,60|72|88|89|85|91|93|97|169|200,2|2|3|3|3|3|4|6|12|13
Cochin Minerals,https://www.screener.in/company/513353/,239 Cr.,305,330 / 197,9.74,220,2.62 %,14.2 %,9.36 %,10.0,2.93,199,0.00 %,0.00 %,8.29 %,9.85 %,5.36 %,7.38 %,-12.7 %,-34.6 %,-34.6 %,14.3 %,0.00 %,0.04,0.01 %,6.26 Cr.,6.26 Cr.,5.25 Cr.,Commodities,Chemicals,Chemicals & Petrochemicals,Specialty Chemicals,12,3,3,3,9.02|6.41|7.05|4.18|3.77|3.81|4.23|15.81,31,6,-3|6|13|9|13|36|-9|8|-4|6|6|31,10.02,-19|-8|-0.3|6|7|8|9|3.1|16|13|10|8,,,0.07|0.07|0.07|0.07|0.07|0.07|0.07|0.07,0|0|0|0|0|26|0|19|11|73|27|50,116|158|149|164|223|263|239|290|444|300|319|295,-22|-14|-6|1|5|6|8|6|56|9|24|13
Shree Ganesh Rem,https://www.screener.in/company/SGRL/,896 Cr.,698,759 / 381,58.0,127,0.00 %,14.2 %,10.8 %,10.0,3.38,8.10,0.00 %,0.52 %,32.1 %,36.1 %,15.3 %,20.7 %,6.16 %,3.23 %,3.13 %,11.3 %,0.00 %,0.19,0.00 %,0.00 Cr.,0.00 Cr.,0.32 Cr.,Healthcare,Healthcare,Pharmaceuticals & Biotechnology,Pharmaceuticals,1.12,6.27,3.10,4.96,5|4.23|5.14|2.69|3.86|2.41|4.88|0.87,24,31,-1|-2|2|-1|-5|4|3|13|17|30|31|24,30.40,13|12|21|19|25|19|28|25|26|33|36|32,,0.01|0.01|0.01|0.01|0.01|0|0|0,0|0|0|0|0|0|0|0.52,0|0|0|19|18|14|18|4|2|2|0|0,16|16|20|27|35|58|49|71|91|126|109|109,1|1|3|5|6|10|10|13|15|28|23|18
Vertoz,https://www.screener.in/company/VERTOZ/consolidated/,316 Cr.,37.0,79.7 / 27.0,12.0,26.8,0.27 %,14.2 %,12.4 %,10.0,1.54,5.59,-0.51 %,0.00 %,16.7 %,15.0 %,8.95 %,9.45 %,52.2 %,33.2 %,-12.7 %,-2.14 %,63.0 %,0.39,0.00 %,0.00 Cr.,0.00 Cr.,0.00 Cr.,Consumer Discretionary,"Media, Entertainment & Publication",Media,Advertising & Media Agencies,7.36,6.25,6.16,7.24,0.77|0.86|0.81|0.75|0.8|0.73|0.79|0.79,60,8,2|5|-5|-8|49|-3|2|-15|7|8|60,18.80,5|25|22|23|17|22|27|21|14|15|17,,4.28|2.75|2.95|2.67|2.05|2.43|2.16|1.65,0.02|0|0|0|0|0|0|0,0|0|0|1|3|0|0|0|0|0|0,12|20|37|46|41|57|42|83|155|254|292,0|3|6|7|4|8|6|11|16|26|26
Blue Cloud Soft.,https://www.screener.in/company/BLUECLOUDS/consolidated/,"1,785 Cr.",19.3,38.0 / 16.5,27.9,12.3,0.00 %,14.2 %,11.6 %,1.00,1.03,7.60,-0.01 %,0.00 %,12.5 %,8.84 %,6.04 %,5.56 %,%,%,%,%,0.00 %,0.29,0.00 %,0.00 Cr.,0.00 Cr.,Cr.,Information Technology,Information Technology,IT - Software,Software Products,18,12,19,15,0.26|0.22|0.3|0.33|0.35|0.25|0.16|0.19,208,-13,-20|-13|208,9.00,5|9|13,,22.94|22.96|22.94|22.94|22.94|13.29|13.29|13.28,,0|0|0,502|797|1002,16|44|60
IVP,https://www.screener.in/company/IVP/,222 Cr.,215,225 / 110,6.98,152,0.70 %,14.1 %,12.8 %,10.0,1.48,7.42,0.00 %,0.00 %,5.84 %,4.69 %,3.19 %,2.11 %,-3.47 %,0.91 %,0.91 %,32.8 %,0.00 %,0.42,0.00 %,1.55 Cr.,1.03 Cr.,1.34 Cr.,Commodities,Chemicals,Chemicals & Petrochemicals,Specialty Chemicals,14,9,5,4,2.09|1.83|3.71|1.15|3.87|4.48|8.58|13.58,53,-2,5|15|5|-30|-27|56|-14|-21|41|45|-2|53,5.54,7|9|11|8|2.9|0|6|6|6|5|4.7|6,,0|0|0|0|0|0|0|0,0.02|0.02|0.02|0.02|0.02|0.02|0.02|0.02,30|20|19|20|31|0|23|9|6|8|9|8,163|155|161|270|320|229|290|557|661|546|539|595,7|10|11|10|3|-9|4|18|28|12|11|19
Sonam,https://www.screener.in/company/SONAMLTD/,281 Cr.,70.3,80.3 / 37.4,31.3,17.9,0.43 %,14.1 %,10.9 %,5.00,1.57,6.81,-0.26 %,0.00 %,8.40 %,11.6 %,4.28 %,6.08 %,27.4 %,22.2 %,22.2 %,16.2 %,3.61 %,0.30,0.57 %,0.00 Cr.,0.00 Cr.,0.00 Cr.,Consumer Discretionary,Consumer Durables,Consumer Durables,Consumer Electronics,3.00,2.90,2.20,0.90,0.33|0.53|0.42|0.33|0.22|0.55|0.72|0.75,6,10,1|5|3|9|4|4|5|10|8|7|10|6,10.80,9|7|10|14|12|11|10|9|11|14|12|8,,0|0.21|0.42|0.01|0|0.02|0.26|0,,0|0|0|0|14|0|0|0|0|0|0|0,33|35|38|51|65|60|80|87|83|88|104|171,0|3|1|3|4|3|3|3|4|6|6|7
Petro Carbon,https://www.screener.in/company/PCCL/,"1,099 Cr.",445,451 / 168,43.8,79.0,0.00 %,14.1 %,13.7 %,10.0,1.42,2.98,0.03 %,0.00 %,9.55 %,4.55 %,4.35 %,2.86 %,3.81 %,58.3 %,61.1 %,134 %,0.00 %,1.02,0.00 %,0.00 Cr.,0.00 Cr.,0.00 Cr.,Commodities,Metals & Mining,Minerals & Mining,Industrial Minerals,22,3,1,8,1.9|19.27|13.1|3.35|0.48|1.19|9.1,4,12,-28|30|-3|-61|62|99|12|4,9.36,11|10|10|1.8|4.6|4.7|23|4.5|10,,3.86|1.01|1.01|0.75|0.78,4.64|4.48|4.3|3.95|3.95,0|4|0|0|0|0|0|0|0,226|221|182|152|277|516|539|296|577,-1|6|5|0|6|7|82|9|25
Veegaland Developers,https://www.screener.in/company/VEEGALAND/,713 Cr.,146,154 / 143,26.8,,0.00 %,14.1 %,16.0 %,10.0,2.24,7.33,%,%,15.7 %,15.6 %,10.6 %,10.6 %,32.1 %,22.4 %,-35.3 %,%,0.00 %,0.32,%,0.00 Cr.,0.00 Cr.,Cr.,Consumer Discretionary,Realty,Realty,"Residential, Commercial Projects",,,,,,-74,-44,42|9|-44|-74,16.25,21|12|16|16,,0.55,14.82,0|0|0|0,109|111|192|251,15|8|20|27
Sakthi Sugars,https://www.screener.in/company/SAKHTISUG/,218 Cr.,18.4,23.3 / 13.3,7.97,19.2,0.00 %,14.1 %,12.7 %,10.0,0.70,1.39,-0.02 %,0.00 %,9.82 %,9.36 %,3.03 %,4.05 %,-5.81 %,30.0 %,30.0 %,16.3 %,62.2 %,3.16,0.01 %,0.00 Cr.,0.00 Cr.,0.00 Cr.,Fast Moving Consumer Goods,Fast Moving Consumer Goods,Agricultural Food & other Products,Sugar,-1.83,86.50,-34.20,-23.06,-2.44|-1.94|6.23|-0.09|-1.94|-2.88|7.28|-0.15,-4,41,-94|125|165|-43|36|48|31|37|107|114|41|-4,7.70,14|5|12|-7|-11|-10|1.6|3.5|9|7|9|10,,0.38|0|0.03|0.08|0.01|0.01|0.02|0,0.01|0.01|0.01|0.01|0.01|0.01|0.01|0.01,0|0|0|0|0|0|0|0|0|0|0|0,837|821|926|529|505|803|633|432|1076|1069|929|899,-35|-55|30|-177|-214|-206|-116|-150|418|129|80|28
Likhitha Infra.,https://www.screener.in/company/LIKHITHA/,871 Cr.,221,279 / 131,26.0,105,0.00 %,14.0 %,10.2 %,5.00,8.72,38.6,0.02 %,0.00 %,12.8 %,18.5 %,8.76 %,13.5 %,9.20 %,-12.6 %,-12.6 %,6.69 %,0.00 %,0.00,0.00 %,0.00 Cr.,5.92 Cr.,4.54 Cr.,Industrials,Construction,Construction,Civil Construction,7.34,5.15,9.43,11.53,4.41|4.38|4.47|3.53|2.92|2.39|1.31|1.86,-9,1,0|4|-3|-1|3|18|1|5|45|7|1|-9,19.80,8|11|12|13|21|19|21|24|22|22|18|13,,1.01|1.05|0.91|0.14|0.14|0.22|0.1|0.12,,0|0|0|0|0|0|10|11|10|9|9|0,31|54|107|87|139|161|191|257|351|422|512|457,2|3|8|7|18|20|29|45|60|66|69|40
Monte Carlo Fas.,https://www.screener.in/company/MONTECARLO/,"1,147 Cr.",553,865 / 464,11.0,437,3.62 %,14.0 %,12.8 %,10.0,1.52,3.60,-0.08 %,0.00 %,17.9 %,17.0 %,8.75 %,7.24 %,4.51 %,-5.60 %,-5.60 %,11.0 %,0.00 %,0.65,0.00 %,41.5 Cr.,41.5 Cr.,41.5 Cr.,Consumer Discretionary,Textiles,Textiles & Apparels,Garments & Apparels,-23,5,107,16,3.86|45.99|-4.96|-7.87|7.8|51.53|2.43|-11.33,100,70,23|45|85|24|126|37|112|71|-5|83|70|100,17.80,21|20|13|20|15|17|19|20|20|14|17|18,,1.03|1.11|1.06|1.28|1.12|1.18|1.29|1.21,2.24|2.08|1.88|1.33|1.44|1.47|1.57|1.57,36|37|49|38|0|17|47|36|31|68|52|37,577|618|577|576|656|726|622|904|1118|1062|1100|1276,60|59|44|68|60|63|66|114|133|61|80|112
Shankar Lal Ram.,https://www.screener.in/company/SRD/,250 Cr.,39.2,76.5 / 35.0,13.6,19.2,0.13 %,14.0 %,11.6 %,10.0,4.69,24.6,0.00 %,0.00 %,3.80 %,3.84 %,2.64 %,2.66 %,16.4 %,-5.35 %,-5.35 %,12.1 %,0.00 %,0.21,0.00 %,0.00 Cr.,0.32 Cr.,0.21 Cr.,Commodities,Chemicals,Chemicals & Petrochemicals,Trading - Chemicals,9.19,4.80,2.08,2.37,0.4|0.45|0.39|0.66|0.37|0.33|0.75|1.44,-7,-13,0|0|0|-20|-3|-6|10|-17|15|6|-13|-7,5.98,0.8|0.9|1.4|3.1|2.3|4.2|7|12|7|3.3|3.8|3.8,,0|0.02|0.03|0.21|0.41|0.15|0.04|0.04,,0|0|0|0|10|0|1|0|2|5|3|0,23|26|29|75|176|133|178|303|323|288|428|510,0|0|0|1|2|3|8|27|16|6|11|13
Bedmutha Indus.,https://www.screener.in/company/BEDMUTHA/consolidated/,338 Cr.,105,144 / 94.6,20.2,47.0,0.00 %,14.0 %,4.38 %,10.0,1.40,1.40,0.00 %,0.00 %,4.04 %,3.20 %,0.44 %,2.28 %,28.8 %,-19.7 %,-19.7 %,-49.4 %,95.0 %,1.37,0.04 %,0.00 Cr.,0.00 Cr.,0.00 Cr.,Industrials,Capital Goods,Industrial Products,Iron & Steel Products,6.92,14.63,-3.90,-0.93,3.29|0.65|0.64|-1.02|-0.29|-1.21|4.53|2.14,158,109,28|-14|29|7|23|77|58|71|72|74|109|158,3.06,5|3|4.7|-6|-0.1|-0.2|-4.3|2.5|2.4|3.2|3.2|4,,0.05|0|0|0.01|0|0|0|0,,0|0|0|0|0|0|0|0|0|0|0|0,327|500|642|603|490|360|387|660|687|812|1049|1467,-9|-40|-36|-91|-70|-71|196|9|13|21|25|6
Sr.Rayala.Hypo,https://www.screener.in/company/SRHHYPOLTD/consolidated/,898 Cr.,523,620 / 381,9.11,566,0.57 %,14.0 %,10.5 %,10.0,10.6,76.7,-0.01 %,0.00 %,13.3 %,14.4 %,15.0 %,14.1 %,-26.1 %,-11.4 %,-11.4 %,10.3 %,0.00 %,0.01,0.00 %,5.15 Cr.,5.15 Cr.,5.66 Cr.,Commodities,Chemicals,Chemicals & Petrochemicals,Commodity Chemicals,25,20,24,23,14.74|12.56|12.81|12.77|13.57|13.84|11.54|14.28,39,65,21|-8|99|71|60|141|140|65|39,12.60,12|13|15|14|12|11|13|14|13,,0.14|0.08|0.14|0.12|0.06|0.06|0.07|0.06,0.04|0.04|0.05|0.05|0.05|0.05|0.05|0.05,9|25|11|8|6|4|7|6|6,362|164|689|911|1267|1650|866|638|667,25|9|38|61|103|154|79|87|90
GRM Overseas,https://www.screener.in/company/GRMOVER/consolidated/,"1,692 Cr.",81.6,186 / 79.3,22.1,29.0,0.00 %,14.0 %,14.2 %,2.00,2.00,5.69,-2.22 %,0.00 %,5.10 %,5.91 %,4.20 %,4.55 %,8.65 %,5.16 %,0.34 %,6.66 %,0.03 %,0.61,0.55 %,0.00 Cr.,0.00 Cr.,11.6 Cr.,Fast Moving Consumer Goods,Fast Moving Consumer Goods,Agricultural Food & other Products,Other Agricultural Products,21,22,19,15,0.51|0.75|1.14|1.04|0.8|1.04|1.04|1.02,-54,62,46|-67|-77|-21|162|35|-116|-89|47|62|-54,6.40,4|3.4|3.7|3.1|6|9|8|7|6|6|5,,0.23|0.17|0.72|1.89|3.36|4.92|9.5|7.28,0.25|0.25|0.25|0.49|1.82|1.63|2.91|2.91,0|0|0|20|6|17|66|4|0|0|0,355|591|943|1107|749|770|1134|1379|1312|1347|1769,2|6|12|9|32|45|85|63|61|61|74
Arfin India,https://www.screener.in/company/ARFIN/,"1,512 Cr.",89.6,106 / 44.2,93.9,9.99,0.13 %,14.0 %,8.34 %,1.00,1.64,2.28,-0.75 %,0.00 %,6.94 %,5.90 %,2.17 %,1.49 %,4.72 %,9.77 %,7.60 %,33.2 %,0.00 %,0.77,0.00 %,1.86 Cr.,0.00 Cr.,0.37 Cr.,Commodities,Metals & Mining,Non - Ferrous Metals,Aluminium,3.53,5.71,4.82,2.05,0.15|0.18|0.03|0.06|0.12|0.29|0.34|0.21,30,-21,6|-2|-22|-10|13|23|11|11|29|5|-21|30,5.70,4.7|5|8|10|6|-1.6|5|4.6|4.9|6|6|7,,2.41|2.41|2.41|2.41|2.64|2.68|1.54|0.79,,6|7|6|12|0|0|0|0|0|0|0|14,250|286|363|466|413|359|303|526|544|535|616|625,5|7|13|22|7|-22|4|9|10|8|9|14
VMS TMT,https://www.screener.in/company/VMSTMT/,246 Cr.,49.6,105 / 33.5,14.6,46.0,0.00 %,13.9 %,14.0 %,10.0,1.31,1.95,0.00 %,0.00 %,7.69 %,6.12 %,2.51 %,1.92 %,-1.66 %,71.1 %,8.36 %,41.1 %,0.00 %,1.01,0.00 %,0.00 Cr.,0.00 Cr.,0.00 Cr.,Industrials,Capital Goods,Industrial Products,Iron & Steel Products,4.47,2.29,8.04,2.13,1.05|2.48|0.43|1.62|0.46|0.9,-10,-23,2|4|-31|-11|37|-23|-10,4.90,1.7|1.3|3.2|2.5|4.8|6|8,,3.45|3.11|2.04|2.04,3.25|3.02|2.85|2.85,0|0|0|0|0|0|0,175|225|494|882|873|770|839,1|1|7|4|13|15|21
True Green,https://www.screener.in/company/533407/,691 Cr.,210,255 / 53.8,12.9,48.2,0.00 %,13.9 %,22.8 %,10.0,1.18,4.52,-0.03 %,0.00 %,21.4 %,1.16 %,11.0 %,-9.88 %,%,186 %,169 %,36.6 %,57.5 %,2.14,0.00 %,0.00 Cr.,0.00 Cr.,0.00 Cr.,Consumer Discretionary,Textiles,Textiles & Apparels,Other Textile Products,22,29,2,1,0.14|0.02|-0.78|-0.12|0.26|0.66|8.7|6.63,-47,-31,25|32|13|13|-3|8|6|-3|24|3|-31|-47,6.72,7|9|6|3.4|2.1|1.3|8|1.2|21,,11.75|17.87|17.84|25.4|25.4|25.72|25.18|25.15,0|0|0|0|0|0|0.08|0.08,0|0|0|0|0|0|0|0|0|0|0|0,243|200|222|244|249|196|154|0|0|0|23|284,4|5|5|1|-1|-3|5|8|-6|1|-2|31
BCL Industries,https://www.screener.in/company/BCLIND/consolidated/,976 Cr.,33.1,44.9 / 25.5,8.37,30.8,1.06 %,13.9 %,13.4 %,1.00,2.01,6.75,-0.19 %,0.01 %,8.67 %,7.27 %,4.53 %,3.63 %,15.4 %,20.2 %,12.4 %,17.6 %,4.38 %,0.63,0.00 %,10.3 Cr.,7.68 Cr.,9.79 Cr.,Fast Moving Consumer Goods,Fast Moving Consumer Goods,Beverages,Breweries & Distilleries,36,26,35,32,0.94|0.65|0.86|1.04|0.98|1.09|0.79|1.09,325,63,43|10|53|29|5|95|29|39|63|325,7.80,6|6|8|6|6|7|7|9|7|9,,1.84|0.77|0.86|0.46|0.43|0.37|0.43|0.24,0|0|0|0.05|0.02|0.02|0|0.01,14|0|5|0|29|14|18|8|8|9,642|844|890|913|1427|1988|1818|2129|2815|2792,10|18|41|26|42|85|64|96|103|126
Akme Fintrade,https://www.screener.in/company/AFIL/,379 Cr.,8.61,11.3 / 3.92,8.55,9.93,0.00 %,13.9 %,10.5 %,1.00,20.5,1.90,-0.27 %,0.00 %,74.7 %,77.0 %,28.4 %,32.4 %,28.9 %,43.0 %,29.4 %,5.88 %,5.04 %,1.19,-0.51 %,0.00 Cr.,0.00 Cr.,0.00 Cr.,Financial Services,Financial Services,Finance,Non Banking Financial Company (NBFC),12,12,10,10,0.19|0.21|0.18|0.23|0.24|0.24|0.29|0.26,-167,-177,20|85|63|23|-46|-177|-167,,,,3.49|1.07|0.77|0.75|0.57|0.4|0.62|0.35,3.11|3.11|2.99|2.86|2.81|2.81|1.95|1.95,0|1|0|0|0|0|0|0|0,,11|18|19|16|4|15|19|33|42
Shree Refrigerat,https://www.screener.in/company/544458/consolidated/,"1,415 Cr.",395,439 / 161,65.7,60.6,0.00 %,13.8 %,13.0 %,2.00,3.22,8.06,-0.58 %,-0.86 %,21.4 %,27.5 %,14.0 %,12.9 %,44.8 %,103 %,%,%,0.00 %,0.17,0.00 %,0.00 Cr.,0.00 Cr.,0.00 Cr.,Industrials,Capital Goods,Aerospace & Defense,Aerospace & Defense,20,2,4,8,1.6|0.44|5.6,14,-25,-9|-4|-5|-25|14,26.00,26|26|25|31|27|21,,0.7|0.12,9.6|8.74,0|0|0|0|0|0,10|45|51|80|99|154,0|3|3|12|13|22
Permanent Magnet,https://www.screener.in/company/PERMAGN/consolidated/,729 Cr.,848,"1,120 / 619",55.3,183,0.26 %,13.8 %,10.5 %,10.0,4.06,4.67,0.00 %,0.00 %,16.4 %,14.9 %,7.01 %,7.68 %,%,%,%,%,0.00 %,0.56,0.00 %,1.89 Cr.,1.72 Cr.,Cr.,Industrials,Capital Goods,Electrical Equipment,Other Electrical Equipment,3.80,3.99,2.25,2.37,8.26|2.37|1.84|7.18|2.76|2.62|4.64|4.42,18,39,23|39|18,16.00,17|15|16,,0.4|0.4|0|0.03|0.03|0|0|0,0.12|0.12|0.01|0.11|0.03|0.01|0.01|0.01,8|11|13,201|205|226,20|16|15
Logica Infoway,https://www.screener.in/company/543746/,265 Cr.,149,244 / 140,18.7,57.4,0.00 %,13.8 %,14.9 %,10.0,1.33,2.29,0.00 %,0.00 %,2.37 %,2.16 %,1.08 %,0.94 %,23.1 %,59.1 %,57.0 %,33.9 %,0.00 %,1.83,0.00 %,0.00 Cr.,0.00 Cr.,0.00 Cr.,Consumer Discretionary,Consumer Services,Retailing,Speciality Retail,8,6,7,3,1.02|1.28|1.52|3.22|1.89|4.08|3.61|4.36,32,8,3|-5|9|-7|23|8|32,1.74,0.7|1.4|0.8|1.6|1.7|2.2|2.4,,,,0|0|0|0|0|0|0,496|445|612|705|1064|1119|1316,2|2|3|4|8|11|14
Marble City,https://www.screener.in/company/531281/consolidated/,457 Cr.,176,185 / 83.9,63.7,31.9,0.00 %,13.8 %,10.1 %,5.00,2.85,1.87,0.00 %,-0.01 %,27.1 %,21.9 %,9.12 %,4.03 %,%,%,%,%,0.00 %,1.54,-0.21 %,0.00 Cr.,0.00 Cr.,Cr.,Commodities,Construction Materials,Other Construction Materials,Other Construction Materials,2.58,2.43,1.51,2.85,-2.12|0.06|1.95|0.83|1.09|0.42|0.65|0.78,-20,-22,-22|-20,24.50,22|27,,,1.29|1.29|1.29|1.24|1.24|1.23|1.14|1.13,0|0,59|97,2|9
GLEN Industries,https://www.screener.in/company/544444/consolidated/,303 Cr.,126,134 / 58.0,18.4,58.0,0.00 %,13.8 %,16.6 %,10.0,1.39,3.32,-0.22 %,-2.41 %,18.6 %,24.2 %,8.27 %,10.8 %,20.0 %,75.1 %,-38.7 %,%,0.00 %,0.86,0.31 %,0.00 Cr.,0.00 Cr.,0.00 Cr.,Industrials,Capital Goods,Industrial Products,Packaging,8,8,10,8,4.84|5.53|3.45|3.41,6,6,-14|11|14|6|6,17.40,12|14|18|24|19,,0.22|0,9.05|6.64,0|0|0|0|0,92|115|140|166|199,4|1|9|18|16
Donear Inds.,https://www.screener.in/company/DONEAR/,436 Cr.,83.8,117 / 76.7,9.48,53.3,0.24 %,13.7 %,17.0 %,2.00,1.33,3.09,0.00 %,0.00 %,9.78 %,9.26 %,4.76 %,3.49 %,3.39 %,6.95 %,6.95 %,54.7 %,0.00 %,1.54,0.00 %,1.04 Cr.,1.04 Cr.,1.04 Cr.,Consumer Discretionary,Textiles,Textiles & Apparels,Other Textile Products,11,5,17,12,2.03|2.1|0.31|1.69|2.38|3.29|0.99|2.17,16,-1,40|79|34|-13|37|76|50|-24|4|71|-1|16,9.80,11|11|9|11|10|9|4.6|9|10|11|9|10,,0.11|0.14|0.12|0.1|0|0.04|0|0,0.14|0.14|0|0|0|0|0|0,13|18|11|8|7|9|-17|5|3|3|3|2,509|509|499|514|594|548|358|569|826|799|914|912,8|6|9|13|14|12|-6|23|36|35|32|43
Halder Venture,https://www.screener.in/company/HALDER/consolidated/,349 Cr.,281,319 / 177,11.0,144,0.36 %,13.7 %,17.3 %,10.0,1.20,2.52,0.00 %,0.00 %,4.51 %,5.18 %,4.94 %,2.52 %,21.0 %,69.2 %,54.7 %,3.56 %,0.00 %,2.02,0.00 %,0.00 Cr.,0.39 Cr.,0.27 Cr.,Fast Moving Consumer Goods,Fast Moving Consumer Goods,Agricultural Food & other Products,Other Agricultural Products,3.46,19.14,20.79,-10.87,3.95|22.4|-6.78|2.28|-8.77|16.59|13.02|4.81,15,25,-3|0|-1|-1|11|-36|-98|115|-71|-2|25|15,4.46,0|-2.1|4.8|4.7|4.4|4.4|4.9|3.5|4.3|5|5|4.5,,,,0|0|0|0|0|2|1|5|3|2|0,2|4|200|233|258|288|620|884|364|644|844|645,0|0|3|3|3|5|18|23|6|12|21|32
Signet Industrie,https://www.screener.in/company/SIGIND/,206 Cr.,70.0,75.0 / 40.0,8.76,84.1,0.71 %,13.7 %,8.06 %,10.0,1.26,1.56,0.00 %,0.00 %,7.26 %,7.46 %,1.44 %,1.32 %,9.79 %,14.3 %,14.3 %,8.87 %,0.00 %,1.86,0.10 %,1.47 Cr.,1.47 Cr.,1.47 Cr.,Services,Services,Commercial Services & Supplies,Trading & Distributors,8.05,6.85,5.16,3.47,1.09|1.54|2.52|0.23|1.18|1.75|2.33|2.73,16,16,65|28|15|20|84|12|7|34|51|30|16|16,7.00,9|9|7|8|7|8|8|7|7|7|7|7,,,,0|8|8|8|11|12|11|18|11|10|9|9,650|786|912|904|976|883|827|877|1018|1213|1179|1347,12|17|18|18|14|12|14|8|13|15|16|16
Jindal Drilling,https://www.screener.in/company/JINDRILL/consolidated/,"1,724 Cr.",595,704 / 440,8.85,628,0.17 %,13.7 %,10.2 %,5.00,1.11,35.8,-0.20 %,0.01 %,35.3 %,29.0 %,17.5 %,25.5 %,24.8 %,21.9 %,21.9 %,102 %,0.00 %,0.05,0.00 %,2.90 Cr.,2.90 Cr.,2.03 Cr.,Energy,"Oil, Gas & Consumable Fuels",Oil,Offshore Support Solution Drilling,47,45,-33,133,11.89|22.76|24.71|22.81|45.73|-11.52|15.66|16.27,178,864,-46|-61|-67|8|52|106|196|64|-44|864|178,29.00,38|11|4.6|-40|4.7|-267|11|26|32|23|29|35,,0.45|0.64|2.05|2.13|2.04|0.85|0.62|0.42,1.05|1.05|0.94|0.49|0.2|0|0|0.01,1|1|2|-17|2|0|-25|2|2|3|1|1,540|320|372|149|207|216|398|420|512|617|828|997,125|129|80|-8|68|-591|-6|64|97|51|216|211
Dollar Industrie,https://www.screener.in/company/DOLLAR/,"1,550 Cr.",273,396 / 220,14.0,169,1.10 %,13.6 %,11.5 %,2.00,2.38,7.96,-2.43 %,-0.35 %,10.8 %,10.5 %,5.69 %,5.07 %,9.80 %,21.8 %,21.8 %,3.75 %,0.00 %,0.28,0.10 %,17.0 Cr.,17.0 Cr.,17.0 Cr.,Consumer Discretionary,Textiles,Textiles & Apparels,Garments & Apparels,24,31,19,35,4.66|3.43|5.45|3.46|6.26|3.39|5.54|4.31,137,86,3|8|43|-31|1|53|132|0|140|-6|86|137,10.80,8|9|11|13|13|11|13|16|7|10|10|11,,1.98|2.01|1.86|1.84|4.29|4.36|4.98|2.55,0.71|0.95|1.55|1.48|0.99|1.21|0.97|0.62,0|4|12|14|13|16|16|12|29|19|19|16,724|758|886|926|1029|967|1037|1343|1394|1549|1682|1845,19|26|43|64|75|59|87|146|58|89|90|106
Excelsoft Tech.,https://www.screener.in/company/EXCELSOFT/consolidated/,899 Cr.,78.1,143 / 66.4,18.0,50.2,0.00 %,13.6 %,9.85 %,10.0,3.84,21.6,-0.25 %,-0.96 %,26.8 %,31.1 %,17.2 %,14.9 %,11.8 %,27.8 %,-69.3 %,-43.6 %,0.00 %,0.01,0.00 %,0.00 Cr.,0.00 Cr.,0.00 Cr.,Information Technology,Information Technology,IT - Services,IT Enabled Services,9.23,16.60,10.30,10.61,54.49|0.96|2.05|0.59|1.06|0.89|1.44|0.8,50,52,28|63|61|56|56|52|50,32.00,36|53|39|35|28|31|27,,2.18|1.37|1.12,4.9|4.06|3.1,0|0|0|0|0|0|0,103|125|158|195|198|233|273,-5|11|15|22|13|35|43
Cosmic CRF,https://www.screener.in/company/543928/consolidated/,"1,224 Cr.","1,288","1,520 / 550",24.2,485,0.00 %,13.6 %,11.9 %,10.0,1.70,6.05,-0.11 %,-0.02 %,11.0 %,11.0 %,7.06 %,6.46 %,%,%,%,%,0.00 %,0.30,0.36 %,0.00 Cr.,0.00 Cr.,Cr.,Industrials,Capital Goods,Industrial Products,Iron & Steel Products,26,24,11,18,21.44|12.46|26.67|28.31,24,-73,-73|24,11.00,11|11,,0|0|6.54|0|0.09|0.2|0.09,0|0|0|6.65|10.32|10.41|10.39,0|0,402|717,31|51
Fabtech Tech.,https://www.screener.in/company/FABTECH/consolidated/,658 Cr.,148,263 / 126,13.5,94.4,0.41 %,13.6 %,12.5 %,10.0,2.50,17.2,-0.06 %,0.30 %,8.52 %,11.9 %,9.01 %,9.70 %,28.4 %,19.4 %,-52.6 %,-74.7 %,0.00 %,0.17,0.00 %,2.67 Cr.,0.00 Cr.,0.53 Cr.,Healthcare,Healthcare,Healthcare Services,"Healthcare Research, Analytics & Technology",4.21,22.06,-5.68,28.11,1.58|6.32|4.66|-1.89|8.68|-1.28|4.96|0.95,0,-36,64|-9|-3|-14|60|-36|0,12.20,11|9|12|13|15|12|9,,0.03|0.08|0.02,1.99|2.15|2.45,0|0|0|0|0|0|7,133|121|257|194|226|327|411,12|8|23|22|27|46|38
Raj Rayon Inds.,https://www.screener.in/company/RAJRILTD/,"1,158 Cr.",20.8,28.9 / 19.2,33.3,2.36,0.00 %,13.6 %,29.7 %,1.00,0.78,2.72,0.00 %,0.00 %,5.40 %,3.48 %,2.88 %,1.63 %,105 %,67.3 %,67.3 %,21.1 %,0.00 %,1.88,0.00 %,0.00 Cr.,0.00 Cr.,0.00 Cr.,Consumer Discretionary,Textiles,Textiles & Apparels,Other Textile Products,6.86,14.03,5.87,8.02,-0.08|0.15|0.24|0.11|0.14|0.11|0.25|0.12,119,37,-45|-4|7|-1|-2|0|0|-5|-75|79|37|119,-10.30,-1.4|-34|-7|-21|-65|1.3|3.7|3.5|5,,,0|0|0|0|0|0|0|0,0|0|0|0|0|0|0|0|0|0|0|0,184|452|274|76|18|0|0|0|137|745|849|1180,-75|-287|-66|-53|-48|-34|-35|641|-12|4|14|34
Deepak Builders,https://www.screener.in/company/DBEIL/,332 Cr.,7.12,18.6 / 5.16,12.0,9.59,1.40 %,13.6 %,9.22 %,1.00,2.50,2.37,-0.08 %,-1.17 %,14.6 %,19.2 %,7.15 %,9.80 %,8.58 %,22.5 %,12.3 %,17.7 %,13.9 %,0.40,-0.19 %,0.00 Cr.,0.00 Cr.,0.00 Cr.,Industrials,Construction,Construction,Civil Construction,2.88,14.51,5.17,4.98,0.42|0.35|0.24|0.32|0.11|0.11|0.31|0.06,-22,-131,17|24|1|13|-27|-131|-22,16.00,11|11|10|12|12|22|19|15,,2.64|0.08|0.08|0.56|0.23|0.16|0.08,3.55|3.14|3.79|2.22|2.22|9.07|7.9,0|0|0|0|0|0|0|0,239|310|351|363|433|509|579|554,3|14|14|18|21|60|57|40
Haldyn Glass,https://www.screener.in/company/HALDYNGL/consolidated/,766 Cr.,143,150 / 70.4,24.7,43.6,0.49 %,13.5 %,11.4 %,1.00,1.01,4.17,0.00 %,0.23 %,13.6 %,14.3 %,5.55 %,4.78 %,13.2 %,-1.02 %,-1.02 %,28.3 %,0.00 %,0.49,0.13 %,3.77 Cr.,3.77 Cr.,3.66 Cr.,Industrials,Capital Goods,Industrial Products,Packaging,10,7,5,7,0.97|0.74|0.84|1|1.27|0.98|1.36|1.91,62,45,14|21|9|7|16|22|10|31|19|45|62,12.00,13|16|3.9|12|12|12|8|10|14|14|14,,0.06|0|0|0|0|0|0|0,1.79|1.98|2.44|2.64|1.46|1.53|1.8|2.03,40|28|-329|58|39|43|27|14|15|20|15,141|172|166|223|229|178|213|320|299|382|464,7|11|0|6|8|7|12|27|25|19|25
Nicco Parks,https://www.screener.in/company/NICCOPAR/consolidated/,377 Cr.,80.4,109 / 59.0,63.7,22.4,1.55 %,13.5 %,-490 %,1.00,1.53,,0.00 %,0.00 %,15.7 %,28.9 %,-782 %,29.1 %,-4.69 %,%,%,%,0.00 %,0.00,0.14 %,5.85 Cr.,5.62 Cr.,5.24 Cr.,Consumer Discretionary,Consumer Services,Leisure Services,Amusement Parks/ Other Recreation,5.47,-0.72,0.92,0.24,1.16|1.04|0.72|-0.68|0.05|0.2|-0.15|1.17,7.37,16.00,7.83|6.9|6.43|8.43|10.31|7.27|-3.01|6.41|26.58|20.09|16|7.37,27.25,16.91|17.83|19.5|20.26|20.4|19.24|-22.89|18.6|38.61|34.36|28.94|15.72,,,,26.49|24.98|20.68|9.06|40.04|37.64|0|0|34.26|28.35|25.03|-214.29,42.87|42.58|44.98|46.99|55.45|55.1|17.52|31.34|76.63|79.33|75.02|66.35,5.3|5.62|6.79|7.75|9.35|7.46|-3.52|4.87|22.54|24.76|22.44|-2.73
C2C Advanced,https://www.screener.in/company/C2C/,346 Cr.,204,802 / 197,18.9,139,0.00 %,13.5 %,8.45 %,10.0,2.58,4.15,1.24 %,-1.77 %,16.0 %,36.0 %,12.6 %,25.0 %,163 %,85.3 %,-17.4 %,45.4 %,0.00 %,0.23,-4.31 %,0.00 Cr.,0.00 Cr.,0.00 Cr.,Industrials,Capital Goods,Aerospace & Defense,Aerospace & Defense,-5,24,19,10,7.94|11.48|14.22|-3.14,-18,-115,2|-4|-5|-35|-115|-18,-90.40,13|-597|48|45|36|16,,4.38|2|1.94|3.18,9.49|3.73|1.87|0.1,0|0|0|0|0|0,1|0|8|41|115|146,0|-2|3|12|29|18
Usha Financial,https://www.screener.in/company/USHAFIN/,222 Cr.,51.0,56.4 / 26.8,8.82,52.8,0.00 %,13.5 %,10.2 %,10.0,0.31,2.50,-0.18 %,0.01 %,77.9 %,69.8 %,31.6 %,21.9 %,15.6 %,30.2 %,%,%,0.00 %,0.77,0.00 %,0.00 Cr.,0.00 Cr.,0.00 Cr.,Financial Services,Financial Services,Finance,Non Banking Financial Company (NBFC),8.03,6.55,6.59,3.98,1.32|1.05|0.23|1.23|0.92|1.52|1.51|1.85,15,-95,-27|-8|-35|-177|71|-95|15,,,,9.53|5.63|3.56|2.75|2.16|1.98,3.01|0.61|0.56|0.56|0.56|0.57,0|0|0|0|0|0|0,,11|4|4|10|13|13|22
HPL Electric,https://www.screener.in/company/HPL/consolidated/,"1,828 Cr.",284,505 / 256,19.2,156,0.35 %,13.5 %,9.95 %,10.0,1.36,2.38,0.24 %,0.00 %,15.6 %,15.0 %,5.28 %,5.56 %,12.8 %,46.7 %,46.7 %,57.1 %,2.42 %,0.75,0.00 %,6.43 Cr.,6.43 Cr.,5.34 Cr.,Industrials,Capital Goods,Industrial Manufacturing,Industrial Products,19,31,20,22,3.35|2.81|5.78|2.87|3.46|3.02|4.8|2.9,226,138,27|103|3|20|83|63|85|101|104|100|138|226,13.60,12|13|13|11|12|13|14|12|12|13|15|16,,0.51|0.58|0.31|0.7|0.34|0.28|0.51|0.75,0.23|0.23|0.26|0.3|0.19|0.1|0.1|0.1,1|1|37|23|4|4|10|12|21|15|7|7,1047|1116|986|1036|1158|977|875|1014|1262|1461|1700|1811,35|37|26|28|33|22|10|8|30|44|94|91
Jaysynth Orgo,https://www.screener.in/company/524592/,223 Cr.,16.6,22.0 / 9.57,12.2,9.52,0.30 %,13.4 %,12.0 %,1.00,3.97,16.8,0.00 %,0.00 %,8.22 %,9.93 %,5.78 %,6.56 %,9.91 %,141 %,11.3 %,29.9 %,0.00 %,0.33,0.00 %,0.67 Cr.,0.67 Cr.,0.40 Cr.,Commodities,Chemicals,Chemicals & Petrochemicals,Specialty Chemicals,5.35,5.30,2.45,5.14,0.31|0.44|0.24|0.14|0.38|0.18|0.39|0.4,,6,0|0|0|0|0|-2|0|0|18|7|6,-0.22,-90|-71|-95|-52|-25|-31|-43|-30|1.9|9|10|8,,0.01|0.01|0.01|0.01|0.01|0.01|0.01|0.01,0|0|0|0|0|0|0|0,0|0|0|0|0|0|0|0|0|5|4|5,1|1|1|1|2|2|1|1|192|206|228|255,-1|-1|16|0|2|-1|-1|-1|2|12|16|15
Kilitch Drugs,https://www.screener.in/company/KILITCH/consolidated/,669 Cr.,191,220 / 117,22.3,80.0,0.00 %,13.4 %,10.6 %,10.0,1.40,8.96,0.12 %,0.00 %,15.8 %,16.0 %,10.6 %,10.0 %,19.0 %,37.5 %,36.1 %,53.5 %,0.00 %,0.32,0.00 %,0.00 Cr.,0.00 Cr.,0.00 Cr.,Healthcare,Healthcare,Pharmaceuticals & Biotechnology,Pharmaceuticals,1.96,14.88,4.31,8.04,2.46|1.7|2.97|0.87|2.34|1.27|4.15|0.83,24,18,-8|17|1|1|0|4|46|6|3|-2|18|24,14.00,-9|-19|-2|11|9|0.8|8|9|13|16|16|16,,0|0|0|0|0|0|0|0.12,,0|0|0|13|20|0|0|0|0|0|0|0,19|21|27|51|82|53|68|114|140|154|198|235,0|-11|-9|5|4|1|4|6|8|14|25|30
Chavda Infra Ltd,https://www.screener.in/company/CHAVDA/,392 Cr.,120,148 / 80.6,20.8,67.5,0.00 %,13.4 %,10.1 %,10.0,1.66,2.31,0.00 %,0.00 %,18.1 %,21.6 %,5.23 %,7.82 %,25.6 %,11.6 %,-8.46 %,-29.6 %,0.00 %,0.63,0.00 %,0.00 Cr.,0.00 Cr.,0.00 Cr.,Industrials,Construction,Construction,Civil Construction,3.88,7.34,1.74,1.82,0.43|4.36|0.74|0.71|2.25|1.19,-8,-43,11|-9|9|-25|-43|-8,17.80,16|14|17|18|22|18,,5.25|1.04|0.94|0.16|0|0|0,1.59|0.44|0.13|0.5|0|1.39|1.39,0|0|0|0|0|0,91|110|162|242|261|321,4|5|12|19|21|17
Manaksia Steels,https://www.screener.in/company/MANAKSTEEL/,705 Cr.,108,122 / 44.2,13.0,51.7,0.00 %,13.4 %,11.8 %,1.00,1.24,5.42,0.00 %,0.00 %,6.86 %,2.06 %,3.62 %,1.91 %,18.0 %,48.9 %,48.9 %,14.8 %,0.00 %,0.45,0.00 %,0.00 Cr.,0.00 Cr.,0.00 Cr.,Commodities,Metals & Mining,Ferrous Metals,Iron & Steel,22,19,9,4,0.36|0.41|0.66|0.97|0.61|1.39|2.86|3.42,62,13,95|-5|10|-15|101|-6|34|-2|29|-49|13|62,4.96,4.8|6|8|7|3.4|3|7|8|2.7|5|2.1|7,,0.64|0|0|0|0|0|0|0,,0|0|0|0|0|0|0|0|0|0|0|0,329|289|334|494|689|488|388|505|641|632|584|1053,8|5|9|17|10|9|20|30|13|30|12|38
Surana Telecom,https://www.screener.in/company/SURANAT&P/consolidated/,223 Cr.,16.4,24.3 / 15.4,6.79,13.4,0.00 %,13.4 %,14.7 %,1.00,2.28,10.7,0.00 %,0.00 %,-4.51 %,38.1 %,35.6 %,3.33 %,29.9 %,288 %,288 %,49.8 %,0.00 %,0.37,0.16 %,0.00 Cr.,0.00 Cr.,0.00 Cr.,Utilities,Power,Power,Power Generation,11,15,4,0,0.16|0.06|1.42|0.2|0.06|0.3|1.28|0.79,-29,4,-72|88|36|20|28|12|16|14|14|15|4|-29,36.10,69|52|52|59|67|62|65|69|29|49|38|-4.5,,0.04|0.05|0.04|0.05|0.06|0|0|0,0.04|0.04|0.04|0.05|0.05|0.05|0.05|0.05,82|0|0|0|0|0|0|0|0|0|0|0,18|26|35|35|36|29|29|29|28|25|16|61,2|1|2|2|6|7|3|8|5|8|23|22
KN Agri Resource,https://www.screener.in/company/KNAGRI/consolidated/,490 Cr.,196,244 / 148,13.7,154,0.00 %,13.3 %,8.61 %,10.0,7.57,5.47,-0.16 %,-0.10 %,2.80 %,3.54 %,1.75 %,2.16 %,-6.56 %,5.39 %,5.39 %,-1.83 %,0.00 %,0.09,0.00 %,0.00 Cr.,0.00 Cr.,0.00 Cr.,Fast Moving Consumer Goods,Fast Moving Consumer Goods,Agricultural Food & other Products,Edible Oil,13,13,5,5,2.74|6.34|3.79|1.82|2.02|5.04|5.38,14,-3,55|37|14|-6|-6|22|-3|14,3.00,2.7|2.9|3.3|3.5|2.3|2.9|3.5|2.8,,2.35|2.35|2.6|2.41|3.03|3.08|3.11|2.95,2.61|2.54|2.04|1.38|0.59|0.58|0.42|0.32,0|0|0|0|0|0|0|0,1285|850|1284|1872|2224|1691|1711|1814,21|13|26|47|27|31|37|32
IFB Agro Inds.,https://www.screener.in/company/IFBAGRO/,832 Cr.,888,"1,795 / 677",13.0,727,0.00 %,13.3 %,9.57 %,10.0,4.36,16.3,-0.18 %,0.00 %,7.52 %,3.88 %,4.41 %,2.42 %,4.06 %,6.57 %,6.57 %,5.67 %,0.00 %,0.10,0.00 %,0.00 Cr.,0.00 Cr.,0.00 Cr.,Fast Moving Consumer Goods,Fast Moving Consumer Goods,Beverages,Breweries & Distilleries,22,11,8,24,2.96|12.85|1.74|19.42|25.4|8.94|11.26|23.01,97,72,29|36|49|7|46|1|38|107|34|-31|72|97,4.98,5|8|6|7|5|2.7|8|8|6|-1|3.9|8,,0.15|0.16|0.15|0.71|0.71|0.93|0.92|0.74,1.12|1.12|1.12|1.12|1.12|1.12|1.12|1.12,0|0|0|0|0|0|0|0|0|0|0|0,584|621|840|889|925|963|694|1010|1246|930|1059|1404,16|29|33|32|33|23|47|53|51|-11|25|61
India Finsec,https://www.screener.in/company/535667/consolidated/,706 Cr.,242,285 / 140,43.0,44.3,0.00 %,13.3 %,12.6 %,10.0,91.3,1.80,0.00 %,0.00 %,76.0 %,72.8 %,25.5 %,25.3 %,23.2 %,71.3 %,62.5 %,29.6 %,84.2 %,3.10,0.00 %,0.00 Cr.,0.00 Cr.,0.00 Cr.,Financial Services,Financial Services,Finance,Non Banking Financial Company (NBFC),6.89,5.72,5.05,5.54,1.13|0.69|1.12|1.3|1.35|1.21|1.39|1.68,-121,-29,-1|10|0|-41|-3|-5|-42|-90|-15|-29|-121,,,,,,0|0|0|0|0|0|0|0|0|0|0,,1|2|2|2|3|5|4|5|12|18|22
ITCONS E-Soluti.,https://www.screener.in/company/543806/,242 Cr.,269,620 / 230,45.4,67.1,0.06 %,13.2 %,10.9 %,10.0,2.25,11.4,0.00 %,0.00 %,6.02 %,7.50 %,6.07 %,5.84 %,45.8 %,45.5 %,19.8 %,-39.0 %,0.00 %,0.06,-2.22 %,0.14 Cr.,0.08 Cr.,0.04 Cr.,Services,Services,Commercial Services & Supplies,Diversified Commercial Services,2.47,2.78,1.96,1.29,3.18|1.33|1.53|2.27|2.57|3.5|4.61|2.74,-12.23,-22.89,-1.41|0.57|-0.01|-0.8|-1.65|-22.89|-12.23,8.68,4.56|1.56|9.85|8.91|11.12|7.5|6.02,,,0.08|0.16|0.38|0.36|0.35|0.35|0.23|0.23,0|0|0|0|0|2.58|2.57,8.34|8.32|18.18|28.29|28.5|55.98|87.74,0.11|0.08|1.29|1.73|1.91|3.25|5.26
Sumeet Industrie,https://www.screener.in/company/SUMEETINDS/consolidated/,664 Cr.,9.56,35.7 / 9.25,26.9,3.05,0.00 %,13.2 %,14.7 %,2.00,1.56,3.30,0.00 %,0.15 %,5.46 %,1.23 %,2.58 %,-0.57 %,0.56 %,35.0 %,34.9 %,41.9 %,0.00 %,0.76,-21.8 %,0.00 Cr.,0.00 Cr.,0.00 Cr.,Consumer Discretionary,Textiles,Textiles & Apparels,Other Textile Products,1.14,7.50,6.67,9.86,0.2|28.17|0.97|0.11|0.14|0.1|0.11|0.02,-35,410,56|1|58|-52|-77|85|24|61|73|15|410|-35,0.42,7|7|8|7|4.7|-9|4.2|3.8|-3.8|-4.1|1.2|5,,0|0|0|0|0|0.01|0.32|0.01,0|0|0|0|0|0|0|0.15,0|0|0|0|0|0|0|0|0|0|0|0,1165|1235|1406|1205|867|707|574|894|1033|985|1003|1050,22|19|39|-3|-117|-139|-7|3|-59|-59|170|27
MKVentures Cap.,https://www.screener.in/company/514238/consolidated/,396 Cr.,"1,030","1,482 / 732",55.0,295,0.02 %,13.2 %,9.81 %,10.0,4.41,13.6,0.00 %,0.00 %,75.5 %,60.6 %,59.2 %,34.3 %,-13.2 %,-13.5 %,-13.8 %,%,0.00 %,0.00,0.00 %,0.10 Cr.,0.48 Cr.,Cr.,Financial Services,Financial Services,Finance,Investment Company,0.89,0.47,2.33,3.51,11.03|14.02|-13.79|11.16|9.13|6.06|1.22|2.32,9.57,33.17,-259.23|258.06|33.17|9.57,80.85,94.17|93.21|60.56|75.46,,4.26|4.26|4.26|4.26|4.26|4.26|4.26|4.26,,0|1.81|5.06|0.9,27.46|41.53|27.69|17.93,16.37|21.17|9.49|10.61
QMS Medical,https://www.screener.in/company/QMSMEDI/consolidated/,343 Cr.,177,177 / 69.0,31.9,53.9,0.28 %,13.2 %,10.4 %,10.0,1.56,3.51,0.00 %,0.00 %,15.4 %,16.3 %,6.87 %,8.79 %,%,%,%,%,0.00 %,0.65,0.00 %,0.97 Cr.,0.00 Cr.,Cr.,Healthcare,Healthcare,Healthcare Equipment & Supplies,Medical Equipment & Supplies,3.96,1.88,3.17,3.58,1.78|1.51|1.73|1.52|1.61|1.24|0.82|1.89,19,20,1|20|19,15.33,15|16|15,,1.02|0.01|0.01|0.01|0.01|0.01|0|0,0|0|0|0|0|1.6|1.59|1.59,0|0|10,122|156|173,9|14|12
Skyways Air Ser.,https://www.screener.in/company/SKYWAYS/consolidated/,"1,809 Cr.",124,136 / 107,33.9,,0.52 %,13.2 %,14.0 %,10.0,1.17,2.73,%,%,4.57 %,3.91 %,2.23 %,2.14 %,23.7 %,-0.01 %,-79.2 %,%,0.00 %,1.88,%,2.33 Cr.,8.99 Cr.,4.89 Cr.,Services,Services,Transport Services,Logistics Solution Provider,,27,22,11,0.6|1.27|1.69,114,2,5|69|-9|2|114,4.24,4.5|4.4|3.8|3.9|4.6,,3.31,11.8,0|29|5|23|6,1670|1485|1289|2248|2813,50|41|34|48|64
Ascom Leasing &,https://www.screener.in/company/ASCOM/,244 Cr.,208,285 / 90.0,46.3,47.0,0.12 %,13.2 %,10.0 %,10.0,6.08,13.7,0.00 %,0.00 %,59.5 %,58.5 %,40.3 %,39.6 %,2.44 %,1.98 %,1.98 %,1.86 %,0.00 %,0.04,0.00 %,0.00 Cr.,0.00 Cr.,0.00 Cr.,Financial Services,Financial Services,Finance,Non Banking Financial Company (NBFC),2.58,2.65,2.51,2.60,2.09|2.14|2.18|2.07|2.22|2.14|2.26|2.2,4.83,0.54,0|-5.42|-0.32|-3.57|3.47|-3.87|-2.09|5.31|1.56|-0.16|0.54|4.83,,,,,,0|0|0|0|0|0|0|0|0|0|0,,0|0.04|0.49|4.44|3.45|4.6|4.79|4.87|4.96|4.97|5.11|5.23
Priority Jewels,https://www.screener.in/company/PRIORITY/,418 Cr.,232,248 / 209,23.2,,0.00 %,13.2 %,14.8 %,10.0,2.01,3.80,%,%,6.34 %,5.49 %,3.36 %,2.38 %,4.48 %,63.7 %,10.7 %,22.2 %,0.00 %,0.72,%,0.00 Cr.,0.00 Cr.,0.00 Cr.,Consumer Discretionary,Consumer Durables,Consumer Durables,"Gems, Jewellery And Watches",,,,,,19,3,0|10|11|-2|3|19,4.30,3.9|2.6|3.2|4.7|5|6,,0.81,12.73,0|0|0|0|0|0,262|397|471|411|436|537,2|5|4|7|11|18
AWFIS Space,https://www.screener.in/company/AWFIS/consolidated/,"1,973 Cr.",276,639 / 229,23.3,77.2,0.00 %,13.2 %,14.0 %,10.0,0.68,1.46,0.57 %,-1.01 %,36.8 %,33.7 %,4.74 %,3.94 %,39.9 %,53.0 %,%,%,0.00 %,2.72,0.00 %,0.00 Cr.,0.00 Cr.,0.00 Cr.,Services,Services,Commercial Services & Supplies,Diversified Commercial Services,24,23,22,16,5.51|2.14|1.58|1.4|2.23|3.03|3.25|3.35,616,363,-11|-8|57|83|195|229|363|616,31.20,-22|1.5|30|27|29|29|34|37,,20.66|21.07|19.33|21.45|25.04|27.34|26.35|26.92,20.81|29.37|33.97|37.63|41.18|39.56|39.52|38.51,0|0|0|0|0|0|0|0,154|226|178|257|545|849|1208|1493,-62|-68|-43|-57|-47|-18|68|71
Infinium Pharma,https://www.screener.in/company/INFINIUM/consolidated/,413 Cr.,265,286 / 189,34.0,77.7,0.00 %,13.1 %,10.5 %,10.0,3.84,7.37,0.00 %,0.19 %,11.4 %,12.4 %,7.49 %,6.26 %,18.4 %,8.59 %,-5.72 %,-10.5 %,0.00 %,0.00,5.00 %,0.00 Cr.,0.00 Cr.,0.00 Cr.,Healthcare,Healthcare,Pharmaceuticals & Biotechnology,Pharmaceuticals,8,7,3,5,5.4|4.46|3.66|3.17|2.4|3.59|4.2,34,-29,3|7|12|9|-13|-29|34,12.20,6|7|10|14|14|12|11,,,0|0|0|0|0|0.02|0.21,0|0|0|0|0|0|0,39|71|99|114|136|156|190,1|3|7|10|12|8|14
Lords Chloro,https://www.screener.in/company/LORDSCHLO/,390 Cr.,136,236 / 108,11.8,84.6,0.00 %,13.1 %,12.1 %,10.0,1.70,4.69,0.00 %,0.04 %,16.3 %,8.90 %,6.58 %,1.96 %,9.76 %,-21.6 %,-24.9 %,45.4 %,0.00 %,0.72,0.00 %,0.00 Cr.,0.00 Cr.,0.00 Cr.,Commodities,Chemicals,Chemicals & Petrochemicals,Commodity Chemicals,15,4,5,9,0.14|0.5|1.03|4.15|3.59|1.83|1.53|5.22,26,9,-8|3|5|28|38|6|-2|67|69|-14|9|26,15.28,-37|14|11|12|17|11|3.1|23|28|0.4|9|16,,0.03|0.02|0|0|0.07|0.04|0.01|0.01,0.04|0.04|0.04|0.04|0.16|0.04|0.04|0.08,0|0|0|0|0|0|0|0|0|0|0|0,9|98|121|166|251|204|154|240|295|221|270|390,-1|7|4|8|23|10|-2|32|53|-5|6|28
Thaai,https://www.screener.in/company/TCL/consolidated/,322 Cr.,132,147 / 74.0,25.3,45.7,0.00 %,13.1 %,13.1 %,10.0,0.97,3.01,0.00 %,2.23 %,24.5 %,24.9 %,9.05 %,9.90 %,%,%,%,%,0.00 %,1.11,0.00 %,0.00 Cr.,0.00 Cr.,Cr.,Consumer Discretionary,Automobile and Auto Components,Auto Components,Auto Components & Equipments,7,6,6,6,4.84|3.55|2.32|2.46|2.54|2.7,35,1,-25|1|35,26.00,28|25|25,,6.56|0.1|0.09|1.26|1.26,0.08|0.05|0|0.02|2.25,0|0|0,71|122|146,11|12|13
Autoline Industr,https://www.screener.in/company/AUTOIND/consolidated/,355 Cr.,78.3,104 / 48.4,14.6,43.4,0.00 %,13.1 %,11.2 %,10.0,0.79,1.58,0.26 %,-0.62 %,9.55 %,10.4 %,2.39 %,3.24 %,8.24 %,118 %,107 %,18.3 %,0.00 %,1.65,0.00 %,0.00 Cr.,0.00 Cr.,0.00 Cr.,Consumer Discretionary,Automobile and Auto Components,Auto Components,Auto Components & Equipments,1.88,30.41,4.83,2.78,1.26|0.24|1.51|0.11|0.61|1.06|6.7|0.41,10,66,69|-16|44|-17|19|23|7|-53|76|11|66|10,8.40,-1|-0.4|1.5|-0.8|1.6|-4|3|8|6|8|10|10,,0.04|0.02|0.08|0.13|0.2|0.29|0.34|0.6,12.31|11.22|11.22|10.67|10.57|10.57|0.62|0,0|0|0|0|0|0|0|0|0|0|0|0,507|311|359|385|452|316|285|568|650|654|659|824,-57|-39|-72|-52|-5|-66|-42|8|11|16|18|38
Radiant Cash,https://www.screener.in/company/RADIANTCMS/consolidated/,378 Cr.,35.4,58.0 / 32.3,11.9,26.1,7.06 %,13.1 %,12.5 %,1.00,1.56,5.27,-0.09 %,0.02 %,13.7 %,21.7 %,7.00 %,11.0 %,6.56 %,-18.2 %,-18.2 %,%,0.00 %,0.70,0.03 %,26.7 Cr.,26.7 Cr.,Cr.,Services,Services,Commercial Services & Supplies,Diversified Commercial Services,5.22,2.96,11.59,7.66,1.17|1.25|0.92|0.69|0.8|1.03|0.51|0.6,18,48,41|48|18,20.50,25|21|22|14,,2.15|0.47|1.02|0.45|0.17|0.17|0.3|0.21,9.61|9.51|8.6|2.31|0.95|0.95|0.95|0.97,0|60|57|83,355|386|427|429,63|44|47|28
Sealmatic India,https://www.screener.in/company/543782/,415 Cr.,382,464 / 313,40.2,103,0.29 %,13.0 %,9.62 %,10.0,3.82,19.3,0.00 %,0.54 %,15.3 %,23.2 %,10.0 %,15.8 %,20.8 %,-1.89 %,-1.77 %,-50.6 %,0.00 %,0.08,0.02 %,1.19 Cr.,1.00 Cr.,0.84 Cr.,Industrials,Capital Goods,Industrial Products,Other Industrial Products,4,6,9,6,6.31|5.09|6.05|2.99|5.93|8.68|5.96|3.52,-1,-3,4|3|-8|-3|-1,22.40,24|29|28|26|20|23|15,,0.65|0|0|0|0.39|0|0|0,4.42|3.35|2.92|0.12|0|0|0|0.54,0|0|0|9|10|6|12,33|35|42|59|71|101|103,5|6|8|11|10|16|10
Tolins Tyres,https://www.screener.in/company/TOLINS/consolidated/,348 Cr.,88.0,201 / 83.0,10.7,91.4,0.00 %,13.0 %,10.4 %,5.00,10.9,23.6,-0.27 %,-0.34 %,14.6 %,19.2 %,10.9 %,13.2 %,%,%,%,%,0.00 %,0.03,0.00 %,0.00 Cr.,0.00 Cr.,Cr.,Consumer Discretionary,Automobile and Auto Components,Auto Components,Tyres & Rubber Products,6.19,8.94,10.49,6.95,2.43|2.76|2.35|2.35|1.76|2.66|2.26|1.57,-40,-61,-4|-61|-40,18.33,21|19|15,,5.41|3.11|0.75|0.39|0.05|0.18|0.27|0,2.15|1.63|1.7|2.18|1.9|2.25|1.78|1.44,0|0|0,227|292|327,26|39|36
Alphalogic Tech.,https://www.screener.in/company/542770/consolidated/,256 Cr.,40.8,93.5 / 32.5,50.0,8.31,0.00 %,13.0 %,10.5 %,5.00,7.28,21.3,0.00 %,0.00 %,18.2 %,9.09 %,15.6 %,8.27 %,31.5 %,15.0 %,13.8 %,44.9 %,5.89 %,0.88,0.00 %,0.00 Cr.,0.00 Cr.,0.00 Cr.,Information Technology,Information Technology,IT - Software,Computers - Software & Consulting,1.70,1.66,2.07,2.25,0.2|0.2|0.17|0.19|0.23|0.22|0.16|0.21,-31.23,2.48,0.66|-5.51|-7.47|0.49|2.48|-31.23,15.05,43.8|3.28|12.56|24.08|11.26|9.09|18.24,,,,0|0|0|0|0|0|0,4.68|5.48|12.02|22.22|53.92|77.96|50.55,2.01|0.69|2.07|4.08|5.29|6.29|7.59
3i Infotech,https://www.screener.in/company/3IINFOLTD/consolidated/,529 Cr.,25.5,27.8 / 12.6,14.0,18.4,0.00 %,13.0 %,11.0 %,10.0,1.13,12.3,0.19 %,0.00 %,-2.59 %,3.27 %,5.43 %,3.76 %,-1.66 %,133 %,132 %,79.3 %,0.00 %,0.16,0.00 %,0.00 Cr.,0.00 Cr.,0.00 Cr.,Information Technology,Information Technology,IT - Software,Computers - Software & Consulting,6.52,7.27,2.09,18.20,-0.48|0.83|1.3|0.37|0.89|0.1|0.35|0.31,-44,32,-51|199|129|93|137|169|79|-50|80|24|32|-44,-3.16,13|-70|16|16|13|5|-5|-3.5|-5|-8|3.3|-2.6,,0.81|0.78|0.46|0.69|0.35|0.32|0.31|0.5,7.78|7.2|6.57|6.57|16.96|14.26|14.26|14.26,0|0|0|0|0|0|0|0|0|0|0|0,1344|1126|1004|991|1122|698|609|677|729|814|726|693,-976|-552|94|71|68|68|391|-57|1|-314|25|35
OCCL,https://www.screener.in/company/OCCLLTD/,770 Cr.,154,184 / 75.0,10.1,86.3,1.82 %,13.0 %,12.2 %,2.00,1.70,16.0,0.13 %,0.00 %,17.8 %,17.3 %,9.94 %,7.00 %,%,"1,260 %",%,%,0.00 %,0.21,0.00 %,14.0 Cr.,7.49 Cr.,Cr.,Commodities,Chemicals,Chemicals & Petrochemicals,Commodity Chemicals,40,19,7,9,1.5|1.05|1.74|2.63|1.74|1.31|3.87|8.06,11,70,0|70|11,17.50,17|18,,0.97|0.19|0.1|0.21|0.04|0.14|0.27,5.69|5.69|5.07|4.97|4.87|4.75|4.75,0|0|35|29,0|0|307|506,0|0|21|48
Artemis Electri.,https://www.screener.in/company/AEPL/,400 Cr.,15.9,26.6 / 13.0,45.4,3.81,0.03 %,13.0 %,9.71 %,1.00,1.60,67.3,0.00 %,0.00 %,15.4 %,15.4 %,11.0 %,10.6 %,11.4 %,10.8 %,10.8 %,118 %,20.7 %,0.02,0.00 %,0.00 Cr.,0.00 Cr.,0.00 Cr.,Industrials,Capital Goods,Electrical Equipment,Other Electrical Equipment,1.31,3.10,0.84,3.56,0.03|0.11|0.15|0.05|0.14|0.03|0.12|0.05,13.62,40.61,0.92|0.8|0.77|3.36|6.74|-33.75|-2.62|1.63|11.67|21.24|40.61|13.62,9.57,6.4|5.36|6.58|16.8|16.02|16.85|7.61|-20.71|18.98|18.69|15.43|15.45,,,,0|0|0|0|0|0|0|0|0|0|0|0,8.91|45.31|47.24|89.48|101.77|106.92|44.95|34.33|58.22|41.36|72.35|80.56,0.32|1.55|1.77|9.56|10.19|12.49|0.16|-11.71|6.51|4.1|7.69|8.86
TGV Sraac,https://www.screener.in/company/TGVSL/,"1,099 Cr.",103,131 / 78.1,7.92,121,0.97 %,13.0 %,10.5 %,10.0,1.09,9.48,-0.04 %,-0.04 %,18.2 %,13.1 %,6.68 %,5.16 %,-5.70 %,-28.9 %,-28.9 %,35.2 %,0.00 %,0.28,0.03 %,10.7 Cr.,10.7 Cr.,8.57 Cr.,Commodities,Chemicals,Chemicals & Petrochemicals,Commodity Chemicals,45,28,28,37,3.07|2.22|2.03|3.62|3.46|2.62|2.61|4.24,338,197,65|50|142|153|202|122|132|168|429|164|197|338,16.60,14|13|15|17|19|15|15|20|23|9|13|18,,0|0|0|0|0.45|0.31|0.16|0.12,0.02|0.02|0.02|0.02|0.02|0.02|0.11|0.07,0|0|0|0|0|0|0|0|3|18|12|8,777|816|908|1046|1205|1040|1009|1525|2326|1546|1749|1950,22|24|17|30|68|47|29|134|362|61|92|132
KM Sugar Mills,https://www.screener.in/company/KMSUGAR/consolidated/,263 Cr.,28.6,36.5 / 22.6,5.47,42.6,0.00 %,13.0 %,13.8 %,2.00,1.20,7.40,-0.07 %,0.00 %,13.2 %,12.6 %,7.63 %,5.48 %,4.59 %,29.5 %,29.5 %,13.8 %,0.00 %,0.64,0.00 %,0.00 Cr.,0.00 Cr.,0.37 Cr.,Fast Moving Consumer Goods,Fast Moving Consumer Goods,Agricultural Food & other Products,Sugar,7.83,9.24,20.59,10.46,0.53|1.37|1.2|1.43|1.14|2.24|1|0.85,89,31,11|70|15|72|6|-3|7|5|73|29|31|89,11.80,6|9|15|3.7|10|9|11|13|9|11|13|13,,0.21|0.15|0.13|0.24|0.16|0.11|0.19|0.12,0|0|0|0|0.55|0.55|0|0,0|0|0|0|0|0|0|4|0|0|0|0,550|346|340|463|390|531|503|548|576|657|659|658,7|12|28|19|24|19|26|41|23|28|36|53
Cool Caps,https://www.screener.in/company/COOLCAPS/consolidated/,314 Cr.,26.7,99.5 / 19.0,31.0,6.65,0.00 %,12.9 %,15.2 %,2.00,0.92,2.02,0.00 %,0.00 %,1.71 %,0.85 %,1.91 %,5.06 %,43.0 %,21.0 %,51.6 %,33.4 %,10.4 %,1.72,1.26 %,0.00 Cr.,0.00 Cr.,0.00 Cr.,Industrials,Capital Goods,Industrial Products,Packaging,3,5,7,5,0.18|0.07|0.16|0.01|0.22|0.3|0.22|0.27,32,6,3|-1|9|6|6|32,5.90,23|14|8|5|0.8|1.7,,0|0|0|0.04|0.01|0|0|0,,0|0|0|0|0|0,31|53|182|153|238|531,5|4|6|4|12|8
United Van Der,https://www.screener.in/company/522091/,261 Cr.,37.9,62.7 / 28.1,60.7,7.71,1.06 %,12.9 %,10.1 %,1.00,1.36,3.63,0.00 %,0.00 %,37.9 %,35.6 %,16.5 %,14.1 %,24.1 %,31.0 %,22.2 %,59.0 %,0.00 %,0.62,0.00 %,2.76 Cr.,2.07 Cr.,1.21 Cr.,Industrials,Capital Goods,Electrical Equipment,Heavy Electrical Equipment,1.12,0.36,0.82,2.00,0.27|0.19|0.14|0.3|0.29|0.12|0.05|0.16,0.08,11.64,0.85|-0.2|0.37|-3.81|0.56|1.43|0.27|1.62|2.47|2.46|11.64|0.08,32.49,1.14|-6.29|-141.48|-7.29|26.96|25.86|33.26|22.61|35.01|31.32|35.62|37.91,,,0.02|0.02|0.02|0.02|0.02|0.02|0|0,0|0|0|0|0|0|0|0|0|67.17|47.41|52.8,5.26|3.5|1.76|3.84|5.86|7.81|8.99|11.63|16.71|22.83|30.04|31.94,-0.93|-0.15|-6.83|-0.65|-2.18|1.34|0.36|1.75|2.34|1.84|4.36|5.22
Solarium Green,https://www.screener.in/company/544354/,286 Cr.,137,374 / 129,15.6,77.9,0.00 %,12.9 %,12.0 %,10.0,1.42,3.27,-0.22 %,-1.45 %,8.27 %,11.4 %,4.97 %,8.11 %,55.0 %,119 %,14.8 %,%,0.00 %,0.96,0.24 %,0.00 Cr.,0.00 Cr.,0.00 Cr.,Industrials,Construction,Construction,Civil Construction,11,9,11,8,4.91|5.3|4.42|5.39,18,-62,6|-4|0|-62|18,8.36,2.8|6|14|11|8,,2.87|0.22|0,6.16|3.15|1.7,0|0|0|0|0,167|99|177|230|368,2|2|16|19|20
Sharat Industrie,https://www.screener.in/company/SHINDL/,634 Cr.,162,180 / 119,37.7,39.4,0.15 %,12.9 %,10.9 %,10.0,2.04,3.05,0.07 %,0.00 %,6.87 %,7.51 %,3.03 %,2.62 %,16.5 %,34.4 %,34.7 %,41.7 %,0.00 %,0.81,0.00 %,0.00 Cr.,0.95 Cr.,0.31 Cr.,Fast Moving Consumer Goods,Fast Moving Consumer Goods,Food Products,Seafood,6.28,0.05,4.74,5.74,0.94|0.67|0.14|1.38|1.46|1.21|0.01|1.6,1,-26,-2|-2|7|-3|-3|7|-11|2|17|-2|-26|1,6.80,4.8|7|3.9|5|6|6|4.5|6|6|7|8|7,,0.23|0.2|0.2|0.2|0.18|0|0|0.07,0.22|0.22|0.22|0.22|0.22|0.22|0.59|0.59,0|0|0|0|0|0|0|0|0|10|10|0,199|145|158|147|193|199|250|246|332|302|381|525,3|2|2|1|3|2|3|3|7|6|10|16
Kataria Indust.,https://www.screener.in/company/KATARIA/,320 Cr.,149,150 / 85.5,26.4,56.3,0.00 %,12.9 %,10.5 %,10.0,3.77,16.8,-0.05 %,0.00 %,6.40 %,5.79 %,3.66 %,3.00 %,-0.03 %,19.8 %,-40.5 %,-18.3 %,0.00 %,0.19,0.00 %,1.08 Cr.,0.00 Cr.,0.22 Cr.,Industrials,Capital Goods,Industrial Manufacturing,Industrial Products,8,4,6,5,24.16|2.56|2.47|2.61|2.03|3.6,20,7,2|6|2|62|7|20,6.80,10|8|6|8|6|6,,5.98|4.01|0.05|0,,0|0|0|0|0|9,158|249|331|339|351|331,5|7|8|10|11|12
Worth Peripheral,https://www.screener.in/company/WORTHPERI/consolidated/,232 Cr.,148,202 / 103,15.0,119,0.68 %,12.9 %,8.14 %,10.0,2.84,19.6,0.00 %,0.00 %,10.9 %,10.1 %,6.12 %,6.29 %,0.82 %,-6.67 %,-6.67 %,2.58 %,0.00 %,0.22,0.04 %,1.58 Cr.,1.58 Cr.,1.58 Cr.,Industrials,Capital Goods,Industrial Products,Packaging,5.25,4.56,4.08,5.55,1.93|2.6|3.17|2.18|2.9|2.02|2.19|2.65,30,21,10|8|16|17|13|16|34|13|21|30,10.40,11|14|13|14|13|10|12|9|10|11,,0|0|0.01|0|0|0|0|0,,0|0|18|23|20|8|9|10|10|11,138|158|193|175|217|293|297|238|276|305,11|7|15|15|18|21|21|16|17|19
Krishca Strapp.,https://www.screener.in/company/KRISHCA/,261 Cr.,164,225 / 138,22.5,85.0,0.00 %,12.9 %,10.1 %,10.0,1.20,3.73,0.00 %,-2.01 %,12.3 %,15.2 %,4.97 %,7.86 %,47.8 %,7.52 %,-9.94 %,37.5 %,0.00 %,0.62,-3.33 %,0.00 Cr.,0.00 Cr.,0.00 Cr.,Industrials,Capital Goods,Industrial Products,Iron & Steel Products,5,6,6,5,4.71|6.26|3.83|4.44|4.34|3.65,44,-20,-1|-1|0|11|-1|-20|44,16.20,-151|6|17|19|18|15|12,,0|0.78|0|0.02|0.01|0|0|0,0|0|0|0|2.33|2.35|1.77|0.38,0|0|0|0|0|0|0,1|9|19|72|105|149|234,-2|-1|2|9|13|12|12
Sh.Pushkar Chem.,https://www.screener.in/company/SHREEPUSHK/consolidated/,"1,663 Cr.",514,545 / 272,23.1,189,0.41 %,12.9 %,12.1 %,10.0,1.22,15.6,0.08 %,-0.29 %,10.2 %,10.4 %,7.10 %,7.16 %,12.6 %,23.2 %,22.3 %,18.6 %,0.00 %,0.22,0.00 %,6.79 Cr.,6.47 Cr.,5.78 Cr.,Commodities,Chemicals,Chemicals & Petrochemicals,Dyes And Pigments,23,13,18,18,4.12|4.92|5.11|6.48|5.63|5.59|3.98|7.09,102,38,17|-5|56|76|41|42|50|16|38|102,10.40,17|15|15|15|12|14|10|8|10|10,,1.62|0.41|0.86|0.42|1.47|0.59|0.42|0.5,0|0|0|0|0|0.38|0.29|0,15|0|11|0|11|11|13|13|11|10,306|395|452|346|355|584|684|726|806|977,30|37|41|36|29|56|37|37|59|70
Yash Optics,https://www.screener.in/company/YASHOPTICS/,332 Cr.,134,154 / 97.5,36.6,40.2,0.37 %,12.8 %,9.53 %,10.0,6.93,13.3,0.00 %,0.00 %,27.3 %,29.1 %,16.8 %,21.0 %,10.8 %,4.07 %,-92.3 %,-67.8 %,0.00 %,0.05,0.01 %,1.24 Cr.,0.00 Cr.,0.25 Cr.,Consumer Discretionary,Consumer Durables,Consumer Durables,Diversified consumer products,5.93,3.12,5.04,4.55,4010|4290|2.6|1.84|2.04|1.26|2.39,10.26,5.68,-0.05|7.72|-12.14|-12.39|5.68|10.26,31.54,13.7|34.35|31.44|35.51|29.11|27.3,,1.71|0.75|0|0,0.98|0.96|0.01|0.01,0|0|0|0|0|13.69,14.96|29.75|39.7|41.11|43.21|53.99,1.06|6.82|8.03|9.02|9.59|9.05
Shree Karni,https://www.screener.in/company/SHREEKARNI/consolidated/,267 Cr.,370,712 / 317,17.6,161,0.00 %,12.8 %,14.6 %,10.0,1.26,4.69,0.00 %,-0.17 %,15.3 %,16.9 %,7.52 %,9.29 %,17.0 %,48.9 %,%,%,0.00 %,0.84,-0.04 %,0.18 Cr.,0.00 Cr.,Cr.,Consumer Discretionary,Textiles,Textiles & Apparels,Other Textile Products,9,6,11,5,4.06|17.93|6.89|14.48|8.54|12.55,16,-7,-7|-7|16,15.75,12|19|17|15,,5.05|0.07|0.04|0.04|0|0,3.39|1.81|1.79|2.48|1.88|1.71,0|0|0|1,127|137|167|204,5|15|16|15
Mafatlal Inds.,https://www.screener.in/company/MAFATIND/consolidated/,863 Cr.,120,205 / 107,14.4,107,2.09 %,12.8 %,12.1 %,2.00,1.25,9.62,-0.07 %,-0.17 %,2.37 %,2.43 %,2.35 %,3.58 %,41.3 %,64.8 %,63.7 %,26.1 %,0.00 %,0.08,-0.02 %,16.2 Cr.,7.19 Cr.,4.68 Cr.,Consumer Discretionary,Textiles,Textiles & Apparels,Other Textile Products,15,18,4,22,2.78|3.4|3.23|6.35|3.03|0.62|2.49|2.03,141,-84,7|-35|88|12|8|24|7|10|-7|159|-84|141,2.06,1.9|3|1.2|-0.7|-6|-0.7|-8|1.2|2.1|2.2|2.4|2.4,,0.59|0.59|0.59|0.55|0.55|0.41|0.41|0.34,0.8|0.78|0.6|0.34|0.34|0.34|0.29|0.12,18|24|68|-7|0|0|0|0|0|0|7|18,1013|1323|1238|1168|1024|1006|603|1003|1372|2079|2807|3871,24|17|4|-42|-180|-14|-94|29|37|99|98|89
Servotech Renew,https://www.screener.in/company/SERVOTECH/consolidated/,"1,644 Cr.",72.8,142 / 57.5,43.9,12.8,0.03 %,12.8 %,12.8 %,1.00,1.46,3.99,-0.09 %,0.00 %,10.0 %,8.24 %,4.72 %,4.84 %,34.1 %,44.9 %,42.0 %,90.3 %,4.24 %,0.73,0.00 %,0.45 Cr.,1.12 Cr.,1.12 Cr.,Industrials,Capital Goods,Electrical Equipment,Other Electrical Equipment,8.06,11.21,15.51,0.39,0.51|0.41|0.35|0.23|0.06|0.65|0.54|0.41,-2,-55,3|8|-24|1|-55|-2,7.40,6|6|7|6|8|10,,5.95|2.77|2.89|2.99|1.78|0.73|0.14|0.05,,0|9|23|9|3|1,87|144|278|353|674|672,1|4|11|12|33|32
Subex,https://www.screener.in/company/SUBEXLTD/consolidated/,"1,134 Cr.",20.1,21.9 / 6.61,35.0,6.08,0.00 %,12.8 %,9.90 %,5.00,2.41,16.1,-0.50 %,-0.01 %,9.33 %,-5.09 %,11.5 %,-12.8 %,0.04 %,37.8 %,37.8 %,-8.51 %,0.00 %,0.08,0.00 %,0.00 Cr.,0.00 Cr.,0.00 Cr.,Information Technology,Information Technology,IT - Software,Software Products,14,10,3,3,0.01|-0.06|-0.31|0.23|0.05|0.05|0.18|0.25,72,10,64|66|54|54|55|66|91|-8|9|-8|10|72,-0.20,24|28|25|11|15|24|27|11|-11|-5|-5|9,,1.06|1.02|1.74|0.77|0.77|0.93|1.1|0.6,0.01|0.01|0.01|0.01|0.01|0.01|0.01|0,0|0|0|0|0|0|82|0|0|0|0|0,360|322|357|324|348|365|372|333|279|310|286|279,10|-74|-43|21|25|-269|52|21|-51|-192|-31|29
Yogi Ltd,https://www.screener.in/company/YOGI/consolidated/,738 Cr.,164,192 / 130,56.5,32.2,0.15 %,12.8 %,16.7 %,10.0,1.32,2.83,0.00 %,0.00 %,6.99 %,-0.21 %,4.82 %,1.31 %,%,%,%,%,11.4 %,1.82,1.59 %,1.08 Cr.,0.00 Cr.,Cr.,Financial Services,Financial Services,Finance,Non Banking Financial Company (NBFC),-1.62,3.70,1.86,9.29,-0.07|-0.06|0.46|1.46|2.15|0.34|0.92|-0.37,-192,-72,-24|-72|-192,,,,,,0|0|5,,0|1|21
IST,https://www.screener.in/company/ISTLTD/consolidated/,774 Cr.,664,913 / 518,4.71,"1,451",0.00 %,12.7 %,9.70 %,5.00,4.70,48.7,0.00 %,0.01 %,59.2 %,71.5 %,122 %,122 %,1.38 %,23.0 %,23.0 %,10.3 %,0.00 %,0.00,0.00 %,0.00 Cr.,0.00 Cr.,0.00 Cr.,Consumer Discretionary,Automobile and Auto Components,Auto Components,Auto Components & Equipments,83,-10,62,29,40.4|19.98|14.38|62.03|24.55|53.17|-8.14|71.25,85,42,37|68|72|74|79|78|75|37|114|5|42|85,66.60,72|72|71|79|78|70|75|65|63|75|71|59,,,1.1|1.1|1.1|1.1|1.1|1.1|1.1|1.11,0|0|0|0|0|0|0|0|0|0|0|0,76|78|107|111|116|118|137|125|121|110|115|126,58|70|86|100|98|80|96|97|82|126|140|154
Laxmi India Fin.,https://www.screener.in/company/LAXMIINDIA/,665 Cr.,127,170 / 70.9,11.8,89.0,0.00 %,12.7 %,13.8 %,5.00,11.9,1.53,-0.18 %,0.98 %,64.1 %,65.8 %,15.7 %,14.6 %,34.8 %,46.2 %,%,%,0.00 %,2.87,-0.14 %,0.00 Cr.,0.00 Cr.,0.00 Cr.,Financial Services,Financial Services,Finance,Non Banking Financial Company (NBFC),17,21,10,9,4.14|1.47|3.48|2.34|1.8|1.92|3.93|3.16,-280,-311,-5|-19|-169|-224|-311|-280,,,,4.61|3.31|1.58|1.4,5.02|4.61|4.34|5.32,0|0|0|0|0|0,,10|15|16|22|36|50
Mahickra Chem.,https://www.screener.in/company/MAHICKRA/,307 Cr.,314,314 / 131,59.6,68.4,0.05 %,12.7 %,10.1 %,10.0,3.06,5.31,0.00 %,0.00 %,7.19 %,4.96 %,4.85 %,2.81 %,1.06 %,15.0 %,8.14 %,6.63 %,0.00 %,0.24,-8.17 %,0.15 Cr.,0.16 Cr.,0.32 Cr.,Commodities,Chemicals,Chemicals & Petrochemicals,Dyes And Pigments,4,1,1,1,1.96|2.09|0.6|0.71|1.66|1.47|1.12|4.35,-8,-0,-11|-4|-3|-2|3|2|-1|0|-8,3.40,3.9|1.3|0.6|2.4|1.7|2.4|0.9|5|7,,0.59|0.59|0.59|0.59|0.59|0.59|0|0,0|0|0|0|0|0|0|0,0|0|8|5|16|16|23|6|3,20|80|94|86|102|103|72|90|106,1|2|3|3|3|3|1|3|5
Krsnaa Diagnost.,https://www.screener.in/company/KRSNAA/,"1,755 Cr.",541,894 / 502,17.7,306,0.37 %,12.7 %,10.9 %,5.00,2.82,4.01,0.37 %,0.62 %,30.8 %,28.8 %,14.9 %,11.6 %,14.2 %,17.4 %,16.2 %,-35.6 %,0.00 %,0.54,0.00 %,6.49 Cr.,8.88 Cr.,7.99 Cr.,Healthcare,Healthcare,Healthcare Services,Healthcare Service Provider,16,43,16,23,6.8|6.69|6.53|6.03|7.16|5.08|13.37|4.88,134,89,59|61|38|119|129|75|24|89|134,28.40,0.6|26|-57|41|-44|24|30|27|25|29|31,,3.63|4.04|3.55|3.4|3.66|4.17|3.91|4.28,15.86|14.46|14.26|14.24|14.96|13.85|13.89|14.51,0|0|0|0|0|0|11|14|14|11|6,36|57|108|147|258|396|455|464|590|682|691,-8|2|-60|12|-112|185|71|64|59|83|103
Shiva Texyarn,https://www.screener.in/company/SHIVATEX/,218 Cr.,169,228 / 120,23.8,111,0.36 %,12.7 %,8.93 %,10.0,1.34,2.15,0.00 %,0.00 %,11.4 %,10.6 %,3.66 %,3.81 %,-6.07 %,39.5 %,39.5 %,4.60 %,0.00 %,0.51,0.00 %,0.78 Cr.,0.78 Cr.,0.67 Cr.,Consumer Discretionary,Textiles,Textiles & Apparels,Other Textile Products,1.72,0.32,1.65,5.48,1.94|1.39|4.78|1.75|4.23|1.27|0.25|1.33,50,13,93|27|45|17|14|41|69|20|67|2|13|50,7.76,12|12|12|12|12|9|13|12|2.1|2.7|11|11,,0|0|0|0|0|0|0|0,0.01|0.01|0.01|0.01|0.01|0.01|0.01|0.01,24|22|34|18|21|0|13|9|0|0|7|8,459|443|383|359|354|368|341|477|411|335|323|341,9|11|10|11|7|2|12|20|-7|-11|12|10
Protean eGov,https://www.screener.in/company/PROTEAN/consolidated/,"1,999 Cr.",490,940 / 444,23.2,265,2.04 %,12.7 %,10.0 %,10.0,1.54,15.1,-2.61 %,-0.09 %,11.6 %,9.56 %,10.4 %,11.0 %,10.4 %,-0.99 %,-1.13 %,3.01 %,0.00 %,0.08,0.00 %,40.6 Cr.,40.6 Cr.,68.8 Cr.,Information Technology,Information Technology,IT - Services,IT Enabled Services,5.86,30.38,22.50,23.86,6.92|5.66|5.03|5.88|5.88|5.54|7.48|1.44,78,193,136|54|100|11|-8|58|193|78,13.20,23|21|14|18|16|10|10|12,,6.71|9.9|10.9|8.78|7.77|7.54|8.62|6.01,28.87|30.09|27.8|24.75|21.68|21.45|21.25|21.16,0|0|0|126|38|42|44|40,755|716|603|691|741|882|841|998,124|121|92|144|107|97|92|101
B.L.Kashyap,https://www.screener.in/company/BLKASHYAP/consolidated/,"1,189 Cr.",52.7,66.4 / 40.3,32.3,23.4,0.00 %,12.6 %,1.97 %,1.00,1.30,2.48,-0.03 %,-0.01 %,7.41 %,5.66 %,0.75 %,-1.53 %,7.51 %,-37.9 %,-37.9 %,2.14 %,94.4 %,0.57,0.01 %,0.00 Cr.,0.00 Cr.,0.00 Cr.,Industrials,Construction,Construction,Civil Construction,10,-13,12,-9,0.42|0.05|-0.14|0.48|-0.38|0.52|-0.56|0.44,115,77,-35|117|245|117|164|-23|-181|87|20|79|77|115,7.80,2.2|8|10|8|7|2.6|8|8|9|9|6|7,,1.87|0.59|0.72|0.4|0.34|0.31|0.29|0.26,0|0.35|0.92|0.88|0.59|0.17|0.18|0.17,0|0|0|0|0|0|0|0|0|0|0|0,834|860|924|1012|769|820|762|1158|1110|1245|1154|1379,-58|-6|5|21|-6|-63|-58|44|22|53|27|2
Zee Learn,https://www.screener.in/company/ZEELEARN/consolidated/,225 Cr.,6.86,10.4 / 4.17,8.35,7.19,0.00 %,12.6 %,11.0 %,1.00,1.01,2.37,0.13 %,0.08 %,31.1 %,27.8 %,7.09 %,4.94 %,1.02 %,36.2 %,36.2 %,35.1 %,29.2 %,1.61,-0.03 %,0.00 Cr.,0.00 Cr.,0.00 Cr.,Consumer Discretionary,Consumer Services,Other Consumer Services,Education,8.42,45.42,-2.65,-6.14,-0.12|-0.11|0.52|0.06|-0.19|-0.08|1.39|0.26,108,83,33|47|189|249|21|122|12|62|42|60|83|108,23.20,24|29|33|38|31|33|17|20|10|27|28|31,,5.98|6.38|6.41|6.45|6.57|6.39|6.38|6.51,0.03|0.03|0|0|0|0.17|0.22|0.3,0|0|10|7|4|0|0|0|0|0|0|0,128|152|180|269|517|515|257|248|324|356|372|334,10|15|34|49|83|25|-21|-13|-462|156|13|39
Aprameya Enginee,https://www.screener.in/company/APRAMEYA/,217 Cr.,114,360 / 102,43.0,36.4,0.00 %,12.6 %,7.54 %,10.0,7.03,2.97,0.00 %,-0.07 %,19.0 %,18.0 %,9.21 %,11.9 %,-11.2 %,-2.57 %,-12.1 %,%,0.00 %,0.10,0.52 %,0.00 Cr.,0.00 Cr.,0.00 Cr.,Healthcare,Healthcare,Healthcare Equipment & Supplies,Medical Equipment & Supplies,-1.72,6.76,17.84,-1.73,-0.91|9.37|3.55|-0.9,31.48,-10.64,0.06|3.58|10.41|-13.49|-9.97|-10.64|31.48,17.51,13|9.29|28.71|12.1|9.75|17.98|19.01,,2.47|0.41|0|0,5.38|0.72|0.77|0.7,0|0|0|0|0|0|0,12.23|25.93|35|78.12|65.16|135.71|54.75,0.65|0.86|7.46|5.45|3.49|16.12|5.04
Aeroflex Enter.,https://www.screener.in/company/AEROENTER/consolidated/,"1,420 Cr.",125,160 / 62.2,9.35,73.1,0.32 %,12.6 %,8.41 %,2.00,4.25,47.1,0.71 %,0.01 %,17.6 %,17.9 %,12.2 %,13.3 %,14.4 %,17.3 %,17.3 %,49.4 %,0.00 %,0.05,0.71 %,4.52 Cr.,3.39 Cr.,3.05 Cr.,Industrials,Capital Goods,Industrial Products,Iron & Steel Products,103,26,25,20,1.31|1.24|0.98|0.9|1.24|1.42|2.12|8.54,18,37,0|18|-26|-21|37|28|19|17|-7|-246|37|18,16.00,-207|0.2|4.1|10|14|7|13|17|12|15|18|18,,0.6|0.56|0.5|0.5|0.46|0.56|0.54|1.25,0|0|0.04|0.04|0.04|0.04|0.06|0.07,0|0|0|15|8|0|13|5|5|1|6|7,9|92|91|100|230|225|205|347|466|500|578|697,-18|-2|21|7|16|3|9|39|45|274|81|85
Mamata Machinery,https://www.screener.in/company/MAMATA/consolidated/,994 Cr.,404,510 / 297,90.6,75.2,0.12 %,12.6 %,9.64 %,10.0,2.14,18.8,0.19 %,0.09 %,9.52 %,21.4 %,7.37 %,16.0 %,5.07 %,-8.59 %,-54.8 %,-57.2 %,0.00 %,0.05,0.00 %,1.23 Cr.,1.23 Cr.,0.58 Cr.,Industrials,Capital Goods,Industrial Manufacturing,Industrial Products,-3.47,0.01,7.87,4.53,1.89|3.56|11.02|1.08|1.84|3.2|0|-1.41,2,72,12|22|37|17|40|72|2,15.80,1.1|16|16|12|20|21|10,,1.46|0.26|0.04|0.2|0.05|0.16|0.35,3.7|1.47|0.86|0.27|0.32|1.66|1.75,14|0|1|1|0|3|8,114|148|192|201|237|255|233,1|15|22|23|36|41|15
Rubfila Intl.,https://www.screener.in/company/RUBFILA/,366 Cr.,67.4,86.9 / 57.3,13.9,54.7,2.97 %,12.6 %,9.31 %,5.00,6.97,"1,188",0.00 %,0.00 %,7.37 %,8.03 %,5.14 %,5.26 %,11.3 %,3.99 %,3.99 %,-2.80 %,0.00 %,0.00,0.20 %,10.8 Cr.,10.8 Cr.,8.84 Cr.,Industrials,Capital Goods,Industrial Products,Rubber,6.00,8.25,4.93,7.16,0.85|1.21|1.42|1.1|1.32|0.91|1.52|1.11,-11,23,6|6|11|4|36|37|12|33|30|20|23|-11,9.20,14|9|11|15|11|9|16|15|9|7|8|7,,0|0|0.01|0.03|0.17|0.13|0.01|0.01,,24|27|26|21|28|39|23|22|28|34|44|41,161|164|176|215|214|228|270|417|371|386|468|512,14|8|13|21|17|15|30|43|23|19|25|26
IZMO,https://www.screener.in/company/IZMO/consolidated/,"1,400 Cr.",934,"1,380 / 562",26.0,273,0.00 %,12.6 %,12.4 %,10.0,2.61,32.9,0.08 %,0.03 %,18.3 %,17.4 %,16.7 %,10.4 %,22.8 %,33.4 %,28.6 %,9.49 %,0.00 %,0.01,0.00 %,0.00 Cr.,0.00 Cr.,0.00 Cr.,Information Technology,Information Technology,IT - Services,IT Enabled Services,12,17,12,13,21.13|4.07|4.63|4.03|8.43|7.82|11.56|8.15,20,4,1|11|9|25|32|41|37|16|30|31|4|20,19.00,10|18|24|28|22|20|24|18|20|22|17|18,,4.29|4.35|4.26|4.18|3.31|3.26|3.27|3.35,0|0|0|0.28|0.81|0.51|0.49|0.52,0|0|0|0|0|0|0|0|0|0|0|0,33|43|54|63|92|101|116|132|154|187|225|285,-4|2|5|6|7|11|27|16|20|26|49|48
Meenakshi (I),https://www.screener.in/company/544831/,453 Cr.,402,446 / 282,30.4,,0.00 %,12.5 %,8.47 %,10.0,5.73,29.0,%,%,7.17 %,17.8 %,7.02 %,12.4 %,0.62 %,-15.5 %,%,%,0.00 %,0.03,%,0.00 Cr.,0.00 Cr.,Cr.,Consumer Discretionary,Textiles,Textiles & Apparels,Garments & Apparels,7.13,4.52,2.36,2.82,2.51|2.1|4.02|6.34,17,17,11|17|17,13.00,14|18|7,,,,0|0|0,148|166|151,18|39|10
MMP Industries,https://www.screener.in/company/MMP/consolidated/,"1,186 Cr.",467,498 / 185,26.6,136,0.43 %,12.5 %,11.5 %,10.0,1.26,5.10,0.00 %,0.00 %,7.88 %,9.29 %,4.68 %,5.67 %,15.2 %,21.9 %,21.9 %,17.2 %,0.00 %,0.53,0.01 %,5.08 Cr.,3.81 Cr.,3.56 Cr.,Commodities,Metals & Mining,Non - Ferrous Metals,Aluminium,14,18,11,7,2.3|4.27|4.28|-2.13|2.76|4.5|7.08|5.39,53,57,6|14|14|14|10|18|36|19|33|43|57|53,8.20,9|11|10|12|11|11|11|9|7|8|9|8,,0|0.03|0.02|0.07|0|0.01|0.02|0.02,0|0|0|0|0|0|0|0,0|0|0|0|0|0|15|9|12|12|10|16,157|180|203|243|261|242|231|448|538|579|692|824,4|9|17|19|23|19|17|29|21|32|39|31
Manba Finance,https://www.screener.in/company/MANBA/,672 Cr.,134,155 / 98.0,13.8,81.6,0.75 %,12.5 %,11.6 %,10.0,22.2,1.40,0.05 %,0.00 %,65.9 %,64.8 %,13.8 %,15.1 %,35.0 %,43.9 %,-9.33 %,-2.21 %,0.00 %,3.80,0.00 %,5.02 Cr.,3.77 Cr.,1.76 Cr.,Financial Services,Financial Services,Finance,Non Banking Financial Company (NBFC),13,11,13,11,2.32|2.58|1.6|1.94|2.27|2.6|2.22|2.64,-378,-320,7|73|18|-124|-141|-320|-378,,,,5.16|2.35|0.92|0.87|0.88|0.92|0.87|0.92,3.26|0.42|0|0|0|0|0|0,0|0|0|0|0|0|0|10|11,,4|14|18|9|9|15|31|38|45
Tejas Cargo,https://www.screener.in/company/TEJASCARGO/,970 Cr.,406,436 / 251,45.1,80.9,0.00 %,12.5 %,11.7 %,10.0,1.28,2.65,0.01 %,-0.25 %,17.5 %,19.3 %,3.42 %,3.82 %,17.8 %,31.0 %,-90.2 %,%,0.00 %,1.14,0.44 %,0.00 Cr.,0.00 Cr.,0.00 Cr.,Services,Services,Transport Services,Logistics Solution Provider,8,13,10,9,4.97|4.35|5.25|3.48,59,63,-5|17|48|63|59,12.76,3.8|8|16|19|17,,12.32|12.12|12.13,0.25|0.25|0,0|0|0|0|0,209|384|419|501|628,3|10|13|19|21
Mangal Credit,https://www.screener.in/company/MANCREDIT/,472 Cr.,223,287 / 152,26.2,81.8,0.34 %,12.5 %,9.77 %,10.0,7.26,1.70,0.12 %,-0.09 %,77.8 %,77.0 %,21.9 %,26.8 %,48.7 %,24.6 %,21.0 %,19.6 %,0.00 %,1.92,0.00 %,1.58 Cr.,1.47 Cr.,1.23 Cr.,Financial Services,Financial Services,Finance,Non Banking Financial Company (NBFC),5.69,5.48,3.83,2.98,1.65|1.78|1.34|1.53|1.41|1.81|2.6|2.69,-114,-49,48|0|-8|15|2|-9|-5|-11|-46|-54|-49|-114,,,,0|0.08|0|0.15|0.01|0.05|0|0.12,0.01|0.01|0.01|0.01|0.01|0.11|0.1|0.01,8|0|15|21|16|9|17|16|12|11|11|10,,1|1|3|5|6|11|6|6|8|11|13|15
Pansari Develop.,https://www.screener.in/company/PANSARI/consolidated/,497 Cr.,285,389 / 233,25.2,88.4,0.00 %,12.5 %,13.8 %,10.0,1.15,7.21,0.00 %,0.00 %,15.4 %,31.8 %,20.7 %,18.8 %,62.2 %,118 %,118 %,39.5 %,0.00 %,0.65,0.00 %,0.00 Cr.,0.00 Cr.,0.00 Cr.,Consumer Discretionary,Realty,Realty,"Residential, Commercial Projects",3.98,8.25,4.24,3.26,0.54|1.21|3.09|2.37|1.87|2.43|4.73|2.28,-9,-16,1|-15|-29|9|4|5|20|10|-22|11|-16|-9,18.60,43|45|58|55|18|21|25|13|20|13|32|15,,,,0|0|0|0|0|0|0|0|0|0|0|0,10|7|3|6|10|35|36|60|23|56|40|96,5|3|1|3|2|3|4|4|2|5|8|20
Prakash Pipes,https://www.screener.in/company/PPL/,642 Cr.,269,334 / 163,13.0,200,1.27 %,12.5 %,9.38 %,10.0,2.11,24.6,0.43 %,0.02 %,8.43 %,15.6 %,5.48 %,10.6 %,3.61 %,-9.66 %,-9.66 %,3.86 %,0.00 %,0.04,0.00 %,5.74 Cr.,5.74 Cr.,4.31 Cr.,Industrials,Capital Goods,Industrial Products,Plastic Products - Industrial,16,13,10,9,10.16|9.66|4.3|4.31|3.91|4.23|5.64|6.87,20,73,0|20|14|30|51|42|120|73|20,13.00,11|10|12|13|12|16|16|8,,2|1.67|1.29|1|0.54|0.46|0.43|0.86,0.01|0.01|0.01|0.01|0.01|0.01|0.01|0.03,9|10|8|6|4|5|7|13,0|341|385|476|617|709|669|780|789,0|29|25|36|47|71|90|83|43
Cropster Agro,https://www.screener.in/company/523105/,207 Cr.,2.47,24.0 / 2.47,13.7,1.45,0.00 %,12.4 %,12.0 %,1.00,4.38,,0.00 %,0.00 %,8.13 %,6.74 %,7.86 %,6.69 %,%,389 %,36.6 %,24.0 %,0.00 %,0.00,0.00 %,0.00 Cr.,0.00 Cr.,0.00 Cr.,Industrials,Capital Goods,Industrial Products,Packaging,5.34,1.47,4.21,4.12,0.04|0.04|0.04|0.05|0.05|0.05|0.02|0.06,-1,-36,0|0|0|0|0|0|0|0|0|-36|-36|-1,11.00,18|7|8,,,,0|0|0|0|0|0|0|0|0|0|0|0,0|0|0|0|0|0|0|0|0|61|194|175,0|0|0|0|0|0|0|0|0|11|13|14
India Glycols,https://www.screener.in/company/INDIAGLYCO/consolidated/,"1,768 Cr.",264,323 / 168,5.58,438,2.84 %,12.4 %,11.3 %,5.00,0.74,3.78,-0.03 %,0.02 %,15.4 %,13.6 %,6.94 %,6.10 %,16.7 %,38.7 %,35.1 %,12.0 %,0.00 %,0.58,0.00 %,50.3 Cr.,31.0 Cr.,30.5 Cr.,Fast Moving Consumer Goods,Fast Moving Consumer Goods,Beverages,Breweries & Distilleries,97,87,68,65,8.02|9.16|10.33|11.81|10.51|10.09|12.97|14.45,769,362,-171|1231|302|502|147|343|137|116|326|439|362|769,12.60,4.8|8|9|11|12|11|13|9|12|13|14|15,,2.9|2.44|2.24|3.44|2.62|2.42|2.27|2.24,1.93|2|0.91|1.39|1.34|5.22|5.19|5.21,0|0|9|13|14|16|14|7|19|14|13|17,2579|2324|2500|3034|3357|2735|2317|2868|2651|3294|3768|4211,-89|-57|35|97|133|115|132|340|141|173|231|293
Annapurna Swadi.,https://www.screener.in/company/ANNAPURNA/consolidated/,289 Cr.,133,287 / 121,8.54,151,0.00 %,12.4 %,9.71 %,10.0,1.43,3.59,-0.66 %,-0.14 %,14.0 %,11.6 %,6.10 %,4.84 %,48.1 %,62.3 %,47.6 %,%,87.4 %,0.76,0.29 %,0.00 Cr.,0.00 Cr.,Cr.,Fast Moving Consumer Goods,Fast Moving Consumer Goods,Food Products,Packaged Foods,,9.81,7.22,8.84,3|3.31|4.5,-21,-16,-25|-10|-16|-21,11.00,8|10|12|14,,0.37|0|0|0|4.4|2.96|7.3|6.64,0|0|0.3|0.35|1.19|0.66|0.5|0.36,0|0|0|0,160|263|407|519,7|13|22|31
Rotographics (I),https://www.screener.in/company/539922/,351 Cr.,53.3,63.8 / 16.2,313,2.29,0.00 %,12.4 %,9.30 %,2.00,1.24,79.0,0.00 %,0.00 %,-0.22 %,17.3 %,2.16 %,19.8 %,621 %,254 %,130 %,89.4 %,0.00 %,0.05,0.00 %,0.00 Cr.,0.00 Cr.,0.00 Cr.,Services,Services,Commercial Services & Supplies,Trading & Distributors,0.45,0.08,0.22,0.37,-0.02|0|0.09|0.03|0.06|0.03|0.01|0.07,0.39,0.53,0.03|-0.14|0.31|-0.03|0|0.03|-0.08|-0.03|0.04|-0.04|0.53|0.39,-15.63,2.67|2|-0.83|14.29|0|13.33|6.67|0|-63.64|-31.58|17.28|-0.22,,,,0|0|0|0|0|0|0|0|0|0|0|0,0.75|1|1.2|0.21|0.14|0.15|0.15|0.15|0.11|0.38|0.81|41.22,0.01|0.01|0.01|0.02|0.01|0.01|0.01|0.01|0.02|-0.06|0.11|0.88
BMW Industries,https://www.screener.in/company/542669/consolidated/,"1,172 Cr.",52.1,65.2 / 26.1,13.8,35.7,0.83 %,12.4 %,10.6 %,1.00,1.60,6.54,0.00 %,0.00 %,24.8 %,23.6 %,12.1 %,11.6 %,5.76 %,16.4 %,16.4 %,5.76 %,0.00 %,0.46,0.00 %,9.68 Cr.,9.68 Cr.,6.80 Cr.,Industrials,Capital Goods,Industrial Products,Iron & Steel Products,19,33,18,15,0.79|0.77|0.78|0.68|0.67|0.78|1.47|0.85,83,108,103|146|92|109|128|122|64|126|268|108|83,24.00,17|16|16|17|18|24|24|23|24|24|25,,0|0|0|0|0|0|0|0,,0|0|0|1|0|0|1|8|15|13|12,674|779|948|829|615|398|447|562|598|629|665,33|34|51|42|22|-175|35|54|64|75|81
Bambino Agro Ind,https://www.screener.in/company/519295/,208 Cr.,259,280 / 174,21.2,137,0.62 %,12.3 %,9.48 %,10.0,1.55,2.39,0.00 %,0.00 %,7.69 %,7.51 %,2.54 %,2.53 %,9.48 %,2.78 %,2.78 %,8.50 %,0.00 %,0.83,0.00 %,1.28 Cr.,1.28 Cr.,1.28 Cr.,Fast Moving Consumer Goods,Fast Moving Consumer Goods,Food Products,Packaged Foods,3.39,0.41,1.16,4.85,4.55|1.4|1.3|4.46|6.06|1.45|0.51|4.23,13,-4,16|22|21|-14|15|17|32|30|-1|26|-4|13,8.00,10|9|8|9|6|7|7|9|7|8|8|8,,,,36|20|34|33|26|15|15|14|14|12|14|13,125|266|206|167|247|245|276|255|300|328|364|394,2|6|4|4|5|8|9|9|9|11|9|10
Bharat Wire,https://www.screener.in/company/BHARATWIRE/,"1,190 Cr.",173,262 / 148,17.2,62.4,0.00 %,12.3 %,18.5 %,10.0,6.57,10.2,-2.36 %,18.7 %,22.1 %,21.4 %,12.2 %,11.7 %,0.08 %,5.15 %,4.80 %,43.0 %,51.0 %,1.07,0.00 %,0.00 Cr.,0.00 Cr.,0.00 Cr.,Industrials,Capital Goods,Industrial Products,Iron & Steel Products,12,16,18,22,2.76|2.17|3.01|2.28|3.23|2.66|2.4|1.78,98,73,-6|36|17|32|83|151|-244|24|83|85|73|98,21.60,12|14|9|11|8|11|13|15|24|26|21|22,,3.15|3.12|2.83|2.72|2.06|2.34|4.42|2.06,2.6|2.6|2.6|2.61|2.6|0.87|0.32|19,0|0|0|0|0|0|0|0|0|0|0|0,77|61|65|165|240|258|250|411|589|622|619|591,0|1|2|0|-45|-61|-17|14|62|96|72|72
Pyramid Technopl,https://www.screener.in/company/PYRAMID/,568 Cr.,154,199 / 132,18.1,75.2,0.32 %,12.3 %,11.0 %,10.0,1.73,5.38,0.00 %,-0.12 %,8.23 %,7.27 %,4.23 %,4.41 %,12.4 %,-3.25 %,-8.33 %,-29.0 %,0.00 %,0.66,0.00 %,1.84 Cr.,1.84 Cr.,0.74 Cr.,Industrials,Capital Goods,Industrial Products,Packaging,10,10,5,6,1.55|1.85|1.8|2.15|1.67|1.29|2.72|2.84,-41,35,12|8|-6|39|-4|35|-41,8.80,7|10|11|10|8|7|8,,0.63|0.95|1.02|0.96|1.04|0.96|0.97|0.97,2.77|2.77|2.77|2.95|3.17|3.26|3.26|3.14,0|0|0|0|0|7|6,259|314|400|480|532|591|681,6|17|26|32|29|27|29
R K Swamy,https://www.screener.in/company/RKSWAMY/consolidated/,451 Cr.,89.4,158 / 67.2,18.5,52.3,2.24 %,12.3 %,9.48 %,5.00,2.66,9.65,-0.10 %,-0.79 %,12.8 %,10.1 %,7.15 %,6.31 %,5.21 %,-7.89 %,-59.0 %,%,0.00 %,0.16,0.00 %,10.1 Cr.,7.57 Cr.,6.24 Cr.,Consumer Discretionary,"Media, Entertainment & Publication",Media,Advertising & Media Agencies,3.47,15.94,2.75,0.54,0.1|0.72|2.44|0.57|0.11|0.54|3.16|0.69,38,-10,50|64|29|11|-10|38,15.60,12|15|19|21|10|13,,1.21|1.29|0.79|0.18|0.18|0.18|0.34|0.24,8.76|7.19|7.1|6.44|6.07|5|3.34|2.55,16|9|6|25|41|46,174|234|293|332|294|341,3|19|31|40|19|22
Espire Hospi,https://www.screener.in/company/532016/,223 Cr.,150,530 / 141,24.0,34.2,0.00 %,12.2 %,17.2 %,10.0,1.86,2.46,0.00 %,0.00 %,18.7 %,18.8 %,6.05 %,6.92 %,93.1 %,207 %,197 %,67.8 %,0.00 %,2.76,0.00 %,0.00 Cr.,0.00 Cr.,0.00 Cr.,Consumer Discretionary,Consumer Services,Leisure Services,Hotels & Resorts,2.62,4.22,8.19,-5.71,0.71|2.07|3.01|0.96|-3.83|5.49|2.83|1.76,3,-23,0|0|0|0|0|0|0|1|6|3|-23|3,13.20,-37|-32|-120|4.3|-30|-144|-582|-10|19|19|19|19,,0|0|2.08|2.08|2.08|2.08|2.08|2.08,,0|0|0|0|0|0|0|0|0|0|0,0|0|0|0|0|0|0|2|19|36|120|134,-2|0|0|0|0|0|-1|0|0|3|8|8
Indogulf Cropsci,https://www.screener.in/company/IGCL/consolidated/,424 Cr.,67.0,112 / 49.5,11.0,72.6,0.00 %,12.2 %,10.9 %,10.0,1.91,3.89,-0.01 %,-0.06 %,10.5 %,10.9 %,5.67 %,5.17 %,8.63 %,21.4 %,-12.7 %,-7.92 %,0.00 %,0.40,0.00 %,0.00 Cr.,0.00 Cr.,0.00 Cr.,Commodities,Chemicals,Fertilizers & Agrochemicals,Pesticides & Agrochemicals,2.41,11.61,3.86,20.69,3.42|0.75|2.01|0.79|3.27|0.61|1.84|0.38,-41,-15,20|-7|-57|53|-15|-41,10.00,9|9|9|11|11|10,,0|0.41|0.21|0.24|0.23,0|6.23|4.39|4.36|4.3,0|0|0|0|0|0,443|486|550|552|590|705,22|26|22|28|31|40
Beezaasan Exp.,https://www.screener.in/company/544369/consolidated/,920 Cr.,607,607 / 177,69.4,103,0.00 %,12.2 %,10.5 %,10.0,2.70,11.6,-1.23 %,-0.18 %,9.76 %,10.8 %,6.34 %,5.74 %,-2.45 %,65.2 %,30.0 %,%,0.00 %,0.24,4.32 %,0.00 Cr.,0.00 Cr.,0.00 Cr.,Commodities,Chemicals,Chemicals & Petrochemicals,Explosives,5,8,5,8,2.73|8.52|3.89|6.39|3.31,2,6,-1|2|7|6|2,7.10,4.1|3.4|7|11|10,,6.01|2.85|1.62,3.29|3.94|3.76,0|0|0|0|0,141|228|188|215|212,3|3|5|14|13
Kalyani Forge,https://www.screener.in/company/KALYANIFRG/,355 Cr.,975,"1,193 / 504",28.6,263,0.41 %,12.2 %,10.1 %,10.0,1.32,3.60,0.00 %,0.00 %,11.9 %,9.85 %,3.98 %,3.56 %,-3.91 %,245 %,245 %,55.5 %,0.00 %,1.11,0.00 %,1.46 Cr.,1.46 Cr.,1.24 Cr.,Industrials,Capital Goods,Industrial Products,Castings & Forgings,4.48,5.88,-0.12,2.15,10.78|5|6.13|3.88|5.91|-0.33|16.16|12.31,7,22,25|19|15|12|30|24|7|11|-2|10|22|7,8.00,6|7|7|8|9|4.2|7|8|4|6|10|12,,,,0|66|21|19|21|-5|-31|35|-607|24|18|16,241|231|227|259|286|201|181|246|264|237|236|235,-2|1|3|7|7|-7|-2|3|0|5|8|9
Jagran Prakashan,https://www.screener.in/company/JAGRAN/consolidated/,"1,357 Cr.",62.4,79.7 / 59.1,7.20,92.6,11.2 %,12.2 %,9.02 %,2.00,1.76,15.1,0.06 %,-2.01 %,13.3 %,8.49 %,8.88 %,3.29 %,0.36 %,8.34 %,15.5 %,23.6 %,0.00 %,0.05,0.00 %,218 Cr.,131 Cr.,109 Cr.,Consumer Discretionary,"Media, Entertainment & Publication",Media,Print Media,61,6,55,57,1.97|2.88|-0.73|3.09|2.69|2.49|0.78|2.7,269,224,439|425|477|391|285|404|348|322|272|297|224|269,14.20,25|28|28|25|23|21|18|22|14|14|8|13,,2.48|2.39|2.53|2.7|2.57|2.44|2.24|2.3,9.12|9.17|8.94|7.63|7.58|7.58|6.3|4.29,37|0|28|31|40|0|0|0|44|59|100|110,1770|2079|2283|2304|2363|2097|1289|1616|1856|1934|1888|1876,308|351|349|311|274|281|78|217|197|165|94|185
DigiSpice Tech.,https://www.screener.in/company/DIGISPICE/consolidated/,399 Cr.,17.0,31.0 / 14.8,16.2,10.0,0.00 %,12.1 %,9.57 %,3.00,1.18,23.0,0.00 %,0.00 %,4.42 %,-0.75 %,4.68 %,-1.36 %,2.49 %,51.2 %,50.9 %,18.9 %,0.00 %,0.36,-0.06 %,0.00 Cr.,0.00 Cr.,0.00 Cr.,Information Technology,Information Technology,IT - Services,IT Enabled Services,6.59,2.76,2.41,7.16,-0.32|-0.84|-0.53|0.29|0.3|0.1|0.12|0.28,64,12,-39|-65|-68|-11|-33|57|119|149|6|42|12|64,1.76,-16|-1.1|-11|1.8|3.8|1.4|1.7|1.5|0.6|3.1|-0.8|4.4,,0|0|0.04|0.04|0.06|0|0|0,,0|0|0|0|150|0|0|0|0|0|0|0,1587|855|259|281|377|407|712|991|432|439|448|465,-306|-67|-38|-45|9|-56|6|7|-22|12|-39|19
Shreedhar Spinners,https://www.screener.in/company/SHREEDHAR/,345 Cr.,161,161 / 54.4,55.9,,0.00 %,12.1 %,24.6 %,10.0,0.99,2.15,%,%,12.2 %,9.82 %,4.22 %,2.55 %,%,%,%,%,0.00 %,3.89,%,0.00 Cr.,0.00 Cr.,Cr.,Consumer Discretionary,Textiles,Textiles & Apparels,Other Textile Products,,,,3,2.03,8,10,9|10|8,11.00,11|10|12,,5.12,7.46,0|0|0,126|134|146,3|3|6
Borosil Scienti.,https://www.screener.in/company/BOROSCI/consolidated/,"1,064 Cr.",120,181 / 96.6,23.9,49.6,0.00 %,12.1 %,9.51 %,1.00,2.30,55.8,0.14 %,0.00 %,13.6 %,12.2 %,8.69 %,6.15 %,%,%,%,%,0.00 %,0.02,0.19 %,0.00 Cr.,0.00 Cr.,Cr.,Industrials,Capital Goods,Industrial Products,Glass - Industrial,4.35,27.25,8.70,2.84,0.99|0.48|0.97|-0.47|0.32|0.98|3.06|0.49,43,120,30|120|43,12.67,12|12|14,,0.37|0.27|0.24|0.2|0.07|0.07|0.09|0.23,0.01|0.02|0.02|0.05|0.1|0.19|0.26|0.26,0|0|0,392|434|462,23|27|35
Oriental Rail,https://www.screener.in/company/ORIRAIL/consolidated/,785 Cr.,117,181 / 101,16.7,62.6,0.09 %,12.0 %,11.0 %,1.00,1.56,3.49,-0.04 %,0.00 %,14.9 %,11.6 %,7.37 %,4.85 %,20.8 %,137 %,120 %,17.1 %,0.00 %,0.76,0.00 %,0.67 Cr.,0.65 Cr.,0.66 Cr.,Industrials,Capital Goods,Industrial Products,Other Industrial Products,11,12,14,11,1.7|1.16|0.83|0.9|1.59|2.06|1.77|1.6,-30,-24,11|-9|1|-9|-25|-9|56|2|-44|6|-24|-30,13.20,4.3|9|16|15|15|16|14|18|8|13|12|15,,0.33|0.42|0.36|0.35|0.3|0.15|0.15|0.11,,0|0|14|9|9|4|7|9|0|2|2|2,81|85|97|130|139|267|220|172|325|526|602|573,3|3|8|12|12|24|15|16|3|30|29|42
Maheshwari Logi.,https://www.screener.in/company/MAHESHWARI/,203 Cr.,68.7,76.8 / 39.0,13.4,72.6,0.00 %,12.0 %,7.26 %,10.0,1.22,1.63,0.00 %,0.00 %,6.10 %,6.87 %,1.53 %,1.85 %,-2.27 %,3.42 %,3.42 %,10.3 %,0.00 %,1.21,0.17 %,0.00 Cr.,0.00 Cr.,0.00 Cr.,Diversified,Diversified,Diversified,Diversified,3.25,3.88,4.18,3.91,1.53|1.02|2.12|1.48|1.32|1.41|1.31|1.1,16,57,13|-3|-29|2|64|30|49|9|38|1|57|16,5.44,3.3|3.9|3.8|4.1|4.4|7|6|5|4.4|4.8|7|6,,,,0|0|0|13|12|0|16|0|0|0|0|0,533|601|736|867|1035|756|668|1033|1142|1027|949|1066,6|7|10|12|15|15|9|17|14|13|18|16
Regaal Resources,https://www.screener.in/company/REGAAL/,865 Cr.,84.0,106 / 57.3,13.3,47.6,0.30 %,12.0 %,16.5 %,5.00,1.15,3.88,-0.02 %,-0.24 %,11.2 %,12.3 %,5.33 %,5.21 %,32.5 %,53.4 %,-30.4 %,-15.4 %,0.00 %,1.26,0.00 %,2.57 Cr.,0.00 Cr.,0.51 Cr.,Fast Moving Consumer Goods,Fast Moving Consumer Goods,Agricultural Food & other Products,Other Agricultural Products,13,17,13,17,13.65|1.73|1.36|1.1|1.63|1.29|1.61|1.3,70,-11,18|17|35|-23|-11|70,10.40,9|13|12|8|9|12|11,,1.52|1.21|0.33|0.31,5.4|3.75|2.82|2.58,0|0|0|0|0|0|5,227|242|380|488|600|915|1134,9|12|26|17|22|48|56
Haz.Multi Proj.,https://www.screener.in/company/HAZOOR/consolidated/,522 Cr.,19.3,41.5 / 17.4,17.9,23.0,2.07 %,12.0 %,7.89 %,1.00,2.23,1.86,2.16 %,-0.10 %,44.7 %,14.0 %,7.37 %,6.19 %,%,%,%,%,0.00 %,0.73,-0.89 %,0.00 Cr.,4.46 Cr.,Cr.,Industrials,Construction,Construction,Civil Construction,0.30,32.38,6.46,-9.93,0.56|0.13|0.75|0.61|-0.43|0.24|1.2|0.01,97,-145,2|1|-17|-2|-3|1|2|5|0|-123|-145|97,32.80,41|12|8|-2.9|64|26|15|14|45,,19.63|19.94|19.72|21.9|23.84|22.12|24.29|26.45,0|0.01|0.39|0.37|0.03|0.02|0.1|0,11|0|0|0|0|0|0|0|0|9|11|0,24|15|0|15|0|2|0|0|0|545|638|580,8|-1|-13|1|-2|-1|0|0|0|64|40|43
Grand Continent,https://www.screener.in/company/GCHOTELS/consolidated/,287 Cr.,115,232 / 76.5,23.1,47.9,0.00 %,12.0 %,11.0 %,10.0,1.23,5.65,-0.12 %,-0.91 %,14.1 %,26.4 %,8.83 %,14.6 %,103 %,129 %,-21.2 %,%,0.00 %,0.31,0.00 %,0.00 Cr.,0.00 Cr.,0.00 Cr.,Consumer Discretionary,Consumer Services,Leisure Services,Hotels & Resorts,10,2,4,6,4.14|3.33|1.77|0.93|4.05,-18,6,1|8|-1|6|-18,29.80,40|37|32|26|14,,4.33|0.34|0.22,13.18|13.87|12.96,0|0|0|0|0,6|17|31|73|141,-1|1|4|11|12
Everest Organics,https://www.screener.in/company/524790/,250 Cr.,251,536 / 197,47.6,77.7,0.00 %,12.0 %,7.63 %,10.0,1.10,2.08,0.00 %,0.00 %,10.1 %,4.53 %,2.83 %,-0.81 %,2.33 %,315 %,290 %,-19.7 %,0.00 %,0.66,0.02 %,0.00 Cr.,0.00 Cr.,0.00 Cr.,Healthcare,Healthcare,Pharmaceuticals & Biotechnology,Pharmaceuticals,1.11,2.63,0.36,1.16,0.92|1.42|3|1.45|1.19|0.37|2.71|1.14,4,-5,4|7|10|5|9|10|14|14|18|16|-5|4,4.84,7|6|6|6|11|11|13|3.2|0.5|6|4.5|10,,,0.05|0.05|0.02|0.02|0.02|0.02|0.02|0.02,0|0|0|0|11|7|9|0|0|0|0|0,106|99|107|112|156|167|182|200|183|197|159|196,2|0|1|2|8|11|14|1|0|0|-1|6
Huhtamaki India,https://www.screener.in/company/HUHTAMAKI/,"1,850 Cr.",245,330 / 149,13.6,179,0.82 %,12.0 %,8.96 %,2.00,2.20,11.6,-0.68 %,-0.11 %,7.76 %,4.68 %,4.51 %,2.39 %,-6.10 %,33.7 %,33.7 %,3.51 %,0.00 %,0.11,0.00 %,15.1 Cr.,15.1 Cr.,18.1 Cr.,Industrials,Capital Goods,Industrial Products,Packaging,44,26,30,37,1.55|1.55|3.46|3.3|4.87|4.01|3.39|5.79,238,142,79|136|166|96|101|285|169|-28|133|274|142|238,5.98,9|11|11|10|9|11|10|4.2|5|8|4.7|8,,1.4|1.19|1.16|1.1|0.9|1.12|1.34|0.66,1.4|1.28|1.08|0.63|0.39|1.12|1.14|1.03,32|41|27|36|65|13|24|-33|30|9|17|13,1135|1151|2181|2131|2369|2599|2463|2625|2983|2549|2521|2469,65|49|82|64|35|170|96|-23|50|410|88|118
Tamboli Industri,https://www.screener.in/company/TAMBOLIIN/consolidated/,299 Cr.,301,320 / 128,27.1,123,0.40 %,12.0 %,8.80 %,10.0,6.70,40.9,0.00 %,0.00 %,20.3 %,21.1 %,12.9 %,11.1 %,-1.12 %,-0.26 %,-0.26 %,2.11 %,0.00 %,0.02,0.00 %,1.19 Cr.,0.99 Cr.,1.03 Cr.,Financial Services,Financial Services,Finance,Holding Company,2.09,4.10,2.50,1.94,1.58|2.26|2.53|1.28|1.96|2.52|4.13|2.11,12,12,3|13|11|9|9|2|4|24|21|5|12|12,21.80,21|23|27|27|24|14|23|27|22|19|21|20,,0|0.05|0|0|0|0|0|0,,14|9|10|10|10|12|10|8|9|13|13|12,52|61|55|56|54|52|67|80|83|75|69|80,4|7|7|7|7|4|9|13|11|8|8|10
Munish Forge,https://www.screener.in/company/MUNISH/,223 Cr.,92.6,143 / 50.2,21.2,52.6,0.00 %,12.0 %,10.8 %,10.0,1.90,3.21,%,%,11.7 %,13.9 %,5.77 %,8.23 %,4.48 %,74.8 %,-40.2 %,19.9 %,0.00 %,0.45,%,0.00 Cr.,0.00 Cr.,0.00 Cr.,Industrials,Capital Goods,Industrial Products,Castings & Forgings,,3,7,8,4.48|4.02|1.42,-30,5,6|20|4|5|-30,9.20,1.8|7|6|7|14|12,,1.93,3.59,0|0|0|0|0|0,74|125|160|160|175|183,0|1|2|4|14|11
Emmforce Auto.,https://www.screener.in/company/544166/consolidated/,389 Cr.,190,201 / 105,47.2,44.8,0.00 %,12.0 %,9.62 %,10.0,1.74,5.07,-0.02 %,0.03 %,20.4 %,19.4 %,7.33 %,9.22 %,%,%,%,%,0.00 %,0.48,0.00 %,0.00 Cr.,0.00 Cr.,Cr.,Consumer Discretionary,Automobile and Auto Components,Auto Components,Auto Components & Equipments,4,4,5,3,2.73|1.65|2.28|1.98|2.04,5,-3,-26|-3|5,18.33,16|19|20,,2.36|1.8|1.06|0.3|0.09|0.08|0.06|0.04,0.17|0.18|0.12|0.03|0.01|0.01|0.01|0.04,0|0|0,40|87|113,4|8|8
Jay Ushin,https://www.screener.in/company/513252/,331 Cr.,857,"1,602 / 663",18.3,353,0.47 %,12.0 %,12.7 %,10.0,1.15,2.51,0.00 %,0.00 %,3.65 %,4.35 %,1.68 %,1.32 %,9.68 %,8.84 %,8.84 %,53.7 %,0.00 %,1.04,0.00 %,1.54 Cr.,1.54 Cr.,1.31 Cr.,Consumer Discretionary,Automobile and Auto Components,Auto Components,Auto Components & Equipments,4.87,5.40,4.30,3.49,8.77|8.62|7.61|11.85|9.03|11.13|13.97|12.6,11,20,42|-12|-30|-27|43|66|14|28|22|-16|20|11,4.12,2.7|2.2|1.9|2.4|4.1|4.3|3.5|4.8|4.4|3.5|4.3|3.6,,,0.02|0.02|0.02|0.02|0.02|0.02|0.02|0.02,21|16|19|11|10|0|0|10|9|8|13|9,647|688|788|860|855|663|577|657|734|726|855|969,4|6|4|11|12|3|-4|12|13|14|12|18
BMW Ventures,https://www.screener.in/company/BMWVENTLTD/,450 Cr.,51.9,80.0 / 48.0,11.2,51.0,2.89 %,12.0 %,11.5 %,10.0,1.96,2.90,0.00 %,-0.10 %,3.61 %,4.02 %,1.64 %,1.59 %,4.18 %,4.69 %,-40.6 %,-20.7 %,0.00 %,0.58,0.00 %,13.0 Cr.,9.50 Cr.,4.50 Cr.,Commodities,Metals & Mining,Metals & Minerals Trading,Trading - Metals,11,11,12,7,1|1.25|1.73|1.27|0.82|1.33|1.25|1.22,8,51,26|18|49|-84|-53|51|8,3.66,3.2|3.6|3.9|3.2|3.6|4|3.6,,0.51|0|0|0,0|1.27|1.27|1.17,0|0|0|0|0|29|35,1133|1272|1564|2015|1938|2062|2278,15|22|32|33|30|33|37
Innovators,https://www.screener.in/company/541353/consolidated/,213 Cr.,113,235 / 102,15.7,92.8,0.00 %,11.9 %,8.06 %,10.0,1.35,3.52,0.00 %,0.00 %,12.5 %,14.6 %,5.96 %,7.23 %,7.89 %,17.2 %,17.2 %,72.8 %,0.00 %,0.26,0.00 %,0.00 Cr.,0.00 Cr.,0.00 Cr.,Industrials,Capital Goods,Industrial Manufacturing,Industrial Products,8,5,8,8,0.61|3.85|2.68|5.41|4.42|4.07|2.78|4.41,38,3,9|0|-4|13|27|10|16|31|3|38,12.60,13|9|9|14|13|11|13|12|10|13|15|13,,0|0|0|0|0|0.27|0.27|0.27,0|0|0|0|0.22|0.22|1.12|1.12,0|0|0|0|0|0|0|0|0|0|0|0,91|92|100|154|157|141|66|89|181|215|221|228,3|2|0|8|5|-8|1|2|8|15|16|14
Qualitek Labs,https://www.screener.in/company/544091/consolidated/,683 Cr.,586,628 / 259,46.6,131,0.00 %,11.9 %,12.2 %,10.0,1.04,4.82,-0.17 %,-0.05 %,23.6 %,23.3 %,11.8 %,10.9 %,%,%,%,-39.9 %,0.00 %,0.61,2.27 %,0.00 Cr.,0.00 Cr.,Cr.,Services,Services,Commercial Services & Supplies,Consulting Services,,,10,5,4.09|8.44,15,10,1|-5|10|15,17.00,11|10|23|24,,0|0|1.77|1.77|1.6,0|0.02|0.26|0.15|0.1,0|0|0|0,6|12|70|125,0|0|8|15
Dev Accele.,https://www.screener.in/company/DEVX/consolidated/,305 Cr.,32.2,60.5 / 30.0,26.4,20.2,0.00 %,11.9 %,6.60 %,2.00,1.26,1.35,-0.07 %,-1.02 %,48.4 %,50.6 %,3.42 %,1.11 %,47.8 %,37.5 %,26.0 %,%,0.00 %,2.05,-1.73 %,0.00 Cr.,0.00 Cr.,0.00 Cr.,Services,Services,Commercial Services & Supplies,Diversified Commercial Services,1.50,7.96,-1.01,1.76,0.93|0.1|0.31|0.02|0.2|-0.11|0.88|0.16,90,94,14|26|8|94|90,49.40,45|43|60|51|48,,3.37|2.34|1.43|1.36,6.96|5.56|4.94|3.92,0|0|0|0|0,31|70|108|159|226,-8|-13|0|2|9
Rudra Global,https://www.screener.in/company/RUDRA/,208 Cr.,20.7,30.5 / 14.6,13.2,13.8,0.00 %,11.9 %,10.2 %,5.00,1.32,2.44,0.00 %,0.00 %,5.93 %,6.74 %,2.17 %,2.05 %,11.3 %,3.74 %,3.76 %,19.9 %,0.00 %,0.97,0.00 %,0.00 Cr.,0.00 Cr.,0.00 Cr.,Industrials,Capital Goods,Industrial Products,Iron & Steel Products,3.62,1.03,9.86,1.19,0.48|0.16|0.11|0.39|0.12|0.98|0.1|0.36,32,-13,31|31|4|21|-14|-8|-54|59|44|4|-13|32,7.40,6|7|7|7|6|6|-3|9|7|8|7|6,,,,0|0|0|0|0|0|0|0|0|0|0|0,332|280|262|386|557|361|238|351|452|555|561|623,6|6|6|11|16|0|-30|8|14|21|11|14
Bafna Pharma.,https://www.screener.in/company/BAFNAPH/,750 Cr.,317,322 / 94.8,96.3,40.6,0.00 %,11.9 %,12.3 %,10.0,1.57,3.08,0.00 %,0.00 %,10.6 %,7.71 %,7.37 %,4.37 %,9.30 %,-0.12 %,-0.12 %,13.7 %,0.00 %,0.39,0.00 %,0.00 Cr.,0.00 Cr.,0.00 Cr.,Healthcare,Healthcare,Pharmaceuticals & Biotechnology,Pharmaceuticals,0.08,2.75,1.84,3.12,1.11|0.4|0.55|1.43|1.32|0.78|1.16|0.03,15,22,9|-3|14|-7|-1|-34|-14|10|5|9|22|15,10.80,-16|3.3|-8|-77|-30|2.9|14|14|14|7|8|11,,0|0|8.53|9.34|9.34|9.34|9.34|9.34,,0|0|0|0|0|0|0|0|0|0|0|0,100|85|65|46|44|42|71|85|115|152|146|151,6|-12|-18|-16|-20|-25|6|5|11|7|4|11
Pritika Auto,https://www.screener.in/company/PRITIKAUTO/consolidated/,247 Cr.,14.8,21.0 / 10.3,11.3,15.1,0.00 %,11.9 %,8.61 %,2.00,1.32,2.37,-0.01 %,0.00 %,14.7 %,16.2 %,4.80 %,5.14 %,10.3 %,12.4 %,-8.87 %,14.7 %,0.00 %,0.77,0.00 %,0.00 Cr.,0.00 Cr.,0.00 Cr.,Consumer Discretionary,Automobile and Auto Components,Auto Components,Auto Components & Equipments,7.11,4.77,5.73,6.61,0.61|0.19|0.19|0.33|0.36|0.31|0.26|0.37,71,35,0|3|-9|28|19|21|18|5|41|35|71,13.80,-22|11|15|14|13|11|11|12|15|16|15,,7.27|5.11|5.14|2.96|3.04|0.01|0.01|0,,0|0|3|6|0|0|0|0|0|0|0,0|157|169|208|166|224|269|360|339|353|483,0|4|11|14|6|6|14|16|17|24|23
United Heat,https://www.screener.in/company/UHTL/,358 Cr.,188,188 / 44.0,71.4,33.4,0.00 %,11.8 %,8.21 %,10.0,2.00,3.60,0.00 %,-2.39 %,14.4 %,17.1 %,6.87 %,7.97 %,1.55 %,33.2 %,%,%,0.00 %,0.30,0.11 %,0.00 Cr.,0.00 Cr.,0.00 Cr.,Industrials,Capital Goods,Industrial Products,Other Industrial Products,4.17,0.84,2.24,3.06,2.2|1.18|0.44|2.19,8.08,-6.83,3.25|0|2.41|7.64|3.27|-6.83|8.08,14.45,11.05|12.3|12.98|11.18|16.64|17.12|14.35,,4.73|0.62|0.26|0.26,7.95|3.58|3.28|0.89,0|0|0|0|0|0|0,36.82|33.1|47.55|69.6|60.03|66.52|72.88,1.64|1.5|1.53|2.12|6.24|5.3|5.01
Voler Car,https://www.screener.in/company/VOLERCAR/,260 Cr.,233,293 / 189,78.7,36.3,0.00 %,11.8 %,8.69 %,10.0,7.33,,0.00 %,0.20 %,4.22 %,11.2 %,6.38 %,10.1 %,30.2 %,18.6 %,-71.9 %,-62.0 %,0.00 %,0.00,0.00 %,0.00 Cr.,0.00 Cr.,0.00 Cr.,Services,Services,Transport Services,Road Transport,1.10,0.70,0.64,0.86,2.15|0.97|0.81|1.14|0.77|0.57|0.63|0.99,-2.22,1.31,3.68|1.99|3.21|1.31|-2.22,8.50,23.63|7.33|3.84|15.86|11.25|4.22,,2.01|0|0,6.12|0.83|1.03,0|0|0|0|0|0,26.15|23.73|23.96|30.9|42.4|52.84,5.64|0.93|2.02|8.36|4.5|3.47
Esconet,https://www.screener.in/company/ESCONET/consolidated/,283 Cr.,214,280 / 91.2,46.9,60.8,0.00 %,11.8 %,8.03 %,10.0,1.85,8.22,0.00 %,0.00 %,2.49 %,4.39 %,1.65 %,3.47 %,55.3 %,27.6 %,-50.6 %,%,0.00 %,0.17,0.00 %,0.00 Cr.,0.00 Cr.,Cr.,Information Technology,Information Technology,IT - Hardware,Computers Hardware & Equipments,,,,6.50,4.99,-9,2,-2|-1|2|-9,4.97,6|7|4.4|2.5,,0.05|0.04|0.04|0.15|0.12|0.12|0.12|0.12,0.08|0.07|0|0.44|0.41|0.41|0|0,0|0|0|0,95|141|230|354,3|5|8|6
PTC India Fin,https://www.screener.in/company/PFS/consolidated/,"1,681 Cr.",26.2,40.5 / 23.8,7.48,48.0,0.00 %,11.8 %,11.0 %,10.0,16.3,2.52,-0.09 %,0.01 %,121 %,95.3 %,62.0 %,34.0 %,-13.4 %,22.2 %,22.2 %,65.8 %,0.00 %,0.57,0.00 %,0.00 Cr.,0.00 Cr.,12.8 Cr.,Financial Services,Financial Services,Finance,Non Banking Financial Company (NBFC),40,46,49,88,0.74|1.05|0.91|2.13|1.37|0.76|0.71|0.63,"1,780","1,139",-1167|-888|-1302|236|3228|1311|2721|1887|2563|1139|1780,,,,2.05|2.03|2.07|2.22|2.19|2.17|2.12|2.03,5|5.48|5.42|5.08|5.06|5.06|5.05|5.06,17|28|-13|28|26|0|0|37|0|0|0,,391|345|-100|184|110|26|130|176|161|217|319
Vardhman Acrylic,https://www.screener.in/company/VARDHACRLC/,358 Cr.,44.5,48.6 / 27.0,8.57,31.6,3.37 %,11.8 %,11.1 %,10.0,3.50,298,0.01 %,0.00 %,5.24 %,1.34 %,8.55 %,4.16 %,-9.28 %,-6.14 %,-6.14 %,-8.71 %,0.00 %,0.00,0.00 %,12.0 Cr.,12.0 Cr.,52.2 Cr.,Consumer Discretionary,Textiles,Textiles & Apparels,Other Textile Products,16,16,7,2,0.19|0.49|0.24|0.22|0.31|0.92|1.94|2.02,7,26,55|23|42|3|26|4|39|-9|39|7|26|7,4.34,7|10|10|10|7|8|17|2.9|8|4.5|1.3|5,,0.19|0.13|0.13|0.14|0.02|0.02|0.02|0.03,,28|114|29|42|58|0|0|1380|61|92|102|44,498|448|368|327|392|334|280|303|427|297|282|319,33|41|41|39|34|46|43|15|33|18|12|27
SRG Housing,https://www.screener.in/company/SRGHFL/,201 Cr.,128,347 / 119,5.89,189,0.00 %,11.8 %,11.6 %,10.0,1.77,1.50,0.00 %,0.00 %,61.9 %,63.9 %,16.3 %,15.8 %,28.7 %,24.0 %,16.4 %,7.39 %,0.00 %,2.89,-0.01 %,0.00 Cr.,0.00 Cr.,0.00 Cr.,Financial Services,Financial Services,Finance,Housing Finance Company,8.47,9.25,8.21,8.25,4.62|4.01|3.95|4.32|5.26|5.23|5.89|5.39,-247,-131,-10|-13|-24|-90|-66|23|-27|3|-83|-140|-131|-247,,,,0|0|0|0.01|0|0|0|0,0.01|0.01|0.01|0|0|0|0|0,18|0|0|0|0|0|0|0|0|0|0|0,,2|2|3|8|15|18|19|20|17|21|24|32
Harri. Malayalam,https://www.screener.in/company/HARRMALAYA/consolidated/,329 Cr.,178,238 / 154,12.2,96.6,0.00 %,11.8 %,11.7 %,10.0,0.45,3.17,0.01 %,0.03 %,4.64 %,4.59 %,3.64 %,2.78 %,3.45 %,3.77 %,3.77 %,-13.5 %,0.00 %,0.62,0.00 %,0.00 Cr.,0.00 Cr.,0.37 Cr.,Industrials,Capital Goods,Industrial Products,Rubber,3.93,9.11,7.64,6.42,2.22|6.05|2.81|3.22|3.47|4.13|4.92|2.12,25,23,10|13|21|20|-7|33|41|38|31|33|23|25,4.86,-5|-13|3.5|3.3|-3.4|6|12|7|6|2.1|4.6|4.6,,0.1|0.14|0.16|0|0|0|0|0.01,0.05|0.05|0.05|0.05|0.05|0.05|0.05|0.08,0|0|0|0|0|0|0|0|10|0|0|0,325|284|365|382|352|385|449|470|485|486|512|537,-35|-46|4|4|-24|9|40|23|18|-7|15|29
Jai Corp,https://www.screener.in/company/JAICORPLTD/consolidated/,"1,657 Cr.",94.4,173 / 88.0,17.5,71.6,0.53 %,11.8 %,12.0 %,1.00,11.3,619,0.69 %,-0.33 %,10.8 %,10.2 %,28.3 %,7.69 %,-4.70 %,44.1 %,44.3 %,39.4 %,0.00 %,0.19,0.00 %,0.00 Cr.,8.78 Cr.,7.11 Cr.,Industrials,Capital Goods,Industrial Products,Plastic Products - Industrial,28,21,17,27,0.98|0.71|1.32|5.94|1.52|1|1.18|1.61,14,45,79|71|86|48|71|61|-5|91|72|41|45|14,9.20,13|13|11|11|11|9|10|8|7|10|10|11,,1.61|1.61|1.4|0.79|0.91|0.71|0.8|1.49,1.6|1.63|1.64|1.65|1.57|1.57|1.57|1.24,17|-63|-49|-470|-8|27|10|17|-66|17|13|0,706|669|695|588|636|527|472|720|594|463|518|514,52|-14|-18|-1|-108|34|93|53|-14|52|66|169
Almondz Global,https://www.screener.in/company/ALMONDZ/consolidated/,324 Cr.,18.5,21.1 / 10.7,9.49,15.5,0.00 %,11.7 %,11.2 %,1.00,3.64,9.87,-0.02 %,0.22 %,13.3 %,11.3 %,15.1 %,11.6 %,35.7 %,22.3 %,17.9 %,6.82 %,0.00 %,0.18,3.83 %,0.00 Cr.,0.00 Cr.,0.00 Cr.,Financial Services,Financial Services,Capital Markets,Stockbroking & Allied,13,5,13,4,0.16|0.14|0.36|0.4|0.21|0.74|0.3|0.72,-4,-9,-18|32|12|26|11|15|1|10|-14|35|-9|-4,12.80,27|8|5|8|7|4.3|14|14|12|14|11|13,,2.13|1.27|0.58|0.29|0.06|0.02|0|0,0|0|0|0|0|0.12|0.37|0.34,0|0|0|0|0|0|0|0|0|0|0|0,65|51|52|73|75|61|63|69|76|117|150|190,8|0|0|6|6|5|18|19|16|34|17|29
Bajaj Steel Inds,https://www.screener.in/company/BAJAJST/consolidated/,733 Cr.,352,620 / 302,25.0,204,0.28 %,11.7 %,9.11 %,5.00,1.64,8.76,0.00 %,0.00 %,11.5 %,15.8 %,7.06 %,8.76 %,-1.56 %,-14.7 %,-14.7 %,-10.3 %,0.00 %,0.15,0.00 %,2.08 Cr.,2.08 Cr.,1.66 Cr.,Industrials,Capital Goods,Industrial Manufacturing,Industrial Products,-0.27,2.32,5.91,21.28,8.38|6.59|8.68|3.56|10.23|2.84|1.12|-0.13,78,52,-5|10|-7|6|14|41|89|55|27|55|52|78,14.40,5|3.1|0.9|9|8|9|18|12|17|15|16|12,,0.16|0.08|0.07|0.15|0.06|0.04|0.04|0.04,0|0|0.08|0.01|0.01|0.01|0.01|0.01,-93|0|0|6|7|4|2|3|2|3|2|6,334|307|237|247|376|414|510|437|549|551|585|524,-1|-3|-10|11|14|24|66|36|68|59|84|37
Veto Switchgears,https://www.screener.in/company/VETO/consolidated/,266 Cr.,139,154 / 82.3,9.72,152,0.72 %,11.7 %,9.04 %,10.0,3.19,18.5,0.40 %,0.00 %,9.75 %,10.6 %,6.36 %,7.26 %,10.0 %,7.46 %,7.46 %,11.2 %,0.00 %,0.07,0.00 %,1.91 Cr.,1.91 Cr.,1.91 Cr.,Consumer Discretionary,Consumer Durables,Consumer Durables,Consumer Electronics,5.85,8.80,6.27,6.08,3.09|1.96|3.94|1.93|3.18|3.45|4.59|3.1,10,15,-2|21|20|-25|11|31|7|-8|18|28|15|10,11.00,16|15|11|16|10|13|13|13|11|10|11|10,,0.09|0.01|0.42|0.53|0|0.01|0.01|0.41,,0|28|20|13|0|0|13|10|9|11|9|8,97|177|239|253|218|150|181|267|290|300|300|387,7|13|18|29|12|9|15|20|20|18|22|25
Alfred Herbert,https://www.screener.in/company/ALFREDHE/consolidated/,218 Cr.,"2,830","3,599 / 2,200",5.92,"7,436",0.71 %,11.7 %,-24.8 %,10.0,23.7,,0.00 %,0.00 %,91.4 %,75.6 %,-190 %,60.9 %,154 %,%,%,%,0.00 %,0.00,0.00 %,1.54 Cr.,0.38 Cr.,0.55 Cr.,Financial Services,Financial Services,Finance,Non Banking Financial Company (NBFC),6.24,3.05,14.00,13.51,-0.39|86.47|0.52|5506.35|175.14|181.49|39.54|80.89,-63,-1,0|0|-4|0|2|1|-1|0|0|0|-1|-63,,,,,0.01|0.01|0.01|0.01|0.01|0.01|0.01|0.01,-13|13|1|-25|8|29|-96|13|13|46|6|0,,-1|1|14|-1|2|1|0|2|2|1|6|455
Ambalal Sarabhai,https://www.screener.in/company/AMBALALSA/consolidated/,306 Cr.,40.0,50.0 / 23.1,21.5,20.7,0.00 %,11.7 %,12.4 %,10.0,1.27,4.96,0.00 %,0.00 %,6.00 %,4.60 %,9.13 %,5.06 %,5.90 %,16.7 %,16.7 %,9.51 %,0.00 %,0.36,0.00 %,0.00 Cr.,0.00 Cr.,0.00 Cr.,Healthcare,Healthcare,Pharmaceuticals & Biotechnology,Pharmaceuticals,3.98,6.50,3.64,-0.56,0.34|0.29|-0.04|1.07|-0.07|0.47|0.85|0.52,13,-18,-8|-75|5|-7|19|-7|-2|11|6|9|-18|13,6.40,-3.5|-10|-2.1|-9|3.9|-2.5|-0.9|13|5|3.4|4.6|6,,0|0|0.38|0.38|0.34|0.34|0|0,0|0.1|0.1|0|0|0|0|0,0|0|0|0|0|0|0|0|0|0|0|0,124|132|134|125|150|133|163|197|170|173|196|202,-7|48|-18|1|4|14|29|47|11|6|5|18
Megastar Foods,https://www.screener.in/company/MEGASTAR/,318 Cr.,282,392 / 198,32.4,90.4,0.00 %,11.6 %,9.40 %,10.0,1.12,1.93,3.80 %,-0.83 %,6.63 %,6.23 %,1.72 %,1.08 %,25.8 %,-1.58 %,-5.48 %,14.2 %,0.00 %,1.29,0.00 %,0.00 Cr.,0.00 Cr.,0.00 Cr.,Fast Moving Consumer Goods,Fast Moving Consumer Goods,Food Products,Other Food Products,2.23,2.17,3.07,2.34,1.42|0.43|1.2|1.43|2.07|2.72|1.92|1.97,27,-10,1|-6|-1|15|-24|26|13|14|-10|27,6.38,4.5|4|4.4|4.8|5|6|5|6|8|4.9|6|7,,2.48|1.93|2.22|1.19|1.08|1.06|1.72|5.52,1.62|1.62|1.87|1.82|1.62|1.79|2.27|1.44,0|0|0|0|0|0|0|0|0|0|0|0,44|78|97|102|141|162|162|185|268|254|350|533,0|1|1|1|2|3|4|5|10|6|4|9
Jayant Agro Org.,https://www.screener.in/company/JAYAGROGN/consolidated/,682 Cr.,227,265 / 147,12.6,203,1.54 %,11.6 %,8.53 %,5.00,2.07,5.52,0.02 %,0.02 %,4.33 %,4.30 %,2.10 %,2.13 %,-4.68 %,0.88 %,0.88 %,1.08 %,0.00 %,0.22,0.00 %,10.5 Cr.,7.50 Cr.,12.9 Cr.,Commodities,Chemicals,Chemicals & Petrochemicals,Specialty Chemicals,21,18,6,9,4.57|4.72|3.83|5.38|3.22|2.31|5.89|6.69,44,118,176|12|-104|-79|170|344|40|65|115|16|118|44,4.52,3.7|5|7|6|6|-0.5|6|6|3.5|4.5|4.3|4.3,,0.06|0.07|0.05|0.06|0.04|0.04|0.04|0.06,0.02|0.02|0|0|0|0|0|0.02,14|23|24|11|11|0|6|10|30|44|14|21,1581|1375|1662|2549|2438|2508|1639|2589|2778|2150|2528|2406,11|25|58|57|58|-34|53|92|52|54|54|50
A-1,https://www.screener.in/company/542012/,287 Cr.,6.23,70.4 / 4.53,33.5,1.18,0.80 %,11.6 %,11.4 %,1.00,1.73,6.22,-3.77 %,0.00 %,3.55 %,2.95 %,1.73 %,1.10 %,1.23 %,18.0 %,18.0 %,17.4 %,0.00 %,0.77,0.00 %,2.30 Cr.,1.72 Cr.,1.84 Cr.,Commodities,Chemicals,Chemicals & Petrochemicals,Trading - Chemicals,3.16,4.36,0.96,0.07,0.02|0.02|0.02|0.01|0|0.02|0.09|0.07,-16,-11,3|-6|10|-4|0|19|11|-11|-16,2.58,3.6|3.8|6|-4.2|-1.6|3.1|2.6|3|1.3|2.1|3|3.5,,2.9|2.9|2.94|5.8|6.03|6.73|6.28|2.51,0|0|0|0|0|0.09|0|0,0|16|0|0|0|0|0|27|48|157|47|38,97|85|106|100|141|116|145|310|331|211|331|343,0|1|3|2|4|3|3|6|4|1|4|6
Mukka Proteins,https://www.screener.in/company/MUKKA/consolidated/,808 Cr.,26.9,33.3 / 18.3,11.7,16.6,0.00 %,11.6 %,11.1 %,1.00,1.23,2.70,0.03 %,0.00 %,7.92 %,9.43 %,3.93 %,4.78 %,7.18 %,5.51 %,-4.85 %,%,0.00 %,1.56,0.00 %,0.00 Cr.,0.00 Cr.,0.00 Cr.,Fast Moving Consumer Goods,Fast Moving Consumer Goods,Food Products,Animal Feed,19,21,27,7,0.07|0.88|0.45|0.05|0.2|0.79|0.69|0.63,-111,-112,-20|-25|2|5|-56|-150|-112|-111,7.60,6|4.3|3.6|6|7|8|9|8,,2.81|2.63|2.63|2.08|1.7|1.7|1.7|1.73,2|1.98|1.98|1.87|1.66|0.17|0|0,0|0|0|0|0|0|0|0,409|549|604|770|1177|1380|1006|1449,14|14|11|26|48|74|48|57
Sayaji (Indore),https://www.screener.in/company/544080/,411 Cr.,"1,349","1,430 / 702",46.3,230,0.06 %,11.6 %,13.9 %,10.0,0.87,2.87,0.00 %,0.00 %,22.7 %,24.6 %,8.67 %,10.1 %,2.40 %,-3.87 %,%,%,0.00 %,1.88,-1.13 %,0.24 Cr.,0.00 Cr.,0.05 Cr.,Consumer Discretionary,Consumer Services,Leisure Services,Hotels & Resorts,1.58,0.18,5.87,0.18,-0.07|14.9|14.54|5.88|0.59|19.27|0.59|5.19,16,25,0|0|1|18|25|16,22.75,23|20|25|23,,,,0|0|0|0|0|3,0|0|99|96|106|107,0|0|10|7|11|8
Amanta Healthcar,https://www.screener.in/company/AMANTA/,738 Cr.,190,210 / 92.0,48.1,56.7,0.00 %,11.6 %,10.3 %,10.0,1.69,2.14,-0.42 %,0.04 %,20.8 %,21.8 %,5.69 %,3.85 %,3.55 %,114 %,94.5 %,20.3 %,0.00 %,1.11,0.07 %,0.00 Cr.,0.00 Cr.,0.00 Cr.,Healthcare,Healthcare,Pharmaceuticals & Biotechnology,Pharmaceuticals,3.31,5.53,4.63,1.21,0.78|1.48|2.07|1.22|0.31|1.19|1.42|0.85,48,47,38|31|62|43|58|47|48,21.40,20|22|23|20|21|22|21,,1|1.1|0.85|0.43,11.34|11.24|12.88|12.92,0|0|0|0|0|0|0,184|171|225|259|280|275|288,-19|-22|55|-2|4|10|15
All Time Plastic,https://www.screener.in/company/ALLTIME/,"1,365 Cr.",208,315 / 185,35.8,93.7,0.00 %,11.6 %,9.01 %,2.00,3.60,5.33,0.05 %,0.07 %,14.8 %,18.2 %,6.36 %,8.48 %,11.2 %,11.2 %,-72.0 %,-51.9 %,0.00 %,0.14,0.00 %,0.00 Cr.,0.00 Cr.,0.00 Cr.,Consumer Discretionary,Consumer Durables,Consumer Durables,Houseware,12,9,9,4,2.56|2.29|1.84|2.32|0.64|1.4|1.43|1.85,86,52,34|4|43|27|67|91|52|86,16.80,12|14|19|15|17|19|18|15,,3.36|3.21|2.93|2.98,10.95|10.16|10.29|10.36,0|0|0|0|0|0|0|0,247|289|280|401|443|513|558|610,15|16|24|25|28|45|47|36
Everest Kanto,https://www.screener.in/company/EKC/consolidated/,"1,134 Cr.",101,155 / 90.2,8.53,125,0.69 %,11.6 %,11.3 %,2.00,3.70,11.0,-0.05 %,0.06 %,13.8 %,11.9 %,9.99 %,6.85 %,4.89 %,18.4 %,18.4 %,17.9 %,0.00 %,0.19,0.00 %,7.85 Cr.,7.85 Cr.,7.85 Cr.,Industrials,Capital Goods,Industrial Manufacturing,Industrial Products,30,46,36,14,3.43|1.61|1.19|4.6|1.22|3.18|4.09|2.68,142,58,66|31|74|-21|54|92|85|165|106|226|58|142,15.20,1.3|1.1|9|14|11|13|18|24|13|13|12|14,,1.4|2.43|1.8|1.39|1.67|1.43|1.24|1.19,0.07|0.08|0.1|0.16|0.16|0.21|0.23|0.29,0|0|0|0|0|0|4|3|10|8|8|5,472|506|564|539|702|761|949|1699|1274|1223|1499|1471,-98|-124|78|24|58|2|90|265|76|98|98|147
Ambika Cotton,https://www.screener.in/company/AMBIKCO/,917 Cr.,"1,602","1,931 / 1,101",11.3,"1,667",2.31 %,11.6 %,7.70 %,10.0,6.35,10.4,0.14 %,0.01 %,14.8 %,14.9 %,9.16 %,9.36 %,-2.69 %,-13.8 %,-13.8 %,1.04 %,0.00 %,0.00,0.00 %,21.2 Cr.,21.2 Cr.,20.5 Cr.,Consumer Discretionary,Textiles,Textiles & Apparels,Other Textile Products,26,25,15,16,24.58|24.94|27.7|27.81|27.84|26.5|42.85|44.89,228,129,43|67|67|16|10|50|103|302|-80|-138|129|228,18.60,20|19|20|19|19|17|20|29|21|13|15|15,,0.36|0.37|0.35|0.37|0.42|0.38|0.33|0.47,1.18|1.26|1.07|1.58|1.63|1.64|1.7|1.71,16|20|0|33|27|16|30|11|18|32|32|30,495|492|528|584|656|623|633|921|848|823|702|781,51|44|56|61|63|52|68|180|112|63|66|72
NHC Foods,https://www.screener.in/company/517554/consolidated/,209 Cr.,2.21,2.84 / 0.59,7.78,2.72,0.00 %,11.6 %,9.45 %,1.00,2.35,5.51,23.4 %,0.00 %,3.39 %,4.53 %,2.05 %,2.17 %,%,%,%,%,0.00 %,0.29,0.00 %,0.00 Cr.,0.00 Cr.,Cr.,Fast Moving Consumer Goods,Fast Moving Consumer Goods,Food Products,Other Food Products,17,7,3,1,0.03|0.03|0.01|0.03|0.02|0.04|0.1|0.22,2,-38,-38|2,3.57,2.8|4.5|3.4,,0|0|0|0|0|0|13.67|23.42,,0|0|0,209|348|601,2|7|12
Proventus Agro.,https://www.screener.in/company/PROV/consolidated/,674 Cr.,"1,951","1,954 / 959",48.6,418,0.00 %,11.5 %,10.1 %,10.0,3.30,18.1,0.00 %,1.18 %,2.03 %,1.82 %,1.51 %,0.80 %,30.2 %,55.5 %,44.3 %,44.4 %,0.00 %,0.19,-0.13 %,0.00 Cr.,0.00 Cr.,0.00 Cr.,Fast Moving Consumer Goods,Fast Moving Consumer Goods,Food Products,Other Food Products,8,7,3,5,7.35|14.06|14.06|7.34|19.24|21.75,9,-2,0|-1|-1|-6|-2|9,1.60,1.1|1.1|1.6|1.5|1.8|2,,,0|0|0|0|0|0|1.18,0|0|0|0|0|0,301|403|419|497|581|925,2|1|4|7|7|14
Honda India,https://www.screener.in/company/HONDAPOWER/,"1,957 Cr.","1,930","2,900 / 1,817",26.8,792,6.55 %,11.5 %,8.61 %,10.0,3.41,545,-0.07 %,0.00 %,9.45 %,11.0 %,8.29 %,9.93 %,-11.4 %,-9.37 %,-9.37 %,8.32 %,0.00 %,0.00,0.00 %,23.3 Cr.,21.8 Cr.,19.0 Cr.,Industrials,Capital Goods,Industrial Manufacturing,Industrial Products,11,27,17,11,8.42|18.82|35.65|9.35|11.01|16.43|26.54|10.94,-11,22,43|101|40|55|21|-18|152|37|157|106|22|-11,10.00,11|13|14|13|11|11|8|9|11|10|11|9,,1.41|1.36|1.37|1.16|1.1|1.09|1.05|0.98,17.95|18.18|18.18|18.23|18.23|18.23|18.27|18.27,16|12|13|15|19|19|21|20|20|19|27|36,631|673|702|768|816|849|939|1156|1246|989|794|865,39|49|58|61|54|67|49|75|85|92|80|64
Arihant Capital,https://www.screener.in/company/ARIHANTCAP/consolidated/,880 Cr.,80.3,120 / 57.0,22.0,40.2,0.62 %,11.5 %,7.67 %,1.00,1.75,3.16,-0.02 %,0.01 %,33.6 %,38.4 %,15.4 %,22.1 %,14.4 %,3.12 %,1.37 %,-2.79 %,0.00 %,0.54,0.00 %,5.48 Cr.,5.20 Cr.,4.64 Cr.,Financial Services,Financial Services,Capital Markets,Stockbroking & Allied,21,0,5,13,1.92|1.18|0.74|1.22|1.25|0.47|0.05|1.96,-122,32,1|-13|14|-46|-4|118|-32|-18|15|-30|32|-122,39.40,33|30|45|43|38|36|42|43|37|45|38|34,,0.68|0.51|0.09|0.03|0.22|0.04|0.05|0.03,0|0|0|0|0|0.01|0.02|0.03,14|18|9|8|9|12|6|6|14|7|9|17,62|56|87|102|93|91|116|170|138|235|247|206,11|9|17|21|17|17|35|50|29|71|59|31
Bajaj Healthcare,https://www.screener.in/company/BAJAJHCARE/,"1,113 Cr.",331,516 / 272,19.8,158,0.45 %,11.5 %,8.26 %,5.00,1.84,3.77,0.21 %,-0.99 %,17.2 %,15.3 %,6.75 %,7.34 %,-1.83 %,-1.39 %,-7.71 %,-16.5 %,0.00 %,0.47,0.30 %,5.05 Cr.,3.16 Cr.,3.57 Cr.,Healthcare,Healthcare,Pharmaceuticals & Biotechnology,Pharmaceuticals,14,-23,16,11,3|3.71|3.54|3.75|3.52|4.96|-6.79|4.07,58,22,28|25|22|17|25|21|44|1|-22|92|22|58,16.40,13|14|13|12|12|12|21|17|17|16|15|17,,1.07|1.01|1.05|1.09|1.12|1.18|1.98|2.19,1.97|2.36|2.52|3.16|2.99|2.96|2.91|1.92,0|0|0|5|0|0|5|6|6|-3|8|32,218|223|231|327|370|410|657|680|646|473|543|611,8|8|8|15|16|25|83|71|43|-84|40|16
Orient Ceratech,https://www.screener.in/company/ORIENTCER/consolidated/,557 Cr.,46.5,56.6 / 33.0,16.5,25.3,0.75 %,11.4 %,9.13 %,1.00,3.12,9.72,0.00 %,0.00 %,10.6 %,9.72 %,6.73 %,3.03 %,9.53 %,23.4 %,23.4 %,%,0.00 %,0.13,0.00 %,4.19 Cr.,2.99 Cr.,2.99 Cr.,Industrials,Capital Goods,Industrial Products,Electrodes & Refractories,8.57,5.66,4.41,7.49,0.15|0.14|0.29|0.36|0.63|0.37|0.47|0.72,51,21,43|32|44|-14|21|51,9.60,21|7|9|11|10|11,,13.23|13.23|13.23|13.23|13.32|13.36|13.32|13.32,,26|26|21|16|30|19,366|268|302|313|327|397,47|7|14|19|10|22
Uttam Sug.Mills,https://www.screener.in/company/UTTAMSUGAR/consolidated/,993 Cr.,260,359 / 181,11.3,230,0.96 %,11.4 %,12.0 %,10.0,1.19,3.64,-0.22 %,0.00 %,10.4 %,11.5 %,4.57 %,4.64 %,%,%,%,%,0.00 %,0.82,0.00 %,9.54 Cr.,9.54 Cr.,Cr.,Fast Moving Consumer Goods,Fast Moving Consumer Goods,Agricultural Food & other Products,Sugar,1.30,54.72,30.35,0.98,-3.81|8.18|17.27|3.82|0.26|7.86|14.36|0.32,270,102,33|102|270,11.67,13|12|10,,0.1|0.03|0.26|0.13|0.07|0.04|0.26|0.04,0|0|0|0|0|0|0|0,7|11|10,2047|1846|2202,132|86|101
Emami Paper,https://www.screener.in/company/EMAMIPAP/,706 Cr.,117,134 / 55.0,7.47,81.9,2.74 %,11.4 %,12.4 %,2.00,1.11,3.04,0.01 %,-0.06 %,10.3 %,7.36 %,3.26 %,1.27 %,-7.13 %,-3.43 %,-3.43 %,39.5 %,0.00 %,1.81,0.00 %,19.4 Cr.,9.68 Cr.,11.6 Cr.,Commodities,Forest Materials,"Paper, Forest & Jute Products",Paper & Paper Products,39,32,17,7,1.25|0.28|0.65|1.04|1.09|2.81|5.21|6.38,197,44,38|-80|-15|69|275|313|246|329|32|351|44|197,10.80,10|9|11|12|16|14|15|16|9|12|7|10,,0.57|0.56|0.55|0.54|0.53|0.53|0.53|0.54,0.58|0|0|0|0.04|0.07|0.06|0,30|13|19|44|16|0|0|8|14|11|37|32,521|539|1140|1356|1538|1515|1216|1958|2381|1994|1928|1907,12|28|19|16|44|-10|51|115|69|84|26|61
Mallcom (India),https://www.screener.in/company/MALLCOM/consolidated/,605 Cr.,969,"1,530 / 900",22.6,510,0.31 %,11.4 %,9.74 %,10.0,1.54,5.62,0.01 %,0.25 %,11.2 %,12.5 %,5.57 %,7.58 %,9.54 %,-6.63 %,-6.63 %,1.38 %,0.00 %,0.38,0.00 %,1.87 Cr.,1.87 Cr.,1.87 Cr.,Industrials,Capital Goods,Industrial Products,Other Industrial Products,6.57,6.30,10.15,3.74,16.19|14.47|47.71|15.79|5.99|16.27|10.1|10.53,35,2,21|7|28|6|21|38|19|1|53|6|2|35,13.00,7|8|8|9|11|11|13|14|14|14|12|11,,0.02|0|0.04|0.78|0.26|0|0|0.01,0.43|0.43|0.44|0|0.31|0|0.01|0.26,14|13|12|15|8|7|7|6|5|5|3|6,268|275|253|247|301|288|317|357|411|421|487|540,7|9|10|8|15|19|28|32|37|36|57|30
Nelcast,https://www.screener.in/company/NELCAST/consolidated/,943 Cr.,108,173 / 86.0,23.0,68.6,0.65 %,11.4 %,8.43 %,2.00,1.31,2.85,0.03 %,0.01 %,8.32 %,7.10 %,3.65 %,2.78 %,1.67 %,17.3 %,17.3 %,39.9 %,0.00 %,0.43,0.00 %,6.09 Cr.,4.35 Cr.,4.00 Cr.,Industrials,Capital Goods,Industrial Products,Castings & Forgings,5.14,15.27,15.90,4.76,1.13|0.69|1.56|1.44|0.55|1.83|1.76|0.59,92,105,26|47|28|33|75|32|83|-13|80|20|105|92,6.80,8|11|11|10|9|9|8|6|6|7|7|8,,0.03|0|0.06|0|0.79|0.45|0.36|0.39,0|0|0|0|0.01|0.11|0.11|0.12,28|22|23|23|23|0|19|18|12|6|12|13,545|561|575|745|856|567|615|927|1264|1267|1252|1328,22|32|34|38|38|36|9|14|30|54|37|48
Sudarshan Colorants,https://www.screener.in/company/SUDARCOLOR/,876 Cr.,380,608 / 268,16.9,247,0.00 %,11.4 %,8.80 %,10.0,2.89,27.8,-0.03 %,0.00 %,7.42 %,9.91 %,6.16 %,7.01 %,0.61 %,27.9 %,27.9 %,5.04 %,0.00 %,0.04,0.00 %,0.00 Cr.,0.00 Cr.,0.00 Cr.,Commodities,Chemicals,Chemicals & Petrochemicals,Dyes And Pigments,20,13,-2,16,7.98|7.46|4.61|7.4|7.06|-0.87|5.7|8.82,34,111,-60|-148|82|-1|29|101|57|13|36|95|111|34,8.20,2.5|6|7|4.3|6|8|12|7|8|9|10|7,,0.42|0.43|1.15|1.81|1.28|0.2|0.19|0.16,3.71|8.53|10.62|9.16|10.1|0.51|0.51|0.51,11|583|236|53|124|50|215|0|0|0|0|0,1045|1140|981|1014|719|757|731|840|766|791|825|781,943|59|24|22|19|51|220|43|19|41|51|45
Manomay Tex Indi,https://www.screener.in/company/MANOMAY/,415 Cr.,230,280 / 160,20.6,94.7,0.00 %,11.4 %,12.3 %,10.0,1.37,1.91,-0.04 %,0.00 %,11.9 %,12.3 %,2.76 %,2.76 %,0.56 %,14.8 %,14.8 %,42.2 %,0.00 %,2.03,0.00 %,0.00 Cr.,0.00 Cr.,0.00 Cr.,Consumer Discretionary,Textiles,Textiles & Apparels,Other Textile Products,4.95,5.00,4.63,5.57,2.65|3.34|1.85|2.47|3.09|2.57|2.77|2.74,26,4,5|7|5|8|11|19|-1|-9|12|13|4|26,8.58,2.8|4|4.8|6|7|6|5|4.9|6|8|12|12,,1.74|1.54|1.54|1.54|1.54|1.58|1.36|1.32,,0|0|0|0|0|0|0|0|0|0|0|0,165|217|273|286|377|405|321|590|699|583|697|711,0|1|2|3|4|7|3|8|13|13|19|20
R&B Denims,https://www.screener.in/company/RNBDENIMS/consolidated/,242 Cr.,8.96,69.8 / 7.44,11.6,7.41,0.00 %,11.4 %,9.90 %,1.00,2.28,4.95,1.78 %,-0.03 %,8.65 %,12.3 %,4.07 %,7.07 %,21.0 %,12.5 %,3.47 %,12.2 %,0.00 %,0.37,0.00 %,0.00 Cr.,0.00 Cr.,0.00 Cr.,Consumer Discretionary,Textiles,Textiles & Apparels,Other Textile Products,4.38,1.12,8.29,7.13,0.17|0.37|0.28|0.3|0.26|0.31|0.04|0.16,9,23,14|6|16|16|59|24|23|9,12.40,9|8|14|14|13|14|12|9,,0|0|0.06|0.12|0.56|0.63|2.07|3.85,0|0|0|0|0|0|0.18|0.15,0|0|0|0|0|0|0|0,244|257|182|293|263|349|367|466,5|4|10|22|15|22|27|25
SMC Global Sec.,https://www.screener.in/company/SMCGLOBAL/consolidated/,"1,695 Cr.",80.9,95.0 / 54.4,15.6,62.3,1.48 %,11.4 %,8.07 %,2.00,1.64,1.65,-0.26 %,-0.01 %,20.1 %,23.8 %,5.48 %,8.29 %,15.7 %,-5.22 %,-5.22 %,1.00 %,8.38 %,1.56,-0.01 %,25.1 Cr.,25.1 Cr.,25.5 Cr.,Financial Services,Financial Services,Capital Markets,Stockbroking & Allied,37,21,31,21,2.16|2.08|0.18|1.42|0.99|1.46|1.01|1.75,-73,24,-20|-8|-233|-155|805|-393|194|-260|-193|24|-73,23.80,22|16|18|21|22|16|22|27|22|26|24|20,,2.42|2.75|2.65|2.55|2.41|2.94|2.4|2.14,0|0.01|0.02|0.03|0.05|0.04|0.01|0,16|20|21|20|15|46|22|16|21|13|17|25,370|422|526|652|757|780|902|1118|1212|1642|1778|1878,42|35|45|52|75|24|105|175|120|188|147|103
SKP Bearing,https://www.screener.in/company/SKP/consolidated/,267 Cr.,161,238 / 137,453,28.4,0.69 %,11.4 %,1.79 %,10.0,1.41,2.66,0.00 %,-2.38 %,9.60 %,15.7 %,0.86 %,4.22 %,%,%,%,%,0.00 %,0.88,0.00 %,0.00 Cr.,1.84 Cr.,Cr.,Industrials,Capital Goods,Industrial Products,Abrasives & Bearings,0.04,-0.95,-1.48,2.98,0.23|1.8|-0.89|-0.57|0.02,1,6,7|6|1,20.00,34|16|10,,0|0|0|0|0|0|0.11|0.11,1.34|1.54|2.01|2.84|3.03|3.03|2.38|0,17|62|0,52|70|103,11|3|1
GEE,https://www.screener.in/company/504028/,668 Cr.,129,143 / 53.6,37.2,41.4,0.00 %,11.4 %,7.53 %,2.00,2.28,4.28,-0.22 %,0.00 %,9.09 %,0.25 %,4.17 %,-2.77 %,-2.29 %,21.5 %,21.5 %,3.96 %,43.6 %,0.28,-0.39 %,0.00 Cr.,0.00 Cr.,0.00 Cr.,Industrials,Capital Goods,Electrical Equipment,Other Electrical Equipment,6.85,3.54,4.27,4.21,0.37|0.25|-2.9|0.19|0.81|0.82|0.68|1.32,-8,14,5|17|5|1|3|25|6|3|1|45|14|-8,6.44,8|8|7|6|5|8|10|9|6|8|0.2|9,,1.37|1.37|1.37|1.37|1.37|1.37|1.37|1.15,0.01|0.16|0.16|0.16|0.16|0|0|0,30|16|0|21|0|0|0|0|0|0|0|0,180|190|199|216|274|271|253|324|396|369|334|369,2|5|3|3|3|10|13|15|9|13|-9|13
Triton Valves,https://www.screener.in/company/TRITONV/consolidated/,555 Cr.,"1,084","1,331 / 650",28.5,250,0.23 %,11.3 %,8.91 %,10.0,1.20,2.45,0.00 %,0.00 %,6.95 %,6.38 %,1.83 %,1.05 %,16.9 %,47.4 %,44.0 %,2.16 %,0.00 %,1.03,0.15 %,0.32 Cr.,1.20 Cr.,0.75 Cr.,Consumer Discretionary,Automobile and Auto Components,Auto Components,Auto Components & Equipments,9.79,3.60,2.64,1.94,4.17|2.23|1.02|3.21|4.04|5.18|7.03|19.11,18,-14,22|6|-9|16|25|-14|18,5.98,11|10|6|3.9|7|6|7,,0.02|0|0|0|0|0|0|0,0|0.57|0.56|0.56|0.56|0|0|0,28|26|-18|-6|42|23|3,214|230|322|362|428|488|578,5|8|-3|-9|3|5|10
Supershakti Met.,https://www.screener.in/company/541701/consolidated/,346 Cr.,300,335 / 180,12.1,258,0.17 %,11.3 %,10.0 %,10.0,3.80,20.3,0.00 %,0.00 %,1.62 %,2.33 %,4.04 %,1.75 %,%,%,%,%,0.00 %,0.00,0.00 %,0.58 Cr.,0.00 Cr.,Cr.,Industrials,Capital Goods,Industrial Products,Iron & Steel Products,,17,11,8,6.55|9.21|14.81,-4,48,3|48|-4,2.13,2.5|2.3|1.6,,9.92|9.92|9.92|12.99|12.97|12.97|12.97|12.97,,0|0|2,731|737|705,13|13|28
Dynemic Products,https://www.screener.in/company/DYNPRO/consolidated/,286 Cr.,230,368 / 191,14.1,197,0.65 %,11.3 %,8.53 %,10.0,1.14,4.15,-0.04 %,0.00 %,13.8 %,13.0 %,5.31 %,4.09 %,8.56 %,107 %,103 %,-7.57 %,0.00 %,0.30,0.00 %,0.00 Cr.,0.00 Cr.,0.00 Cr.,Commodities,Chemicals,Chemicals & Petrochemicals,Specialty Chemicals,5.19,6.08,4.61,4.44,3.23|3.65|3.17|3.87|3.57|3.71|4.89|4.18,34,30,1|10|12|10|13|7|48|40|25|30|30|34,13.00,14|13|20|19|18|20|21|17|10|11|13|14,,0.01|0.26|0.35|0.51|0.04|0.15|0.08|0.04,0.25|0.28|0.28|0.18|0.87|0.8|0.31|0.31,0|22|13|10|9|7|0|0|0|0|0|0,129|130|129|164|167|182|206|252|296|284|368|379,9|8|14|18|18|24|28|14|-3|4|15|20
Atul Auto,https://www.screener.in/company/ATULAUTO/consolidated/,"1,239 Cr.",446,597 / 380,25.7,174,0.67 %,11.3 %,9.30 %,5.00,1.31,7.93,-0.31 %,-0.03 %,10.2 %,7.24 %,5.33 %,2.50 %,17.1 %,125 %,114 %,42.7 %,0.00 %,0.30,0.00 %,8.33 Cr.,0.00 Cr.,1.67 Cr.,Industrials,Capital Goods,"Agricultural, Commercial & Construction Vehicles",Commercial Vehicles,8.04,18.32,14.58,8.27,1.95|2.79|2.58|1.06|3.3|5.53|5.33|2.86,40,25,1|11|71|26|35|57|52|-169|-18|-10|25|40,5.40,-1.8|14|13|13|12|11|-2.6|-5|7|8|7|10,,0.58|0.63|0.69|0.37|0.01|0.38|0.84|0.53,0.31|0.13|0.13|0.13|0.1|0.1|0.1|0.07,45|25|25|24|16|6|0|0|0|0|0|20,80|531|475|556|667|625|296|315|513|527|723|824,1|47|37|48|55|54|-8|-25|3|7|18|43
Filtron Engineer,https://www.screener.in/company/531191/consolidated/,460 Cr.,72.4,106 / 24.0,79.8,9.49,0.00 %,11.3 %,14.8 %,10.0,1.53,17.3,0.00 %,0.00 %,4.90 %,-160 %,5.46 %,-120 %,%,%,%,%,0.00 %,0.27,71.1 %,0.00 Cr.,0.00 Cr.,Cr.,Services,Services,Commercial Services & Supplies,Trading & Distributors,1.53,2.87,1.46,-0.10,-0.23|-0.04|-0.31|-0.38|0.23|0.45|0.24,-22.71,-0.56,-0.56|-22.71,-77.55,-160|4.9,,,,0|0,0.25|76.07,-0.3|4.15
Antony Waste han,https://www.screener.in/company/AWHCL/consolidated/,"1,036 Cr.",365,605 / 338,17.7,260,0.14 %,11.2 %,10.9 %,5.00,1.18,1.99,-1.71 %,-0.01 %,19.6 %,20.9 %,8.76 %,7.70 %,7.23 %,3.34 %,3.22 %,10.9 %,0.23 %,0.62,0.00 %,1.42 Cr.,0.00 Cr.,0.28 Cr.,Utilities,Utilities,Other Utilities,Waste Management,0.74,36.90,14.64,17.26,4.26|5.55|14.09|6.26|4.81|4.05|11.46|0.27,143,188,58|63|36|31|108|112|105|90|140|188|143,20.20,30|28|25|27|28|25|23|17|20|21|20,,11.36|10.46|10.99|13.09|12.81|11.78|14.79|13.08,4.01|4.42|4.7|3.68|3.68|3.72|3.39|3.38,0|0|0|0|0|0|0|0|0|0|2,220|244|276|284|451|465|648|854|866|934|1053,23|31|40|35|47|64|90|85|100|101|92
United Nilgiri,https://www.screener.in/company/UNITEDTEA/,216 Cr.,432,590 / 412,10.6,483,0.74 %,11.2 %,9.40 %,10.0,5.31,205,0.00 %,-0.34 %,23.8 %,17.1 %,26.0 %,20.6 %,-0.12 %,24.4 %,24.4 %,14.6 %,0.00 %,0.00,0.00 %,1.60 Cr.,1.50 Cr.,1.53 Cr.,Fast Moving Consumer Goods,Fast Moving Consumer Goods,Agricultural Food & other Products,Tea & Coffee,6.38,3.66,5.32,4.94,12.89|9.05|7.67|16.05|9.89|10.65|7.32|12.77,13,21,8|11|9|6|11|8|9|5|15|8|21|13,18.40,24|25|23|21|21|20|16|15|16|20|17|24,,,3.92|3.92|3.92|3.92|3.92|3.92|3.92|3.58,16|13|15|11|9|13|11|18|11|8|8|7,51|57|54|62|66|63|66|76|84|84|90|83,9|10|9|12|14|11|12|10|12|16|19|22
Allcargo Termi,https://www.screener.in/company/ATL/consolidated/,707 Cr.,24.2,38.0 / 18.2,16.8,12.1,0.00 %,11.2 %,12.8 %,2.00,0.74,1.92,0.00 %,0.00 %,19.7 %,17.0 %,4.84 %,4.30 %,5.16 %,-11.5 %,%,%,0.00 %,2.18,0.00 %,0.00 Cr.,0.00 Cr.,0.00 Cr.,Services,Services,Transport Infrastructure,Port & Port services,6.37,8.77,15.03,11.30,0.39|0.41|-0.06|0.31|0.39|0.51|0.3|0.22,157,108,1|125|99|108|157,16.80,11|20|16|17|20,,6.84|6.82|6.23|5.36|5.35|5.32|5.34|5.34,0|0|0|0.03|0.06|0.1|0.21|0.21,0|0|0|0|0,128|706|733|758|821,4|59|45|30|44
Fedders Holding,https://www.screener.in/company/FEDDERSHOL/consolidated/,"1,065 Cr.",52.9,63.5 / 28.6,14.0,35.8,0.00 %,11.2 %,11.6 %,1.00,6.78,15.4,0.11 %,0.00 %,-1.46 %,9.44 %,22.8 %,8.14 %,37.7 %,61.6 %,-9.79 %,51.7 %,0.00 %,0.09,0.00 %,0.00 Cr.,0.00 Cr.,0.00 Cr.,Financial Services,Financial Services,Finance,Non Banking Financial Company (NBFC),11,24,37,14,0.34|0.2|0.33|0.82|0.72|1.82|1.18|0.54,64,-237,-2|-43|-2|-3|-4|6|-11|-64|-18|-109|-237|64,,,,0.06|0.06|0.06|0.06|0.09|0.09|0.09|0.2,0|0|0|0.06|0.06|0.17|0.17|0.17,0|0|0|0|0|0|0|0|0|0|0|0,,1|2|1|1|2|1|2|750|21|94|38|91
UFO Moviez,https://www.screener.in/company/UFO/consolidated/,237 Cr.,61.0,93.0 / 53.7,9.85,83.8,0.00 %,11.2 %,6.33 %,10.0,1.57,3.59,0.09 %,-0.01 %,15.7 %,13.6 %,4.09 %,1.80 %,6.78 %,51.3 %,50.9 %,16.2 %,0.00 %,0.29,-5.87 %,0.00 Cr.,0.00 Cr.,0.00 Cr.,Consumer Discretionary,"Media, Entertainment & Publication",Entertainment,"Film Production, Distribution & Exhibition",5.64,4.48,6.39,7.52,-0.23|3.95|-0.18|1.68|1.94|1.65|1.15|1.45,58,50,114|125|159|95|98|120|-16|-26|6|77|50|58,4.40,33|32|31|29|27|23|-100|-32|8|16|14|16,,0.67|0.73|0.85|0.7|0.66|0.82|0.84|0.93,24.35|24.26|24.22|24.22|24.22|24.22|24.22|24.21,0|35|46|56|128|110|0|0|0|0|0|0,478|570|599|594|612|502|88|160|396|408|422|482,53|67|60|61|65|39|-118|-87|-13|16|10|25
Salzer Electron.,https://www.screener.in/company/SALZERELEC/,973 Cr.,550,953 / 489,22.0,327,0.45 %,11.2 %,9.55 %,10.0,1.38,2.20,0.06 %,0.09 %,8.25 %,9.21 %,3.09 %,3.36 %,19.2 %,13.8 %,10.4 %,18.4 %,17.2 %,0.92,0.00 %,4.42 Cr.,4.42 Cr.,3.92 Cr.,Industrials,Capital Goods,Electrical Equipment,Other Electrical Equipment,8.47,10.02,12.74,13.47,14.82|8.24|4.65|9.95|7.62|7.2|5.67|4.79,42,-21,26|-15|1|4|52|36|14|-14|23|20|-21|42,8.80,13|12|12|12|11|12|10|8|9|10|9|8,,2.65|3.97|2.58|2.35|2.39|2.56|4.45|4.51,0.11|0.39|0.1|0.01|0.02|0.02|0.01|0.1,13|13|13|12|11|0|12|13|10|10|7|8,283|361|385|443|560|567|606|784|1013|1136|1383|1715,12|17|17|20|24|26|21|22|36|43|62|54
Ruchira Papers,https://www.screener.in/company/RUCHIRA/,325 Cr.,109,168 / 95.2,9.75,166,2.30 %,11.1 %,9.18 %,10.0,1.68,5.44,-0.04 %,0.03 %,12.5 %,16.2 %,6.80 %,10.2 %,-6.85 %,-13.2 %,-13.2 %,51.6 %,0.00 %,0.37,0.00 %,7.46 Cr.,14.9 Cr.,11.5 Cr.,Commodities,Forest Materials,"Paper, Forest & Jute Products",Paper & Paper Products,6.14,9.53,2.04,15.60,5.92|5.52|6.17|5.69|5.23|0.68|3.19|2.06,65,92,38|40|33|47|23|38|34|35|62|41|92|65,12.80,11|13|15|17|17|9|6|10|14|12|16|12,,1.03|0.97|0.91|1.29|0.96|0.9|0.9|0.86,0|0|0|0|0|0|0|0.03,23|17|16|13|14|0|49|15|22|30|22|17,345|361|416|447|494|481|415|613|803|658|659|649,13|19|32|38|40|27|5|33|68|49|67|44
Ratnabhumi Dev.,https://www.screener.in/company/540796/consolidated/,238 Cr.,174,318 / 174,194,32.1,0.00 %,11.0 %,7.40 %,10.0,4.33,1.09,0.00 %,0.00 %,29.4 %,9.52 %,5.11 %,2.74 %,%,139 %,139 %,30.8 %,0.00 %,2.75,0.00 %,0.00 Cr.,0.00 Cr.,0.00 Cr.,Consumer Discretionary,Realty,Realty,"Residential, Commercial Projects",0.07,0.28,0.61,0.25,0.38|0.43|1.92|1.46|0.18|0.45|0.2|0.07,12.25,89.81,-2.24|3.3|-63.95|-59.56|-49.05|89.81|12.25,2036.38,61.86|24.63|1431.25|3154.55|5557.14|9.52|29.42,,,,0|0|0|0|0|0|0,0.97|4.06|-1.08|-11.82|-7.91|209.45|61.45,0.36|0.82|0.17|0.23|0.26|5.73|3.14
DCM Shriram Inds,https://www.screener.in/company/DCMSRIND/,333 Cr.,38.2,63.1 / 31.9,10.2,41.9,1.05 %,11.0 %,11.9 %,2.00,1.10,3.04,-0.05 %,-0.02 %,8.64 %,7.29 %,3.58 %,2.70 %,-21.0 %,-11.5 %,-11.5 %,-8.81 %,0.00 %,1.17,0.00 %,3.48 Cr.,17.4 Cr.,12.0 Cr.,Fast Moving Consumer Goods,Fast Moving Consumer Goods,Agricultural Food & other Products,Sugar,1.55,15.91,11.54,3.47,2.58|0.88|2.27|1.23|0.4|1.33|1.83|0.18,96,86,-46|68|74|63|84|38|225|62|169|77|86|96,8.00,4.9|7|13|6|7|8|8|7|6|11|7|9,,2.15|2|1.84|1.78|1.66|1.49|1.17|1.12,7.51|11.96|12.39|13.32|12.78|12.72|12.72|12.7,40|16|14|12|14|9|20|20|14|15|58|8,1298|1216|1494|1704|1689|1795|1943|2123|2351|2083|1080|1160,4|33|120|58|74|96|66|66|60|115|30|42
Bhageria Indust.,https://www.screener.in/company/BHAGERIA/,"1,461 Cr.",335,347 / 128,19.7,138,0.75 %,11.0 %,7.77 %,5.00,2.63,51.1,-0.39 %,0.00 %,10.7 %,14.0 %,5.16 %,4.88 %,20.2 %,48.5 %,48.5 %,-6.34 %,0.00 %,0.01,0.00 %,10.9 Cr.,6.55 Cr.,8.73 Cr.,Commodities,Chemicals,Chemicals & Petrochemicals,Dyes And Pigments,36,14,12,12,1.54|2.96|3.78|2.75|2.79|2.75|3.23|8.23,102,53,38|32|56|40|137|59|62|85|13|34|53|102,12.80,14|11|18|22|27|24|26|19|11|9|14|11,,0.21|0|0.02|0.02|0.13|0.94|0.44|0.05,,11|26|18|22|18|20|24|25|29|22|15|22,412|238|347|367|462|414|399|596|501|495|597|871,37|15|43|40|72|66|62|70|15|20|42|50
Rhetan TMT Ltd,https://www.screener.in/company/RHETAN/,"1,559 Cr.",19.6,34.9 / 19.1,123,1.36,0.00 %,11.0 %,10.2 %,1.00,4.25,12.5,-0.52 %,0.00 %,27.6 %,10.7 %,42.1 %,8.34 %,-34.3 %,23.9 %,23.9 %,33.7 %,0.00 %,0.39,0.00 %,0.00 Cr.,0.00 Cr.,0.00 Cr.,Industrials,Capital Goods,Industrial Products,Iron & Steel Products,3.16,2.22,4.45,2.87,0.03|0.02|0.01|0.01|0.04|0.06|0.03|0.04,1,5,-12|-7|-14|-44|14|5|1,13.40,2.9|3|7|10|11|11|28,,0.15|0|0|0|0|0.63|0.86|0.34,,0|0|0|0|0|0|0|0|0|0|0,0|0|0|0|0|20|52|67|86|65|37|24,0|-2|0|0|0|-1|0|2|5|4|3|10
Akanksha Power,https://www.screener.in/company/AKANKSHA/consolidated/,273 Cr.,140,140 / 57.0,47.1,36.6,0.00 %,11.0 %,8.41 %,10.0,1.24,3.15,0.00 %,0.00 %,12.4 %,10.4 %,6.35 %,5.60 %,25.7 %,25.6 %,-43.2 %,%,13.3 %,0.60,0.00 %,0.00 Cr.,0.00 Cr.,Cr.,Industrials,Capital Goods,Electrical Equipment,Other Electrical Equipment,2.41,2.83,1.55,2.19,0.61|1.12|0.82|1.45|1.23,10.18,-0.11,4.02|-22.93|-0.11|10.18,11.06,11.41|9.96|10.45|12.43,,3.18|0.95|0.25|0|0,1.07|0.05|0|0|0,0|0|0|0,46.09|56.53|78.74|91.62,2.84|2.91|4.38|5.85
Coral Labs.,https://www.screener.in/company/524506/,204 Cr.,570,679 / 360,10.7,585,0.35 %,11.0 %,7.79 %,10.0,5.41,187,0.00 %,0.00 %,17.7 %,22.8 %,18.6 %,21.5 %,3.22 %,35.5 %,35.5 %,3.37 %,0.00 %,0.02,0.00 %,0.71 Cr.,0.54 Cr.,0.25 Cr.,Healthcare,Healthcare,Pharmaceuticals & Biotechnology,Pharmaceuticals,5.39,5.22,2.78,5.82,17.86|17.19|7.92|7.17|16.29|7.78|14.61|15.09,16,-1,0|5|11|13|-1|-4|1|6|13|-5|-1|16,15.18,21|21|24|17|14|8|16|11|4.9|19|23|18,,0|0|0|0|0|0|0|0,,9|9|11|6|7|0|0|0|0|0|2|4,59|77|95|92|91|71|97|76|78|84|115|86,10|12|16|12|10|7|14|9|6|16|24|16
Bajel Projects,https://www.screener.in/company/BAJEL/consolidated/,"1,989 Cr.",172,225 / 135,73.7,64.6,0.35 %,11.0 %,4.10 %,2.00,1.20,1.64,0.03 %,-0.38 %,3.97 %,2.90 %,1.04 %,0.75 %,%,%,%,%,2.55 %,0.49,0.00 %,6.94 Cr.,0.00 Cr.,Cr.,Industrials,Capital Goods,Electrical Equipment,Heavy Electrical Equipment,4.73,14.14,-0.42,3.60,0.32|0.13|0.42|0.26|0.31|-0.04|1.22|0.41,21,69,195|69|21,2.77,1.4|2.9|4,,0.5|0.28|0.31|0.32|0.67|0.4|0.5|0.53,8.29|9.54|9.6|10.3|8.66|9.06|9.58|9.2,0|0|34,1169|2598|2792,4|15|20
Singer India,https://www.screener.in/company/SINGERIND/,475 Cr.,76.3,94.3 / 55.2,25.4,28.6,0.52 %,10.9 %,7.92 %,2.00,2.33,46.2,0.00 %,0.00 %,2.77 %,1.36 %,2.40 %,1.72 %,6.58 %,66.5 %,65.6 %,1.63 %,0.00 %,0.03,0.00 %,2.49 Cr.,0.00 Cr.,1.57 Cr.,Consumer Discretionary,Consumer Durables,Consumer Durables,Household Appliances,3.00,5.90,5.39,3.83,0.21|0.24|0.66|-0.38|0.62|0.87|0.95|0.48,37,-25,4|4|-7|-5|0|17|29|14|-1|1|-25|37,1.48,3.1|3.4|3|3.2|3.2|3.4|4.5|2.3|0.5|0.4|1.4|2.8,,,0|0.02|0.02|0.02|0.02|0.02|0.02|0.02,42|45|49|45|46|0|51|70|0|0|0|20,281|236|369|422|483|451|415|453|460|425|432|557,6|6|8|9|9|8|11|8|8|4|7|13
Apollo Sindoori,https://www.screener.in/company/APOLSINHOT/consolidated/,316 Cr.,"1,215","1,443 / 950",32.6,604,0.25 %,10.9 %,7.75 %,5.00,1.52,2.93,0.00 %,0.00 %,4.64 %,3.54 %,1.86 %,1.38 %,19.8 %,4.69 %,4.69 %,4.34 %,0.00 %,0.58,0.00 %,0.78 Cr.,0.65 Cr.,0.55 Cr.,Consumer Discretionary,Consumer Services,Leisure Services,Hotels & Resorts,1.76,2.71,0.76,3.09,8.54|7.15|8.31|15.19|11.88|2.92|10.42|6.77,40,21,3|6|8|18|21|22|17|18|2|14|21|40,4.68,6|4.5|9|7|7|4.3|3|6|4.5|4.8|3.5|4.6,,0|0.03|0.01|0.04|0|0|0|0,0|0|0|0|0|0|0|0,9|40|3|4|4|3|3|3|2|5|8|7,141|186|133|140|165|193|169|208|367|519|542|632,4|1|12|15|21|15|10|15|17|11|8|10
T N Petro Prod.,https://www.screener.in/company/TNPETRO/consolidated/,"1,131 Cr.",126,147 / 78.7,8.29,113,1.19 %,10.9 %,9.20 %,10.0,1.60,8.92,0.33 %,0.00 %,8.95 %,3.52 %,6.06 %,1.97 %,-12.0 %,-1.40 %,-1.40 %,-4.38 %,0.00 %,0.46,0.00 %,13.5 Cr.,10.8 Cr.,15.1 Cr.,Commodities,Chemicals,Chemicals & Petrochemicals,Petrochemicals,80,8,20,34,0.52|1.3|2.99|3.92|3.81|2.21|0.9|8.9,-100,207,34|73|46|82|78|86|93|112|87|161|207|-100,7.36,-2.8|-0.5|8|9|7|8|15|14|6|4.3|3.5|9,,5.85|5.35|5.56|7.53|8.76|9.48|10.78|11.11,0.03|0.03|0.03|0.03|0|0|0|0,0|0|0|8|16|21|18|15|14|22|18|14,950|701|889|1049|1245|1225|1145|1806|2150|1669|1827|1466,-43|37|13|53|57|63|126|175|94|50|58|97
One Point One,https://www.screener.in/company/ONEPOINT/consolidated/,"1,568 Cr.",59.6,66.0 / 40.6,34.0,17.0,0.00 %,10.9 %,9.22 %,2.00,2.64,5.23,-0.93 %,-0.05 %,23.2 %,24.2 %,12.5 %,10.8 %,30.7 %,64.7 %,47.3 %,32.0 %,36.0 %,0.49,0.00 %,0.00 Cr.,0.00 Cr.,0.00 Cr.,Services,Services,Commercial Services & Supplies,Business Process Outsourcing (BPO)/ Knowledge Process Outsourcing (KPO),16,10,9,10,0.33|0.33|0.33|0.36|0.37|0.33|0.39|0.62,121,28,12|9|32|22|-2|27|22|27|28|121,24.40,17|20|19|22|8|21|24|30|24|23,,3.19|16.53|16.14|15.91|13.55|7.02|6.15|5.22,0.6|0.72|0.52|0.36|0.19|1.03|1|0.95,0|9|2|0|0|0|0|0|0|0,96|121|153|125|102|132|140|170|256|313,7|9|10|-20|-14|3|9|21|33|38
Novelix Pharma.,https://www.screener.in/company/536565/,223 Cr.,78.3,92.0 / 38.0,61.6,22.0,0.00 %,10.9 %,8.00 %,10.0,1.94,37.2,0.00 %,0.00 %,2.68 %,0.46 %,1.93 %,0.26 %,310 %,255 %,164 %,18.1 %,0.00 %,0.00,4.86 %,0.00 Cr.,0.00 Cr.,0.00 Cr.,Healthcare,Healthcare,Healthcare Services,"Healthcare Research, Analytics & Technology",1.18,0.91,1.00,0.53,0.13|0.15|0.18|0.09|0.37|0.58|0.43|0.49,-22,-14,0|2|-1|1|0|1|1|1|-2|0|-14|-22,-30.76,33|43|5|15|6|12|-244|-151|0|-6|0.5|2.7,,,,0|0|0|0|0|0|0|0|0|0|0|0,1|1|4|3|4|2|1|1|2|4|31|132,0|0|0|0|0|0|-3|-2|0|0|0|3
Cineline India,https://www.screener.in/company/CINELINE/,344 Cr.,90.4,105 / 73.0,25.6,45.2,1.38 %,10.9 %,8.06 %,5.00,0.69,2.32,-0.22 %,0.00 %,20.9 %,19.0 %,5.07 %,4.15 %,40.4 %,3.54 %,0.75 %,2.16 %,46.6 %,0.78,-1.42 %,0.00 Cr.,0.00 Cr.,0.00 Cr.,Consumer Discretionary,"Media, Entertainment & Publication",Entertainment,"Film Production, Distribution & Exhibition",-1.21,3.32,6.21,4.05,0.25|0.32|-16.35|-0.6|1.18|1.81|0.97|-0.35,38,48,4|-6|8|77|-2|21|-96|-1|58|21|48|38,18.80,55|66|67|65|66|66|54|26|6|22|19|21,,1.43|1.11|1.41|2.19|2.19|2.19|2.19|1.97,0.03|0.03|0.03|0.03|0|0|0|0,0|0|13|0|0|0|0|0|0|0|0|0,20|22|22|22|24|26|17|12|86|190|211|237,4|6|11|11|10|8|8|-7|11|-2|-61|12
Saraswati Commer,https://www.screener.in/company/ZSARACOM/consolidated/,"1,140 Cr.","10,400","14,800 / 8,650",8.62,"10,050",0.00 %,10.9 %,8.92 %,10.0,0.64,64.0,0.00 %,0.00 %,95.4 %,93.3 %,76.3 %,70.8 %,71.4 %,99.1 %,95.0 %,31.6 %,0.00 %,0.00,0.00 %,0.00 Cr.,0.00 Cr.,0.00 Cr.,Financial Services,Financial Services,Finance,Non Banking Financial Company (NBFC),64,-16,25,60,614.91|-382.56|-209.42|215.17|550.23|225.84|-148.83|579.98,-114,9,-16|-23|-6|-16|-18|-5|50|27|33|9|-114,,,,,,0|0|0|0|0|0|0|0|0|0|0,,14|5|16|7|-10|21|65|12|104|53|92
Precot,https://www.screener.in/company/PRECOT/consolidated/,792 Cr.,660,899 / 300,15.5,401,0.61 %,10.8 %,7.72 %,10.0,1.14,2.92,0.00 %,0.00 %,12.7 %,13.1 %,4.05 %,3.77 %,-2.44 %,48.3 %,48.3 %,2.17 %,0.00 %,0.72,0.00 %,0.00 Cr.,3.60 Cr.,2.52 Cr.,Consumer Discretionary,Textiles,Textiles & Apparels,Other Textile Products,27,12,6,7,8.76|7.69|3.12|9.42|5.86|4.82|9.78|22.18,90,116,91|29|20|11|75|61|26|56|49|121|116|90,11.44,2.9|4.4|4.3|3.1|7|7|14|19|3.2|9|13|13,,0.23|0.23|0.23|0.03|0|0|0|0,0.18|0.78|0|0|0|0|0|0,0|0|0|0|0|0|0|7|0|11|11|0,747|684|679|709|790|726|665|993|954|841|868|886,-33|-56|-24|-6|-8|-17|33|105|-26|17|33|36
Gennex Lab.,https://www.screener.in/company/531739/consolidated/,250 Cr.,10.3,17.2 / 7.05,13.3,9.16,0.00 %,10.8 %,9.25 %,1.00,3.66,7.04,0.00 %,0.00 %,13.0 %,12.1 %,12.5 %,13.2 %,38.1 %,57.1 %,41.3 %,27.9 %,21.8 %,0.36,0.00 %,0.00 Cr.,0.00 Cr.,0.00 Cr.,Healthcare,Healthcare,Pharmaceuticals & Biotechnology,Pharmaceuticals,4.67,4.46,6.00,5.51,0.21|0.2|0.1|0.2|0.21|0.22|0.15|0.18,-64,-11,0|3|2|-2|-1|12|24|-47|-11|-64,12.20,11|5|7|6|11|9|7|20|12|13,,,,0|0|0|0|0|0|0|0|0|0,42|44|56|56|60|61|66|87|138|173,3|1|2|2|4|4|5|13|18|21
GP Petroleums,https://www.screener.in/company/GULFPETRO/,316 Cr.,61.9,73.4 / 23.2,7.25,69.6,0.81 %,10.8 %,8.38 %,5.00,4.69,33.2,-0.13 %,0.00 %,6.03 %,6.50 %,4.46 %,4.35 %,-6.67 %,2.24 %,2.24 %,10.4 %,0.00 %,0.07,0.00 %,2.55 Cr.,0.00 Cr.,0.51 Cr.,Energy,"Oil, Gas & Consumable Fuels",Petroleum Products,Lubricants,21,9,5,5,0.95|1.31|1.69|1.26|1.07|1.03|1.83|4.16,44,-8,-18|17|29|-35|-12|111|-56|62|11|55|-8|44,5.42,3.5|7|6|7|6|6|4.4|4.2|4.9|6|6|6,,0.47|0.47|0.46|0.37|0.41|0.42|0.5|0.37,0|0.12|0|0|0|0|0|0,10|19|19|23|24|25|0|0|0|0|0|10,407|422|480|519|607|495|610|718|790|655|610|643,5|14|20|16|16|16|18|19|25|28|26|26
Advani Hotels.,https://www.screener.in/company/ADVANIHOTR/,443 Cr.,47.9,66.5 / 46.8,18.8,55.7,3.76 %,10.8 %,8.21 %,2.00,1.30,347,0.00 %,0.00 %,30.2 %,32.2 %,23.0 %,24.5 %,2.66 %,-4.88 %,-4.90 %,51.1 %,0.00 %,0.01,0.00 %,16.6 Cr.,17.6 Cr.,17.9 Cr.,Consumer Discretionary,Consumer Services,Leisure Services,Hotels & Resorts,1.39,11.71,10.78,-0.98,-0.06|1.29|1.24|0.25|-0.11|1.17|1.27|0.15,23,21,10|12|14|15|11|14|2|13|26|29|21|23,31.00,23|26|29|24|23|24|-10|21|40|32|32|30,,0.2|0.2|0.2|0.22|0.21|0.2|0.2|0.2,0.1|0.1|0.05|0.05|0.05|0.05|0.05|0.05,54|35|31|37|81|78|0|99|55|133|66|70,48|53|60|62|70|70|27|51|99|105|107|107,4|6|9|9|11|11|-4|7|29|25|26|24
Royal Orch.Hotel,https://www.screener.in/company/ROHLTD/consolidated/,836 Cr.,305,563 / 269,31.4,94.1,0.82 %,10.8 %,12.7 %,10.0,1.06,1.62,0.03 %,0.04 %,23.0 %,22.9 %,8.34 %,14.9 %,13.4 %,-13.0 %,-13.0 %,25.9 %,0.00 %,2.48,0.00 %,6.86 Cr.,6.86 Cr.,5.21 Cr.,Consumer Discretionary,Consumer Services,Leisure Services,Hotels & Resorts,6.80,8.21,9.62,4.30,2.73|6.49|4.79|3.99|1.56|3.29|2.9|2.34,82,25,26|23|27|25|41|29|5|22|56|59|25|82,24.00,14|13|11|17|17|15|-14|17|31|26|23|23,,6.68|6.67|7.3|7.72|8.3|8.32|8.54|8.57,0.67|0.71|0.73|0.8|0.81|0.84|0.87|0.91,0|0|-60|122|46|0|0|0|12|14|15|21,148|159|175|189|204|205|81|139|264|294|319|384,-7|-4|-5|2|13|5|-40|27|49|51|47|33
Hindustan Media,https://www.screener.in/company/HMVL/consolidated/,597 Cr.,81.1,108 / 55.2,3.73,215,0.00 %,10.8 %,3.33 %,10.0,0.36,23.5,0.00 %,0.00 %,15.2 %,8.88 %,7.02 %,11.1 %,1.21 %,48.0 %,48.0 %,-5.79 %,0.00 %,0.05,0.00 %,0.00 Cr.,0.00 Cr.,0.00 Cr.,Consumer Discretionary,"Media, Entertainment & Publication",Media,Print Media,51,27,1,10,1.88|2.44|6.16|1.39|1.37|0.12|3.73|6.95,72,38,164|143|122|57|51|203|50|52|16|38|72,0.70,29|22|21|5|12|1.3|1.5|-12|-10|9|15,,0.2|0.2|0.16|0.16|0.16|0.11|0.1|0.1,,5|5|5|8|0|0|0|0|0|0|0,918|933|880|867|796|545|669|713|704|673|740,179|190|175|108|116|69|41|-38|10|78|49
ICE Make Refrig.,https://www.screener.in/company/ICEMAKE/,"1,082 Cr.",686,920 / 660,99.5,86.2,0.33 %,10.8 %,8.24 %,10.0,1.16,2.09,-0.21 %,-0.76 %,6.39 %,8.85 %,1.63 %,4.93 %,30.2 %,-19.7 %,-19.7 %,19.2 %,8.03 %,1.15,-9.68 %,3.55 Cr.,3.55 Cr.,3.00 Cr.,Industrials,Capital Goods,Industrial Manufacturing,Industrial Products,-1.41,9.72,1.11,1.45,3.1|1.88|7.3|-0.88|0.92|0.7|6.16|-0.89,-14,30,5|1|8|0|7|-2|12|9|22|10|30|-14,8.60,8|10|11|12|11|10|8|7|10|11|9|6,,0|0.33|0.01|0.01|0.11|0.22|0.31|0.01,0.58|0.87|1.21|1.31|1.99|1.64|1.38|0.88,0|0|0|24|24|28|42|23|13|12|15|33,50|72|88|101|129|136|131|200|303|370|472|667,1|3|5|7|8|7|4|8|21|27|23|11
Chembond Materi.,https://www.screener.in/company/CHEMBOND/consolidated/,259 Cr.,193,237 / 105,17.2,125,1.04 %,10.8 %,8.84 %,5.00,1.97,49.1,0.00 %,0.88 %,7.45 %,6.77 %,5.71 %,8.10 %,-17.2 %,-15.7 %,-15.7 %,-6.80 %,0.00 %,0.02,0.03 %,2.69 Cr.,2.35 Cr.,4.10 Cr.,Commodities,Chemicals,Chemicals & Petrochemicals,Specialty Chemicals,5.73,3.48,1.59,3.83,4.69|2.42|2.51|2.98|2.86|1.19|2.6|4.28,15,19,24|-27|5|-12|-12|24|25|-10|1|94|19|15,6.12,9|4.2|6|7|8|3.7|7|4.9|8|3.7|7|7,,0.69|0.81|0.61|0.61|0.61|0.61|0.61|0.61,1.18|1.26|1.32|1.13|0.74|0.74|0.74|1.62,16|4|11|11|16|144|15|48|16|42|13|21,299|270|291|327|301|268|274|349|440|178|201|250,14|156|23|24|20|3|20|14|25|11|18|13
Go Fashion (I),https://www.screener.in/company/GOCOLORS/,"1,609 Cr.",306,743 / 237,30.1,131,0.00 %,10.8 %,8.52 %,10.0,3.44,2.43,-0.91 %,-2.55 %,28.6 %,32.0 %,7.05 %,11.0 %,8.00 %,-9.89 %,-9.09 %,61.8 %,7.56 %,0.77,1.25 %,0.00 Cr.,0.00 Cr.,0.00 Cr.,Consumer Discretionary,Consumer Services,Retailing,Speciality Retail,16,8,7,22,3.82|4.5|3.68|4.12|4.04|1.33|1.51|3.14,165,199,6|-4|33|57|90|33|104|219|199|165,31.20,14|19|28|33|19|31|32|32|32|29,,11.79|11.97|11.7|9.68|8.6|7.51|4.41|3.5,32.82|32.86|33.26|34.57|35|32.83|28.43|25.88,0|0|0|0|0|0|0|0|0|0,114|189|285|392|251|401|665|763|848|838,8|21|31|53|-4|36|83|83|94|59
Parin Enterpris.,https://www.screener.in/company/PARIN/consolidated/,783 Cr.,704,748 / 482,121,67.5,0.03 %,10.7 %,9.29 %,10.0,1.76,2.45,-0.14 %,0.00 %,8.67 %,11.4 %,3.03 %,4.55 %,45.0 %,30.6 %,30.6 %,7.05 %,0.00 %,1.21,-0.26 %,0.00 Cr.,0.22 Cr.,0.04 Cr.,Consumer Discretionary,Consumer Durables,Consumer Durables,"Furniture, Home Furnishing",4,3,6,1,0.24|2.53|1.33|0.71|0.99|4.67|2.25|3.42,3,-12,2|5|-4|2|3|-1|4|-12|3,11.00,15|13|13|14|13|11|11|11|9,,0|0|0|0|0|0|0.4|0.26,,0|0|0|0|0|0|0|4|0,65|71|67|84|77|81|82|168|248,4|4|4|5|4|3|2|7|7
Equippp Social,https://www.screener.in/company/EQUIPPP/consolidated/,253 Cr.,24.5,25.9 / 13.8,137,0.91,0.00 %,10.7 %,20.1 %,1.00,3.47,21.0,0.00 %,0.00 %,6.97 %,27.4 %,4.04 %,8.12 %,210 %,88.6 %,88.6 %,%,0.00 %,1.19,0.00 %,0.00 Cr.,0.00 Cr.,0.00 Cr.,Information Technology,Information Technology,IT - Software,Computers - Software & Consulting,0.30,0.97,0.36,0.22,-0.05|-0.03|0.15|0.03|0.02|0.03|0.09|0.03,1.95,-0.57,-6.12|-25.9|60.95|78.03|-14.72|-13|-0.16|0.38|-1.02|-0.57|1.95,16.16,28.35|18.61|17.63|-44.31|-169.62|3.05|38|5.35|27.45|6.97,,,,12.03|11.59|9.61|0|0|0|0|0|0|0|0,105.94|294.58|551.25|560.34|74.46|129.67|0|1.5|1.87|7.14|44.79,22.94|57.03|72.69|-295.48|-146.98|1.41|-2.95|0.27|-0.28|0.58|1.81
Shradha Realty,https://www.screener.in/company/SHRADHA/consolidated/,243 Cr.,30.0,51.8 / 26.3,9.13,36.7,2.00 %,10.7 %,11.9 %,2.00,4.27,12.9,0.00 %,0.00 %,22.0 %,26.8 %,25.5 %,17.5 %,8.99 %,35.9 %,35.9 %,75.4 %,0.00 %,0.34,0.01 %,4.86 Cr.,2.53 Cr.,2.39 Cr.,Consumer Discretionary,Realty,Realty,"Residential, Commercial Projects",4.19,12.46,4.91,7.26,0.48|0.51|0.68|0.47|0.79|0.66|1.4|0.44,-42,-22,14|4|-4|-2|-22|-14|-39|34|25|-22|-42,5.40,42|4.9|24|9|-12|-65|-56|14|20|27|22,,0|0|0|0|0|0|0|0,,0|0|0|14|0|0|0|18|11|14|18,27|39|11|10|3|1|2|90|110|107|117,9|5|4|3|2|2|1|14|20|22|30
Plastiblends (I),https://www.screener.in/company/PLASTIBLEN/,485 Cr.,187,216 / 121,11.4,173,1.61 %,10.7 %,7.59 %,5.00,3.74,27.0,0.01 %,0.00 %,6.90 %,6.88 %,4.33 %,3.98 %,0.74 %,7.91 %,7.91 %,-2.27 %,0.00 %,0.05,0.00 %,7.79 Cr.,6.50 Cr.,9.22 Cr.,Commodities,Chemicals,Chemicals & Petrochemicals,Specialty Chemicals,15,14,6,7,2.43|2.58|3.68|3.43|2.86|2.49|5.33|5.75,21,9,37|71|25|15|59|74|48|15|72|38|9|21,7.40,10|12|12|10|10|12|12|9|7|7|7|7,,0.65|0.64|0.69|0.53|0.24|0.24|0.24|0.25,0|0|0|0|0|0|0|0,24|24|10|24|23|26|28|28|39|32|19|21,484|511|545|568|627|587|555|699|751|781|758|768,30|38|33|27|31|37|37|37|27|35|33|37
Alicon Cast.,https://www.screener.in/company/ALICON/consolidated/,"1,197 Cr.",729,"1,025 / 580",32.2,385,0.69 %,10.6 %,7.03 %,5.00,1.11,2.50,0.00 %,-0.91 %,11.3 %,11.3 %,2.42 %,2.68 %,8.22 %,-5.95 %,-6.38 %,83.7 %,0.00 %,0.56,-0.22 %,8.17 Cr.,8.94 Cr.,8.58 Cr.,Consumer Discretionary,Automobile and Auto Components,Auto Components,Auto Components & Equipments,11,8,3,14,10.34|0.48|5.8|5.7|8.5|2.02|4.86|6.98,239,204,53|69|35|41|102|57|112|77|87|158|204|239,11.20,10|10|11|11|12|11|10|10|11|13|11|11,,0.89|0.46|0.25|0.16|0.21|0.18|0.2|0.2,11.38|11.59|11.93|11.89|11.92|11.49|11.53|10.62,17|21|21|22|18|10|0|15|20|20|19|24,714|749|772|1013|1189|957|849|1078|1401|1559|1720|1776,20|22|25|39|53|17|-2|24|51|61|46|34
Hindusthan Insulators &,https://www.screener.in/company/539984/,"1,022 Cr.",472,472 / 121,13.6,173,0.04 %,10.6 %,8.30 %,2.00,1.82,11.1,0.00 %,0.32 %,17.4 %,-5.45 %,9.27 %,-10.2 %,15.2 %,59.6 %,59.5 %,56.2 %,0.00 %,0.42,0.00 %,0.00 Cr.,0.00 Cr.,0.00 Cr.,Industrials,Capital Goods,Electrical Equipment,Other Electrical Equipment,37,21,15,-43,12.69|0.21|-13.07|-0.08|-20.14|6.83|9.68|16.95,5,-7,44|27|60|81|12|43|30|-16|21|14|-7|5,4.18,4|7|7|6|6|9|9|2.4|1.5|5|-5|17,,,0.31|0.31|0.31|0.31|0.31|0.23|0.55|0.55,5|9|5|7|0|0|0|0|0|0|0|0,789|680|656|686|703|463|353|289|222|234|273|339,3|2|3|2|2|6|3|-13|-11|-3|-2|-8
IRIS Regtech Solutions,https://www.screener.in/company/IRIS/consolidated/,490 Cr.,238,389 / 203,38.2,97.6,0.00 %,10.6 %,89.5 %,10.0,2.22,21.8,-0.11 %,-0.98 %,7.86 %,17.3 %,96.3 %,11.3 %,20.4 %,207 %,201 %,94.0 %,0.00 %,0.01,0.00 %,0.00 Cr.,0.00 Cr.,0.00 Cr.,Information Technology,Information Technology,IT - Software,Software Products,-0.97,4.15,5.31,116.85,1.93|1.77|1.37|0.09|56.84|2.58|2.02|-0.47,105,27,8|8|4|-3|1|2|12|0|6|12|27|105,13.00,15|-16|-19|0.8|-1.9|15|20|12|13|15|17|8,,0|1|1.42|0.5|1.73|1.73|1.87|1.76,2.88|2.72|11.08|11.08|12.79|12.9|13.06|12.08,0|0|0|0|0|0|0|0|0|0|0|0,55|32|27|35|40|51|57|61|74|102|110|128,3|-8|-11|-5|-6|0|4|1|4|9|13|127
Nahar Poly,https://www.screener.in/company/NAHARPOLY/consolidated/,558 Cr.,227,340 / 200,7.72,353,0.66 %,10.6 %,9.27 %,5.00,1.98,12.1,0.00 %,0.00 %,15.2 %,11.4 %,11.0 %,6.58 %,-0.88 %,21.6 %,21.6 %,4.32 %,0.00 %,0.09,0.00 %,3.77 Cr.,2.52 Cr.,4.03 Cr.,Industrials,Capital Goods,Industrial Products,Packaging,12,20,19,21,7.08|3.05|5.75|7.42|8.45|7.86|8.34|4.75,50,57,24|24|23|18|40|94|-24|110|17|57|50,12.90,13|17|12|8|5|15|22|24|11|3.5|11|15,,0.03|0.05|0.03|0.1|0.1|0.03|0.03|0.03,0.01|0.01|0.01|0.27|0.01|0.01|0.01|0.01,0|8|7|11|10|7|6|6|9|66|5|5,302|260|255|252|266|277|303|489|723|600|666|704,11|15|19|11|12|37|63|98|43|6|47|79
Arihant Super.,https://www.screener.in/company/ARIHANTSUP/consolidated/,983 Cr.,227,468 / 188,24.6,84.0,0.11 %,10.6 %,13.7 %,10.0,2.90,1.80,0.01 %,0.00 %,23.0 %,20.9 %,8.36 %,10.9 %,12.3 %,2.56 %,0.88 %,31.4 %,0.00 %,2.41,0.00 %,1.08 Cr.,6.17 Cr.,2.85 Cr.,Consumer Discretionary,Realty,Realty,"Residential, Commercial Projects",9.78,11.91,8.27,9.96,3.88|6.18|2.74|3.68|2.3|1.91|2.75|2.26,-71,-178,-14|-24|-30|14|-81|25|121|21|-12|-126|-178|-71,21.20,23|29|34|20|22|18|18|21|20|21|21|23,,0.02|0.31|0.18|0.17|0.18|0.22|0.17|0.18,0|0|0|0.01|0|0.03|0|0,12|19|13|16|16|0|0|0|5|7|11|2,108|122|185|188|239|233|270|331|389|504|499|551,11|21|36|15|18|11|16|41|43|69|55|46
Sunita Tools Ltd,https://www.screener.in/company/544001/,670 Cr.,"1,066","1,150 / 553",103,112,0.00 %,10.5 %,11.1 %,10.0,1.46,20.6,0.00 %,0.70 %,19.7 %,26.4 %,14.0 %,16.4 %,49.7 %,29.5 %,14.2 %,-7.07 %,0.00 %,0.60,-4.96 %,0.00 Cr.,0.00 Cr.,0.00 Cr.,Industrials,Capital Goods,Industrial Manufacturing,Industrial Products,3.42,3.04,1.68,3.41,50.97|3.72|5.78|5.58|2.75|4.98|5.45,-3.71,-8.10,3.22|2.62|-2.77|-3.38|-8.1|-3.71,27.18,30.43|26.28|25.43|34.68|29.78|26.37|19.66,,,0|0|0.06|0.06|0|0.1|0.1|0.8,0|0|0|0|0|0|0,6.44|6.66|8.73|13.84|26.09|29.62|46.44,0.49|0.27|0.81|3|4.85|5.09|6.51
Regency Fincorp,https://www.screener.in/company/540175/,399 Cr.,44.9,48.8 / 22.7,23.1,20.0,0.00 %,10.5 %,9.51 %,10.0,0.39,2.78,0.00 %,-0.12 %,69.0 %,72.9 %,38.9 %,24.9 %,36.6 %,144 %,24.8 %,42.9 %,0.00 %,0.97,-2.31 %,0.00 Cr.,0.00 Cr.,0.00 Cr.,Financial Services,Financial Services,Finance,Other Financial Services,7.03,3.53,3.40,3.32,0.18|0.21|0.41|0.45|0.48|0.42|0.44|0.79,28,11,-3|1|0|1|2|1|2|0|12|10|11|28,75.40,12|91|71|67|62|72|61|71|82|82|73|69,,,0|0|0|0|0.98|1.19|1.19|1.07,0|0|0|0|10|0|0|0|0|0|0|0,0|1|0|1|2|4|5|5|14|16|21|34,0|0|0|0|0|0|0|1|1|2|5|13
Astonea Labs,https://www.screener.in/company/544409/,373 Cr.,354,369 / 118,82.4,54.4,0.00 %,10.5 %,12.0 %,10.0,1.44,2.65,-2.51 %,-0.28 %,9.15 %,15.7 %,3.06 %,5.49 %,30.2 %,97.1 %,42.9 %,%,0.00 %,0.75,0.00 %,0.00 Cr.,0.00 Cr.,0.00 Cr.,Healthcare,Healthcare,Pharmaceuticals & Biotechnology,Pharmaceuticals,,3,1,2,2.76|1.35|2.95,-14,9,-5|-1|8|9|-14,14.00,19|11|15|16|9,,8.01|2.51|0,4.55|0.35|0.07,0|0|0|0|0,30|67|80|98|148,0|1|4|5|5
Vraj Iron,https://www.screener.in/company/VRAJ/consolidated/,421 Cr.,128,160 / 93.0,11.7,130,0.00 %,10.5 %,7.75 %,10.0,7.15,17.6,0.01 %,0.03 %,9.77 %,13.2 %,5.45 %,9.28 %,4.47 %,-16.0 %,-55.4 %,-15.2 %,0.00 %,0.10,0.00 %,0.00 Cr.,0.00 Cr.,0.00 Cr.,Commodities,Metals & Mining,Ferrous Metals,Sponge Iron,12,16,1,8,3.12|2.5|3.03|2.3|2.35|0.33|4.72|3.49,31,14,22|9|63|19|14|31,13.60,10|12|15|18|13|10,,0.94|0.51|0.53|0.51|0.23|0.22|0.18|0.19,3.66|3.66|3.66|3.66|3.66|3.66|3.66|3.69,0|0|0|0|0|0,291|414|516|420|475|588,11|29|54|57|44|32
Jagatjit Inds.,https://www.screener.in/company/507155/consolidated/,769 Cr.,164,230 / 116,66.3,13.5,0.00 %,10.5 %,17.1 %,10.0,0.52,1.32,0.00 %,0.00 %,-18.7 %,-2.72 %,3.94 %,-4.67 %,-20.6 %,23.7 %,23.3 %,16.9 %,0.00 %,5.76,0.00 %,0.00 Cr.,0.00 Cr.,0.00 Cr.,Fast Moving Consumer Goods,Fast Moving Consumer Goods,Beverages,Breweries & Distilleries,-8.28,-16.69,64.40,-27.91,-1.71|-0.93|-1.46|-2.12|-5.97|13.77|-3.57|-1.77,0,-5,6|19|10|8|50|16|25|14|12|30|-5|0,-4.08,-1.4|-2.7|-18|-12|-18|-30|2.8|-2.9|1.1|3.1|-2.7|-19,,0|0|0.03|0.03|0.03|0|0|0,0.01|0.01|0.01|0.01|0.02|0.02|0.02|0.02,0|0|0|0|0|0|0|0|0|0|0|0,831|688|485|364|286|221|400|443|507|557|492|254,-43|-66|-116|-75|-66|-45|5|0|7|8|-23|10
Sarla Performanc,https://www.screener.in/company/SARLAPOLY/consolidated/,775 Cr.,97.5,114 / 65.0,9.81,52.3,2.05 %,10.5 %,14.4 %,1.00,0.89,10.3,-0.14 %,-0.21 %,10.2 %,21.6 %,16.8 %,15.0 %,1.18 %,46.2 %,46.2 %,20.5 %,0.00 %,0.63,2.87 %,16.7 Cr.,25.0 Cr.,11.7 Cr.,Consumer Discretionary,Textiles,Textiles & Apparels,Other Textile Products,37,-60,5,19,2.3|1.65|1.52|2.68|2.27|0.61|-7.14|4.72,74,62,2|83|61|49|30|45|30|37|102|31|62|74,16.20,16|21|17|18|16|16|22|19|15|15|22|10,,0.73|1.04|0.8|0.8|0.7|0.72|0.78|0.64,0.83|1.61|0.79|0.9|0.9|0.9|0.9|0.69,24|19|27|38|36|0|0|36|0|0|40|-127,312|299|322|304|324|311|258|431|387|383|425|401,28|45|34|24|26|29|27|46|21|33|62|-13
United Drilling,https://www.screener.in/company/UNIDT/,455 Cr.,224,255 / 143,22.8,137,0.80 %,10.4 %,6.93 %,10.0,11.8,11.5,-0.02 %,0.00 %,16.0 %,13.6 %,10.3 %,8.65 %,15.1 %,22.6 %,22.6 %,-10.5 %,0.00 %,0.01,0.00 %,1.22 Cr.,3.65 Cr.,3.29 Cr.,Industrials,Capital Goods,Industrial Manufacturing,Industrial Products,4.15,4.67,5.45,5.72,2.02|1.29|1.92|1.43|2.82|2.68|2.3|2.04,38,8,5|5|31|-21|31|13|-8|5|25|-16|8|38,20.40,34|43|34|22|18|47|27|44|14|14|14|16,,0.68|0.57|0.42|0.42|0.43|0.42|0.44|0.42,0.01|0.01|0.01|0.01|0.01|0.01|0.01|0.01,0|0|6|10|10|21|13|8|36|40|24|6,112|35|80|73|156|112|143|164|119|137|172|182,26|7|21|13|25|45|33|50|10|9|15|19
Apex Frozen Food,https://www.screener.in/company/APEX/,"1,079 Cr.",345,514 / 219,21.8,169,0.72 %,10.4 %,7.60 %,10.0,5.96,23.6,-0.17 %,-0.05 %,5.97 %,3.10 %,4.17 %,0.45 %,-4.54 %,3.12 %,3.12 %,-2.58 %,0.00 %,0.01,0.00 %,7.81 Cr.,6.25 Cr.,7.19 Cr.,Fast Moving Consumer Goods,Fast Moving Consumer Goods,Food Products,Seafood,22,8,10,12,-0.53|-0.07|0.63|2.91|3.8|3.23|2.49|6.93,96,54,12|37|14|33|49|58|13|36|121|11|54|96,6.22,5|7|6|11|10|11|11|9|8|5|3.1|6,,2.43|3.37|3.29|4.18|4.84|4.74|6|5.83,0.76|0.37|0.44|0.55|0.55|0.55|0.66|0.61,0|0|10|8|10|0|14|19|22|43|161|20,599|604|699|999|875|827|818|926|1070|804|814|931,18|19|25|79|61|61|44|41|36|15|4|39
Sarveshwar Foods,https://www.screener.in/company/SARVESHWAR/consolidated/,461 Cr.,3.74,6.83 / 2.50,14.0,3.87,0.00 %,10.4 %,8.37 %,1.00,1.78,2.78,-0.20 %,0.00 %,4.91 %,6.34 %,2.36 %,2.37 %,25.0 %,59.7 %,53.4 %,41.0 %,0.00 %,0.53,0.00 %,0.00 Cr.,0.00 Cr.,0.00 Cr.,Fast Moving Consumer Goods,Fast Moving Consumer Goods,Agricultural Food & other Products,Other Agricultural Products,8.22,7.35,9.22,8.23,0.07|0.06|0.07|0.06|0.07|0.07|0.06|0.07,-63,15,26|18|22|-15|-34|11|-35|22|-36|-9|15|-63,5.22,11|8|9|9|6|5|3.9|4.5|4.7|6|6|4.9,,0.05|0.31|0.04|0.06|0.23|0.23|0.45|0.25,0|0|0|0|0.16|0|0|0,0|0|0|0|0|0|0|0|0|0|0|0,259|354|418|481|566|488|514|605|689|869|1134|1346,8|6|13|17|18|6|5|3|8|17|27|32
Pratham EPC,https://www.screener.in/company/PRATHAM/consolidated/,221 Cr.,122,196 / 100,35.9,49.9,0.00 %,10.4 %,7.44 %,10.0,1.47,2.67,0.00 %,0.00 %,8.14 %,14.7 %,4.39 %,11.3 %,40.8 %,-6.84 %,-67.0 %,%,0.00 %,0.51,0.00 %,0.00 Cr.,0.00 Cr.,0.00 Cr.,Industrials,Construction,Construction,Civil Construction,1,5,5,8,33.33|4.04|2.69|4.81|2.94|2.82|0.56,-18,-9,10|-7|-9|-9|-18,15.80,14|21|21|15|8,,8.11|1.17|0.04|0.04|0.01|0.01,0.14|0.06|0.04|0.04|0|0,0|0|0|0|0,50|50|70|119|140,4|8|10|14|6
Mahindra EPC,https://www.screener.in/company/MAHEPC/,287 Cr.,103,162 / 91.9,25.9,66.2,0.00 %,10.3 %,7.93 %,10.0,1.74,5.30,0.11 %,0.00 %,6.92 %,5.11 %,4.54 %,2.64 %,14.0 %,47.0 %,47.0 %,-5.93 %,0.00 %,0.24,-0.02 %,0.00 Cr.,0.00 Cr.,0.00 Cr.,Industrials,Capital Goods,Industrial Manufacturing,Industrial Products,-2.14,4.79,6.49,0.43,-0.99|2.27|2.24|0.35|0.15|2.32|1.71|-0.77,-16,-4,19|-3|-5|-15|5|10|11|-23|19|2|-4|-16,1.12,2.4|5|6|6|8|13|10|-2.6|-6|2.2|5|7,,0.2|0.08|0.01|0.07|0.02|0.01|0.02|0.13,,0|0|0|28|24|14|17|0|0|0|0|0,169|203|201|205|260|284|254|212|210|262|273|312,2|9|10|5|11|23|19|-9|-12|2|7|13
Finkurve Fin.,https://www.screener.in/company/FINKURVE/,"1,024 Cr.",73.1,135 / 48.0,34.9,24.6,0.00 %,10.3 %,9.44 %,1.00,3.29,1.57,0.28 %,0.00 %,41.4 %,29.4 %,12.5 %,12.4 %,60.3 %,22.0 %,18.1 %,39.2 %,0.00 %,2.46,-0.03 %,0.00 Cr.,0.00 Cr.,0.00 Cr.,Financial Services,Financial Services,Finance,Non Banking Financial Company (NBFC),8.44,8.04,6.98,5.92,0.27|0.44|0.31|0.36|0.42|0.5|0.57|0.6,-566,-134,-24|-33|8|-30|30|-84|6|29|-20|-7|-134|-566,,,,5.84|5.84|5.89|6.61|6.71|6.7|7.02|7.3,,0|0|0|0|0|0|0|0|0|0|0|0,,0|1|1|2|1|4|5|22|14|16|17|26
Ludlow Jute,https://www.screener.in/company/526179/,345 Cr.,320,430 / 162,19.1,173,0.00 %,10.3 %,9.11 %,10.0,1.15,2.59,0.00 %,0.00 %,7.94 %,2.71 %,3.03 %,-3.51 %,-0.91 %,135 %,135 %,252 %,0.00 %,1.15,0.00 %,0.00 Cr.,0.00 Cr.,0.76 Cr.,Commodities,Forest Materials,"Paper, Forest & Jute Products",Jute & Jute Products,6.43,1.38,3.43,6.86,-3.26|-2.41|2.34|4.17|6.37|3.18|1.28|5.97,-18,-5,-5|-12|15|3|2|6|23|23|12|19|-5|-18,3.78,-2.4|4.8|4.6|2.7|3|4.7|3.4|5|3.1|0.1|2.7|8,,,,-12|29|40|121|105|0|0|19|121|0|0|0,234|359|359|334|369|415|419|582|547|476|301|532,-4|6|7|2|2|5|0|12|1|-13|-11|16
Eimco Elecon(I),https://www.screener.in/company/EIMCOELECO/,"1,297 Cr.","2,248","2,380 / 1,406",32.8,810,0.18 %,10.3 %,7.81 %,10.0,4.04,52.0,0.15 %,-0.07 %,18.6 %,22.8 %,15.2 %,19.6 %,10.1 %,18.9 %,18.9 %,25.4 %,0.00 %,0.01,0.00 %,2.31 Cr.,2.88 Cr.,2.48 Cr.,Industrials,Capital Goods,Industrial Manufacturing,Industrial Products,15,6,13,5,22.64|10.73|25.78|25.1|9.27|21.7|11.03|26.66,22,33,19|42|19|10|10|11|3|-10|7|12|33|22,17.00,15|16|13|11|14|5|9|11|14|18|23|19,,0.1|0.28|0.45|0.21|0.6|3.39|3.1|3.25,0.37|0.75|0.33|0.33|0.23|1|1.05|0.98,13|17|12|18|17|31|26|17|14|7|6|6,196|140|171|140|185|108|126|84|173|228|246|231,22|17|25|16|23|9|11|9|21|40|49|39
ACS Tech,https://www.screener.in/company/ACSTECH/consolidated/,459 Cr.,66.2,66.3 / 31.5,41.3,22.0,0.00 %,10.3 %,6.84 %,10.0,2.09,6.65,0.00 %,0.00 %,7.44 %,8.10 %,3.22 %,3.82 %,56.1 %,40.0 %,66.2 %,%,0.00 %,0.35,-5.84 %,0.00 Cr.,0.00 Cr.,0.00 Cr.,Information Technology,Information Technology,IT - Services,IT Enabled Services,3.92,2.23,3.09,2.37,0.25|0.09|0.31|0.12|0.36|0.47|0.36|0.65,-36,14,0|-52|3|14|-36,9.25,9|13|8|7,,,0|0|0|0|0|0|0|0,0|0|0|0|0,0|69|82|127|264,0|3|4|5|9
Muthoot Cap.Serv,https://www.screener.in/company/MUTHOOTCAP/,385 Cr.,234,320 / 175,15.3,408,0.00 %,10.3 %,1.86 %,10.0,8.56,1.11,-0.05 %,0.00 %,61.5 %,67.7 %,1.98 %,9.63 %,12.2 %,-46.0 %,-46.0 %,-24.8 %,0.00 %,4.94,0.00 %,0.00 Cr.,0.00 Cr.,0.00 Cr.,Financial Services,Financial Services,Finance,Non Banking Financial Company (NBFC),8.12,5.37,7.65,2.83,9.71|7.64|3.9|-2.84|1.72|4.65|3.26|4.94,-375,"-1,096",-129|-166|-99|-614|-501|24|670|73|-46|-7|-1096|-375,,,,1.3|1.46|1.39|2.5|1.99|1.38|1.3|1.25,1.22|1.27|1.36|1.45|1.43|1.43|1.01|1.01,28|30|0|0|0|0|0|0|0|0|0|0,,22|23|30|54|86|60|51|-162|79|123|46|11
Digitide Solutio,https://www.screener.in/company/DIGITIDE/consolidated/,"1,245 Cr.",83.4,186 / 69.9,"1,102",56.2,0.00 %,10.3 %,-0.74 %,10.0,1.39,2.43,-0.62 %,-0.31 %,11.2 %,14.5 %,0.51 %,4.75 %,%,%,%,%,0.00 %,0.63,-0.04 %,0.00 Cr.,0.00 Cr.,Cr.,Information Technology,Information Technology,IT - Services,IT Enabled Services,2.93,-5.01,-2.05,2.91,0.38|-0.12|-0.51|-0.85|-0.13,263,368,368|263,13.00,15|11,,9.43|8.05|7.64|7.7|7.08,12.61|11.88|12|11.61|11.3,0|0,3269|3080,138|6
Om Freight Forwa,https://www.screener.in/company/OMFREIGHT/,287 Cr.,85.2,115 / 59.0,14.7,60.9,0.00 %,10.3 %,8.30 %,10.0,1.48,10.6,-0.23 %,-0.03 %,6.01 %,7.84 %,3.28 %,4.50 %,63.3 %,-14.5 %,-87.2 %,-66.6 %,0.00 %,0.25,0.00 %,0.00 Cr.,0.00 Cr.,0.00 Cr.,Services,Services,Transport Services,Logistics Solution Provider,7.07,4.05,4.48,3.88,1.31|0.46|2.23|0.94|1.22|1.33|1.2|2.1,-7,33,9|0|0|36|39|33|-7,12.00,21|20|11|32|3|8|6,,2.75|0.52|0.29,0.67|0.67|0.64,0|0|0|0|0|0|0,80|70|85|109|410|489|477,12|13|10|22|10|22|15
Ducol Organics,https://www.screener.in/company/DUCOL/consolidated/,235 Cr.,130,210 / 90.0,32.4,59.7,0.00 %,10.3 %,7.73 %,10.0,1.68,3.09,0.00 %,0.00 %,10.4 %,9.42 %,5.33 %,5.97 %,%,%,%,%,0.00 %,0.44,-5.13 %,0.00 Cr.,0.00 Cr.,Cr.,Commodities,Chemicals,Chemicals & Petrochemicals,Dyes And Pigments,4,3,2,3,1.73|1.29|1.73|2.72,-9,19,19|-9,9.50,9|10,,,0|0|0|0|0|0|0.06|0.06,0|0,77|136,5|7
Onix Solar,https://www.screener.in/company/ONIXSOLAR/,"1,318 Cr.",357,782 / 150,21.9,213,0.00 %,10.2 %,10.2 %,10.0,37.9,613,0.00 %,0.00 %,25.3 %,3.78 %,25.6 %,4.93 %,"1,888 %",639 %,242 %,63.1 %,0.00 %,0.00,-24.8 %,0.00 Cr.,0.00 Cr.,0.00 Cr.,Commodities,Metals & Mining,Non - Ferrous Metals,Copper,21,26,14,-1,0.43|17.89|1.83|2.89|-2.17|3.9|6.96|5.65,-739,17,0|0|0|0|0|0|0|1|-6|3|17|-739,-1223.04,-2|-14|-9|-28|-34|-33|-157|-94|-750|-5300|3.8|25,,,0|0|0|0|0|0|0.77|0.77,0|0|0|0|0|0|0|0|0|0|0|0,4|2|4|2|1|1|0|2|0|0|29|157,0|0|0|0|0|0|0|0|2|0|1|40
Kokuyo Camlin,https://www.screener.in/company/KOKUYOCMLN/,780 Cr.,77.8,116 / 70.0,35.4,32.1,0.39 %,10.2 %,7.95 %,1.00,2.19,14.5,0.00 %,0.00 %,7.21 %,4.44 %,3.08 %,0.77 %,1.32 %,2.22 %,2.22 %,29.8 %,0.00 %,0.11,0.00 %,3.01 Cr.,0.00 Cr.,2.61 Cr.,Fast Moving Consumer Goods,Fast Moving Consumer Goods,Household Products,Stationary,7.30,2.88,3.98,7.86,-1.06|-0.41|0.44|1|0.78|0.4|0.29|0.73,40,55,8|12|6|14|8|65|62|18|27|19|55|40,6.14,3.2|4|3.7|6|7|6|2.2|3.3|7|9|4.4|7,,0.65|0.26|0.21|0.2|0.09|0.1|0.1|0.1,0|0|0|0|0|0|0|0,0|0|0|0|0|0|0|0|21|11|0|12,544|614|630|630|689|634|403|508|775|816|763|806,5|5|2|10|15|4|-15|-5|24|44|6|25
Hi-Green Carbon,https://www.screener.in/company/HIGREEN/consolidated/,292 Cr.,117,232 / 101,56.5,36.0,0.00 %,10.2 %,5.85 %,10.0,1.20,9.11,0.00 %,-0.28 %,16.7 %,20.0 %,3.73 %,9.93 %,21.2 %,-25.2 %,-31.7 %,%,0.00 %,0.70,0.00 %,0.00 Cr.,0.00 Cr.,Cr.,Utilities,Utilities,Other Utilities,Waste Management,-1,5,6,5,3.04|3.46|2.08|2.04|2.12|2.33|1.89|-0.52,16,12,10|-2|12|16,22.00,26|25|20|17,,3.67|3.03|2.22|2.04|1.75|0.92|0.23|0.23,0.65|1.68|2.47|2.47|2.46|0.28|0.28|0,0|0|0|0,78|70|97|139,12|10|11|3
Archidply Inds.,https://www.screener.in/company/ARCHIDPLY/consolidated/,208 Cr.,105,125 / 60.0,15.1,56.3,0.00 %,10.2 %,8.23 %,10.0,1.15,2.09,0.00 %,0.00 %,6.31 %,3.98 %,1.32 %,-1.36 %,17.1 %,-10.2 %,-10.2 %,%,0.00 %,1.63,0.00 %,0.00 Cr.,0.00 Cr.,0.00 Cr.,Consumer Discretionary,Consumer Durables,Consumer Durables,Plywood Boards/ Laminates,5.62,3.15,1.61,2.65,-1.51|-0.88|-0.05|0.29|1.33|0.81|1.59|2.83,34,-23,11|21|11|-23|34,5.40,6|6|5|4|6,,0|0.05|0|0|0|0|0|0,,0|0|0|0|0,303|417|432|550|671,8|12|7|-7|8
Cheviot Company,https://www.screener.in/company/CHEVIOT/,686 Cr.,"1,175","1,370 / 898",10.0,"1,208",2.13 %,10.2 %,7.61 %,10.0,4.47,172,0.00 %,0.02 %,13.8 %,12.1 %,9.43 %,11.1 %,-0.97 %,-2.04 %,-1.08 %,-6.00 %,0.00 %,0.01,0.00 %,14.6 Cr.,2.92 Cr.,14.6 Cr.,Commodities,Forest Materials,"Paper, Forest & Jute Products",Jute & Jute Products,45,-9,17,15,31.63|5.89|15.94|49.14|25.4|29.44|-15.49|77.53,42,26,23|11|31|38|20|40|35|56|55|36|26|42,12.60,10|13|11|15|14|12|13|15|12|10|12|14,,0.39|0.34|0.31|0.33|0.29|0.29|0.29|0.29,0.15|0.15|0.15|0.15|0.15|0.15|0.15|0.17,22|21|1|1|1|65|145|46|30|4|5|28,267|343|394|376|395|458|396|571|564|463|439|547,35|36|49|54|50|48|76|79|54|69|58|52
Anya Polytech &,https://www.screener.in/company/ANYA/consolidated/,214 Cr.,17.8,25.0 / 14.2,25.5,8.04,0.00 %,10.2 %,9.08 %,2.00,1.69,2.44,-0.68 %,0.00 %,9.46 %,16.1 %,4.87 %,6.13 %,15.5 %,21.3 %,-21.9 %,%,0.00 %,0.85,0.00 %,0.00 Cr.,0.00 Cr.,0.00 Cr.,Commodities,Chemicals,Fertilizers & Agrochemicals,Fertilizers,2,6,0,8,0.91|0.01|0.51|0.19,12,-51,-6|3|2|-51|12,10.80,5|10|14|16|9,,6.18|2.58|2.22|2.1|2.31|1.63,6.24|3.41|3.4|3.36|3.36|3.36,0|0|0|0|0,92|116|123|136|178,1|6|10|8|9
Viji Finance,https://www.screener.in/company/VIJIFIN/,346 Cr.,15.0,17.4 / 1.97,83.9,1.64,0.00 %,10.2 %,8.80 %,1.00,0.29,9.51,0.00 %,-0.10 %,68.9 %,27.9 %,37.6 %,6.59 %,35.8 %,64.8 %,64.8 %,35.0 %,0.00 %,0.31,-18.0 %,0.00 Cr.,0.00 Cr.,0.00 Cr.,Financial Services,Financial Services,Finance,Non Banking Financial Company (NBFC),1.14,2.15,0.94,-0.10,-0.02|-0.01|0.05|-0.02|-0.01|0.07|0.15|0.07,2.19,-2.88,0.84|0.24|-1.01|-0.4|-0.69|-0.46|0.73|-1.05|-2.47|-4.15|-2.88|2.19,,,,,0|0|0|0|0|0.25|0.21|0.15,37.5|66.18|12.3|5.81|0|0|0|0|0|0|0|0,,0.6|0.34|0.61|1.42|0.34|0.14|0.44|0.44|0.44|0.12|0.17|1.97
Manaksia Alumi.,https://www.screener.in/company/MANAKALUCO/,235 Cr.,35.9,68.3 / 21.1,26.6,21.7,0.14 %,10.2 %,5.45 %,1.00,1.21,1.44,0.25 %,0.00 %,8.40 %,8.43 %,1.34 %,1.19 %,5.30 %,0.94 %,0.94 %,34.4 %,0.00 %,1.69,0.00 %,0.33 Cr.,0.46 Cr.,0.31 Cr.,Commodities,Metals & Mining,Non - Ferrous Metals,Aluminium,2.85,3.24,1.65,1.11,0.26|0.25|0.31|0.24|0.17|0.25|0.49|0.43,40,1,-8|8|15|15|42|19|-13|8|13|6|1|40,7.40,1.5|2.1|1.7|5|6|7|4.9|6|7|8|8|8,,0|0|0|0|0|0|0.01|0.26,,0|0|0|0|0|0|0|0|4|9|8|4,297|266|238|228|276|281|275|438|483|432|509|564,-6|-5|-5|1|7|6|-3|7|9|5|6|8
Ritco Logistics,https://www.screener.in/company/RITCO/consolidated/,834 Cr.,291,331 / 167,26.2,127,0.00 %,10.1 %,10.5 %,10.0,1.53,2.56,0.01 %,-0.09 %,6.57 %,7.60 %,2.13 %,3.43 %,26.1 %,13.8 %,8.01 %,%,0.00 %,1.30,0.00 %,0.00 Cr.,0.00 Cr.,Cr.,Services,Services,Transport Services,Logistics Solution Provider,3.47,4.01,9.63,9.33,3.74|3.83|4.23|3.39|3.54|3.71|1.96|1.92,-33,-16,10|15|-16|-33,7.50,7|8|8|7,,0.05|0.34|0.06|0.22|0.02|0.06|0.02|0.03,2.53|2.51|2.79|2.86|2.82|2.82|2.82|2.73,0|0|0|0,748|931|1187|1499,24|33|41|32
Ugro Capital,https://www.screener.in/company/UGROCAP/,"1,300 Cr.",83.7,193 / 80.0,9.29,183,0.00 %,10.1 %,4.64 %,10.0,8.58,1.17,-16.9 %,0.17 %,60.3 %,60.8 %,6.35 %,9.98 %,37.7 %,41.8 %,17.9 %,17.8 %,0.00 %,3.24,0.89 %,0.00 Cr.,0.00 Cr.,0.00 Cr.,Financial Services,Financial Services,Finance,Non Banking Financial Company (NBFC),61,30,6,43,3.02|3.18|3.44|2.92|3.71|0.41|1.9|3.91,-348,"-2,474",-10|9|-4|1|-86|-799|-347|-1125|-1220|-1535|-2474|-348,,,,20.44|24.7|27.25|29.32|28.99|22.83|22.34|5.45,2.76|2.4|1.85|1.62|1.59|1.38|1.68|1.85,0|0|0|0|0|0|0|0|0|0|0|0,,2|3|2|3|4|20|29|15|40|119|144|113
Faze Three,https://www.screener.in/company/FAZE3Q/consolidated/,"1,090 Cr.",443,655 / 322,35.8,186,0.00 %,10.1 %,6.44 %,10.0,1.20,2.83,-0.14 %,0.00 %,10.1 %,13.0 %,3.04 %,4.54 %,18.3 %,-21.6 %,-21.6 %,2.47 %,0.00 %,0.61,0.00 %,0.00 Cr.,0.00 Cr.,0.24 Cr.,Consumer Discretionary,Textiles,Textiles & Apparels,Other Textile Products,9.64,19.60,6.40,-5.20,2.92|3.65|7.17|5.25|-2.14|2.63|8.06|3.96,58,12,13|-20|8|-13|37|31|9|-7|110|37|12|58,14.80,8|2.6|-11|8|10|11|15|16|18|17|13|10,,0|0|0.02|0.1|0.01|0|0.14|0,0.29|0.26|0.26|1.13|0.97|0.78|0.77|0.77,35|0|0|7|0|7|0|0|2|0|0|0,115|111|139|240|269|302|324|504|558|565|690|923,4|5|-19|17|15|18|25|51|58|47|41|34
Vishal Fabrics,https://www.screener.in/company/VISHAL/,451 Cr.,18.2,32.5 / 14.7,14.5,25.8,0.00 %,10.1 %,5.79 %,5.00,2.37,2.07,0.03 %,0.00 %,7.05 %,7.64 %,2.01 %,1.57 %,1.15 %,-15.2 %,-21.3 %,7.34 %,19.1 %,0.35,0.00 %,0.00 Cr.,0.00 Cr.,1.98 Cr.,Consumer Discretionary,Textiles,Textiles & Apparels,Garments & Apparels,7.05,7.51,7.78,8.81,0.33|0.39|0.25|0.39|0.36|0.31|0.3|0.28,3,108,9|22|-7|-39|44|47|14|92|74|-6|108|3,8.20,8|10|8|6|7|8|9|10|9|7|8|7,,3.68|3.44|3.21|10.9|24.51|24.52|24.52|24.55,0|0|0|0.05|0.04|0|0|0,0|0|0|0|0|0|18|14|0|0|0|0,224|273|373|891|998|1297|968|1547|1548|1450|1520|1602,9|14|9|16|18|30|18|69|53|21|24|32
Ultramarine Pig.,https://www.screener.in/company/ULTRAMAR/,"1,239 Cr.",424,490 / 364,15.2,291,1.41 %,10.1 %,7.64 %,2.00,2.29,52.3,0.18 %,-0.04 %,14.0 %,15.6 %,9.79 %,10.6 %,9.30 %,1.35 %,1.35 %,4.60 %,0.00 %,0.03,-0.01 %,17.5 Cr.,17.5 Cr.,15.8 Cr.,Commodities,Chemicals,Chemicals & Petrochemicals,Dyes And Pigments,28,12,23,20,6.23|6.76|5.43|5.7|6.85|7.99|4.24|9.58,104,69,23|28|30|55|30|48|57|37|71|67|69|104,15.80,17|17|20|22|23|25|25|17|17|15|16|14,,1.22|1.22|1.15|1.12|1.05|1.04|1.24|1.42,0.32|0.63|0.95|1.26|1.33|1.4|0.68|0.64,47|37|36|28|23|24|26|25|22|27|25|24,172|220|255|277|307|306|308|491|541|526|651|707,19|27|32|44|56|62|56|58|66|54|70|72
Laxmi Goldorna,https://www.screener.in/company/LGHL/,907 Cr.,181,400 / 168,560,14.1,0.00 %,10.1 %,6.06 %,10.0,4.63,1.36,0.00 %,0.00 %,15.8 %,25.6 %,3.94 %,12.0 %,19.7 %,117 %,117 %,103 %,0.00 %,1.53,0.00 %,0.00 Cr.,0.00 Cr.,0.00 Cr.,Consumer Discretionary,Consumer Durables,Consumer Durables,"Gems, Jewellery And Watches",1.17,-6.16,3.10,3.76,0.82|0.71|0.14|0.44|0.75|0.62|-1.23|0.23,-12,-24,3|-5|-2|-15|5|-9|-24|-12,11.84,1.6|1|0.9|2.3|3.7|2.4|2.7|3.3|4.9|9|26|16,,0|0|0|0|0.31|0.1|0.11|0.11,0|0|0|0|0.03|0|0|0,0|0|0|0|0|0|0|0|0|0|0|0,51|47|51|70|73|80|77|60|61|202|88|104,0|0|1|0|1|0|0|0|0|9|11|4
Pashupati Cotsp.,https://www.screener.in/company/PASHUPATI/,"1,267 Cr.",80.3,118 / 67.5,81.3,10.4,0.06 %,10.1 %,6.53 %,1.00,2.14,3.15,-0.30 %,0.00 %,3.73 %,3.92 %,1.58 %,2.02 %,14.0 %,36.2 %,34.8 %,13.6 %,1.92 %,0.56,0.00 %,0.79 Cr.,0.79 Cr.,1.00 Cr.,Consumer Discretionary,Textiles,Textiles & Apparels,Other Textile Products,7.24,1.62,2.69,4.04,0.35|0.05|0.46|0.13|0.26|0.17|0.1|0.46,23,29,9|38|24|-18|44|29|-11|22|65|52|29|23,4.42,5|5|10|7|8|5|7|6|3.9|4.6|3.9|3.7,,8.53|10.12|12.42|12.76|13.37|13.41|13.23|12.93,0|1.32|0|0|0.19|0.19|0.19|0.19,0|0|0|0|5|16|22|10|28|14|6|8,252|248|276|334|538|397|441|661|443|658|637|656,8|8|23|-1|9|3|5|11|4|8|13|10
S Chand & Compan,https://www.screener.in/company/SCHAND/consolidated/,472 Cr.,134,202 / 128,6.38,299,2.99 %,9.97 %,7.20 %,5.00,2.35,8.17,0.07 %,-0.78 %,18.2 %,18.8 %,9.22 %,7.82 %,9.38 %,12.5 %,12.4 %,73.8 %,0.00 %,0.13,0.00 %,14.1 Cr.,14.1 Cr.,9.87 Cr.,Consumer Discretionary,"Media, Entertainment & Publication",Printing & Publication,Printing & Publication,-19,170,-29,-54,-14.67|-6.99|40.26|-3.77|-14.96|-7.89|48.14|-5.07,75,100,-18|38|32|39|39|48|108|107|81|121|100|75,16.60,22|24|25|24|-6|-5|13|13|16|17|19|18,,6.15|4.41|3.84|4.95|4.62|4.67|4.47|4.54,3.82|3.82|2.94|3.33|3.56|1.7|2.04|1.26,0|0|128|5|0|0|0|0|16|19|23|19,470|529|659|794|522|429|425|481|610|663|720|799,33|47|61|107|-67|-111|-6|8|58|51|60|73
AB Cotspin,https://www.screener.in/company/ABCOTS/,461 Cr.,210,508 / 197,32.6,69.8,0.00 %,9.96 %,10.0 %,10.0,1.88,2.68,0.00 %,0.00 %,13.3 %,10.0 %,4.44 %,3.35 %,20.9 %,90.1 %,47.7 %,-17.4 %,0.00 %,0.96,0.00 %,0.00 Cr.,0.00 Cr.,0.00 Cr.,Consumer Discretionary,Textiles,Textiles & Apparels,Other Textile Products,5.10,1.96,3.40,3.69,1.7|3.96|1.14|1.92|1.68|1.55|0.89|2.32,35,-17,6|10|7|0|14|-24|-32|-17|35,9.80,9|7|6|6|9|10|6|10|10|13,,0|0|0.15|0.11|0.12|0.12|0.12|0.12,,0|0|0|0|0|0|0|0|0|0,108|121|121|94|115|141|169|256|298|299,1|1|1|1|4|7|2|7|10|13
Le Merite Export,https://www.screener.in/company/LEMERITE/consolidated/,230 Cr.,18.4,108 / 17.8,82.3,10.8,0.00 %,9.95 %,9.33 %,2.00,1.97,1.61,-0.22 %,-0.16 %,3.68 %,1.47 %,3.23 %,1.25 %,-1.72 %,39.4 %,36.5 %,-35.2 %,0.00 %,0.67,0.00 %,0.00 Cr.,0.00 Cr.,0.67 Cr.,Consumer Discretionary,Textiles,Textiles & Apparels,Other Textile Products,-4.57,0.87,2.05,4.35,0.02|0.19|0.35|0.36|0.17|0.06|-0.36,39,-12,-22|-44|11|0|-12|39,2.84,3.9|6|1.6|1.4|1.5|3.7,,0.4|0.4|0.2|0.52|0.34|0.15|0.22|0,0|0|0|0|0|0.16|0.16|0,0|8|27|27|0|0,268|525|377|468|525|357,7|21|2|2|7|12
5paisa Capital,https://www.screener.in/company/5PAISA/consolidated/,"1,507 Cr.",321,417 / 245,34.1,138,0.00 %,9.94 %,7.04 %,10.0,1.75,2.76,2.70 %,-0.01 %,31.6 %,35.4 %,13.8 %,19.0 %,-1.86 %,0.40 %,-0.24 %,19.7 %,0.00 %,0.58,3.74 %,0.00 Cr.,0.00 Cr.,0.00 Cr.,Financial Services,Financial Services,Capital Markets,Stockbroking & Allied,12,11,12,9,4.68|3.46|2.15|2.46|2.02|2.62|2.32|2.47,-104,98,-21|-51|15|-237|2|-141|25|-92|98|-104,27.40,-199|-161|-28|9|23|16|26|28|35|32,,21.58|21.59|21.57|21.62|21.68|12.36|12.41|15.11,0.25|0.25|0.25|0.26|0.25|0.01|0.01|0,0|0|0|0|0|0|0|0|0|0,7|20|61|108|195|298|338|395|360|320,-12|-25|-19|-8|15|14|44|54|68|44
Updater Services,https://www.screener.in/company/UDS/consolidated/,"1,271 Cr.",190,264 / 125,13.9,157,0.53 %,9.92 %,8.83 %,10.0,2.16,18.3,-0.53 %,-3.55 %,4.60 %,6.10 %,2.92 %,4.33 %,11.9 %,35.3 %,%,%,0.00 %,0.04,0.00 %,0.00 Cr.,0.00 Cr.,0.00 Cr.,Services,Services,Commercial Services & Supplies,Diversified Commercial Services,30,27,7,20,4.2|4.61|5.14|4.27|2.97|1.37|4.19|4.44,144,51,5|128|31|115|103|51|144,5.20,5|6|5|4.4|6|6|4.6,,3.54|3.12|2.74|3.69|3.56|3.34|4.03|3.5,15.26|15.03|15.35|12.78|13.13|13.04|12.96|9.41,0|0|0|0|0|0|0,1324|1210|1483|2099|2444|2736|2940,41|48|57|35|66|119|83
Adit.Birla Money,https://www.screener.in/company/BIRLAMONEY/,681 Cr.,120,184 / 95.0,12.0,53.1,0.00 %,9.91 %,22.7 %,1.00,1.62,1.51,0.05 %,0.00 %,48.5 %,50.5 %,13.0 %,16.4 %,20.7 %,21.4 %,21.4 %,30.9 %,0.00 %,7.35,0.00 %,0.00 Cr.,0.00 Cr.,0.00 Cr.,Financial Services,Financial Services,Capital Markets,Stockbroking & Allied,11,19,14,10,4.72|3.86|1.65|2.72|1.8|2.52|3.31|1.97,-317,-126,-22|-23|51|-169|-147|257|-155|-284|-77|-444|-126|-317,41.60,13|10|13|13|28|29|27|30|35|43|51|49,,0.02|0.29|0.02|0.03|0.07|0|0.03|0.08,0|0.23|0.05|0.05|0.05|0|0|0,0|0|0|0|0|0|0|0|0|0|0|0,118|117|125|162|172|171|192|233|267|395|453|469,7|1|6|7|10|12|16|26|34|53|74|58
Haleos Labs Limited,https://www.screener.in/company/HALEOSLABS/consolidated/,453 Cr.,"1,498","1,778 / 1,091",28.6,706,0.10 %,9.91 %,8.44 %,10.0,1.04,4.33,0.00 %,0.01 %,13.4 %,13.1 %,5.33 %,5.43 %,1.89 %,20.5 %,20.5 %,5.02 %,0.00 %,0.52,0.00 %,0.45 Cr.,0.45 Cr.,0.45 Cr.,Healthcare,Healthcare,Pharmaceuticals & Biotechnology,Pharmaceuticals,1.84,0.35,6.65,6.42,15.45|18.09|9.82|13.76|20.18|21.9|1.46|8.77,37,34,30|15|35|-11|15|24|34|37,11.00,9|10|11|10|9|10|13|13,,0.02|0|0|0.03|0|0|0|0,0|0|0|0|0.03|0.29|0.3|0.31,3|0|3|2|4|5|2|3,378|261|266|350|316|306|345|334,18|10|14|25|11|6|19|18
Mangalam Organic,https://www.screener.in/company/MANORG/consolidated/,391 Cr.,457,637 / 352,16.7,372,0.00 %,9.90 %,8.44 %,10.0,1.14,2.03,0.00 %,-1.42 %,14.4 %,11.4 %,4.24 %,2.45 %,7.29 %,43.4 %,43.4 %,-21.2 %,0.00 %,1.13,0.00 %,0.00 Cr.,0.00 Cr.,0.26 Cr.,Commodities,Chemicals,Chemicals & Petrochemicals,Commodity Chemicals,7.27,5.98,4.33,3.21,2.51|4.25|6|14.28|3.75|5.06|6.98|8.49,1,-8,93|26|-84|77|73|-8|1,10.28,23|38|19|-0.6|8|11|14,,0.13|0|0|0|0|0|0|0,1.42|1.42|1.42|2.78|3.63|3.63|3.63|2.21,2|2|2|0|0|0|0,375|338|491|493|494|514|608,48|85|54|-27|4|13|26
DCW,https://www.screener.in/company/DCW/,"1,334 Cr.",45.2,75.0 / 37.1,18.7,36.4,0.66 %,9.89 %,4.74 %,2.00,1.01,1.93,-0.60 %,0.04 %,10.5 %,9.68 %,2.33 %,1.48 %,-6.63 %,-32.1 %,-32.1 %,63.4 %,3.82 %,0.27,0.15 %,0.00 Cr.,2.95 Cr.,5.63 Cr.,Commodities,Chemicals,Chemicals & Petrochemicals,Petrochemicals,35,18,5,14,-0.04|0.45|0.38|0.39|0.47|0.17|0.61|1.17,278,191,69|123|223|57|285|170|218|178|226|252|191|278,11.80,5|12|13|11|12|12|14|13|16|9|10|11,,11.25|11.35|10.82|10.05|9.18|8.57|6.71|6.11,0.01|0.01|0.01|0.01|0.01|0.01|0.01|0.05,0|0|0|0|0|0|0|10|8|0|10|0,1253|1263|1176|1187|1353|1277|1464|2455|2634|1872|2000|2144,-6|17|20|-20|-4|-27|4|108|192|16|30|48
Wonder Electric.,https://www.screener.in/company/WEL/,977 Cr.,72.9,202 / 67.9,81.1,7.81,0.14 %,9.87 %,9.70 %,1.00,1.24,2.86,1.00 %,0.00 %,4.34 %,4.34 %,1.39 %,2.13 %,17.6 %,13.1 %,13.1 %,14.2 %,0.00 %,1.07,0.00 %,1.34 Cr.,2.68 Cr.,1.34 Cr.,Consumer Discretionary,Consumer Durables,Consumer Durables,Household Appliances,4.04,7.18,0.57,0.26,0.04|0.38|0.87|0.08|0.02|0.04|0.54|0.3,25,-22,8|-9|22|7|-6|-6|2|-17|-22|25,4.34,2.1|4.3|6|4|3.9|3.3|3.8|4.5|4.3|4.3|4.3|4.3,,9.1|8.9|9.01|8.98|9.3|9.52|9.98|10.98,0|0|0.15|0|0|0|0|0,0|0|0|0|0|0|0|0|0|26|14|15,72|137|166|293|309|297|305|398|402|570|894|655,-2|2|5|8|6|4|5|7|6|10|19|9
Sical Logistics,https://www.screener.in/company/SICALLOG/consolidated/,727 Cr.,91.1,124 / 60.1,"2,945",16.5,0.00 %,9.85 %,2.05 %,10.0,1.12,1.10,0.00 %,0.03 %,20.3 %,9.68 %,0.37 %,-21.4 %,-0.55 %,26.3 %,26.8 %,15.0 %,56.0 %,3.69,0.00 %,0.00 Cr.,0.00 Cr.,0.00 Cr.,Services,Services,Transport Services,Logistics Solution Provider,21,-9,48,13,-0.32|-0.22|-0.2|-0.21|0.56|2.3|-1.25|2.52,52,20,75|75|55|120|54|292|158|68|7|8|20|52,6.80,10|12|14|13|10|-2.2|-1.9|-11|7|8|10|20,,0|0|0|0|0|0|3.09|3.09,0.02|0.02|0.02|0.02|0.02|0.02|0.07|0.1,0|0|0|0|0|0|0|0|0|0|0|0,827|855|1033|1355|1732|1006|504|349|392|221|222|386,20|19|39|34|18|-122|-1166|-266|-834|-28|-26|49
Veefin Solutions,https://www.screener.in/company/543931/consolidated/,610 Cr.,239,410 / 211,26.8,234,0.00 %,9.85 %,4.35 %,10.0,0.97,5.38,-0.40 %,-0.04 %,21.8 %,31.1 %,9.26 %,20.3 %,190 %,74.6 %,56.3 %,%,72.1 %,0.17,0.00 %,0.00 Cr.,0.00 Cr.,0.00 Cr.,Information Technology,Information Technology,IT - Services,IT Enabled Services,,9.50,15.98,7.78,2.78|3.34|2.63,77,1,0|0|8|1|77,30.20,17|37|44|31|22,,0.05|0|1.6|1.69|2.29|2.38|3.23|2.83,1.16|1.95|2.88|2.37|0.14|0.12|0.08|0.04,0|0|0|0|0,7|14|25|79|345,1|4|7|16|32
Euro India Fresh,https://www.screener.in/company/EIFFL/,650 Cr.,262,382 / 205,122,31.1,0.00 %,9.84 %,6.54 %,10.0,1.88,2.64,-0.05 %,-0.09 %,10.0 %,9.32 %,3.22 %,3.90 %,2.07 %,59.3 %,59.3 %,29.8 %,0.00 %,0.77,-1.35 %,0.00 Cr.,0.00 Cr.,0.00 Cr.,Fast Moving Consumer Goods,Fast Moving Consumer Goods,Food Products,Packaged Foods,0.74,4.65,0.90,-0.90,0.31|0.71|1.04|0.13|-0.36|0.36|1.88|0.3,10,9,-4|1|6|-7|5|4|6|-3|7|10|9|10,7.60,12|12|8|9|6|5|7|6|5|8|9|10,,0|0|0.01|0|0|0.05|0|0,0|0|0|0|0|2.03|2.06|1.94,0|0|0|0|0|0|0|0|0|0|0|0,43|47|48|55|72|93|98|116|143|111|144|152,0|0|1|2|1|0|1|1|1|2|6|5
CP Capital,https://www.screener.in/company/CPCAP/consolidated/,264 Cr.,145,152 / 67.4,5.86,315,2.07 %,9.83 %,7.61 %,10.0,0.11,8.36,0.00 %,-2.73 %,83.1 %,85.3 %,55.8 %,67.3 %,-3.67 %,54.5 %,54.5 %,118 %,0.00 %,0.13,0.00 %,0.00 Cr.,5.46 Cr.,2.91 Cr.,Financial Services,Financial Services,Finance,Non Banking Financial Company (NBFC),13,9,12,10,4.63|4.59|4.73|5.92|5.58|6.87|5.02|7.31,33,-19,-79|-2|-4|97|20|14|5|42|3|-26|-19|33,,,,0.09|0.16|0.17|0.06|0.06|0.05|0.05|0.05,0|0|0|0|0|0|2.91|0.18,31|0|0|0|0|20|1299|8|15|13|14|0,,5|14|21|22|24|27|0|23|12|43|38|43
Manaksia,https://www.screener.in/company/MANAKSIA/consolidated/,421 Cr.,64.3,78.5 / 42.0,6.70,110,0.00 %,9.83 %,6.97 %,2.00,5.82,23.3,-0.03 %,0.00 %,5.26 %,7.41 %,5.82 %,4.17 %,-12.4 %,-14.5 %,-14.5 %,-3.26 %,0.00 %,0.04,0.00 %,0.00 Cr.,0.00 Cr.,7.87 Cr.,Industrials,Capital Goods,Industrial Products,Iron & Steel Products,27,12,15,10,2.23|1.95|1.76|2.29|1.68|2.22|1.8|3.89,-11,-275,113|262|481|279|-5|-37|279|140|53|135|-275|-11,11.60,18|16|17|9|9|8|12|19|13|14|7|5,,1.35|1.1|1.1|0.94|0.95|0.95|0.98|0.95,,13|14|0|21|27|117|33|11|18|0|0|0,1128|1099|1041|986|990|856|861|1174|1165|702|731|784,104|94|101|96|75|61|65|186|108|79|58|53
Hi-Tech Pipes,https://www.screener.in/company/HITECH/consolidated/,"1,546 Cr.",76.1,128 / 70.1,20.5,65.6,0.03 %,9.77 %,5.88 %,1.00,2.17,2.80,0.25 %,-0.10 %,4.13 %,5.22 %,1.81 %,2.38 %,20.8 %,21.4 %,4.04 %,13.0 %,13.0 %,0.20,-0.33 %,0.00 Cr.,0.51 Cr.,0.36 Cr.,Industrials,Capital Goods,Industrial Products,Iron & Steel Products,20,18,17,20,1.03|0.94|0.87|1.03|1|0.86|0.87|0.99,3,70,1|24|-6|49|25|64|-17|134|-95|70|3,4.52,6|6|6|6|4.9|5|5|4.3|4.2|5|4.1,,9.31|9.79|8.96|1.7|2.39|1.41|0.81|1.06,10.05|17.32|16.4|16.08|14.51|15.87|16.27|16.17,8|2|1|1|1|0|2|1|1|1|0,504|637|1016|1360|1210|1341|1879|2386|2699|3068|4200,6|10|21|27|20|23|40|38|44|73|76
Munjal Auto Inds,https://www.screener.in/company/MUNJALAU/consolidated/,"1,040 Cr.",104,131 / 67.2,20.3,44.8,0.96 %,9.77 %,3.73 %,2.00,1.11,2.77,0.06 %,0.00 %,5.57 %,5.67 %,0.80 %,1.28 %,4.97 %,-14.8 %,-14.8 %,-5.18 %,0.00 %,0.95,0.00 %,0.00 Cr.,10.0 Cr.,12.0 Cr.,Consumer Discretionary,Automobile and Auto Components,Auto Components,Auto Components & Equipments,29,-1,15,13,1.86|-0.22|0.83|1.58|1.12|1.35|-0.03|2.58,45,25,26|87|59|137|33|127|25|45,5.36,6|3.7|3.9|4.3|4.5|6|6|6,,0.03|0.04|0.07|0.11|0.01|0.03|0|0.06,0.03|0.03|0.03|0.03|0.03|0.03|0.03|0.03,28|0|0|37|36|52|27|0,1214|1236|2123|1916|1984|1882|2066|2295,37|4|20|30|52|38|39|46
Jinkushal Indus.,https://www.screener.in/company/JKIPL/consolidated/,378 Cr.,98.6,128 / 45.4,44.3,50.6,0.00 %,9.75 %,8.64 %,10.0,2.04,3.43,1.30 %,0.06 %,5.81 %,6.14 %,3.57 %,5.03 %,%,%,%,%,0.00 %,0.52,0.00 %,0.00 Cr.,0.00 Cr.,Cr.,Industrials,Capital Goods,"Agricultural, Commercial & Construction Vehicles","Dealers-Commercial Vehicles, Tractors, Construction Vehicles",2.20,11.68,-9.87,4.45,118.71|858.99|73.38|2.01|1.15|-2.21|2.65|0.63,-110,-11,-24|-11|-110,7.33,10|6|6,,2.23|1.59|0.82|2.12,8.95|5.39|4.17|4.23,0|0|0,239|381|358,19|19|13
Virtuoso Optoel.,https://www.screener.in/company/VOEPL/,"1,736 Cr.",507,593 / 236,98.6,130,0.00 %,9.73 %,4.54 %,10.0,1.29,1.78,6.52 %,0.27 %,9.73 %,7.98 %,1.89 %,2.03 %,35.3 %,26.7 %,13.4 %,-16.9 %,0.00 %,0.81,-3.52 %,0.00 Cr.,0.00 Cr.,0.00 Cr.,Consumer Discretionary,Consumer Durables,Consumer Durables,Diversified consumer products,8.39,5.47,7.05,-3.31,2.75|1.2|0.83|2.23|-1.09|2.28|1.72|2.64,3,32,2|-6|1|22|-10|14|32|3,9.60,4.7|12|11|10|10|10|8|10,,1.52|1.65|2.2|5.03|7.23|11.14|11.29|17.66,1.24|0.23|0.71|0.69|0.9|0.76|0.79|1.03,0|0|0|0|0|0|0|0,55|68|115|200|337|531|697|835,1|1|2|4|8|10|14|16
Sahyadri Industr,https://www.screener.in/company/SAHYADRI/,400 Cr.,365,409 / 200,8.86,371,0.68 %,9.72 %,7.51 %,10.0,2.17,22.6,0.01 %,0.00 %,9.00 %,9.00 %,4.34 %,3.22 %,4.56 %,-7.40 %,-7.40 %,-15.9 %,0.00 %,0.04,0.00 %,1.64 Cr.,1.10 Cr.,2.96 Cr.,Commodities,Construction Materials,Other Construction Materials,Other Construction Materials,27,11,5,3,1.76|0.69|3.9|9.84|2.48|4.54|9.64|24.23,121,54,25|61|56|25|57|30|50|11|17|58|54|121,12.00,9|8|17|24|24|16|19|18|14|10|9|9,,0.06|0|0.04|0.03|0|0|0|0.01,0.01|0.01|0.01|0.01|0.01|0.01|0.01|0.01,20|0|0|0|3|9|8|11|12|4|6|6,430|358|253|264|287|284|472|542|594|634|605|679,7|-11|3|24|32|27|62|62|37|26|19|29
Lotus Chocolate,https://www.screener.in/company/LOTUSCHO/,738 Cr.,575,"1,281 / 540",,46.5,0.00 %,9.71 %,0.17 %,10.0,1.16,0.81,0.00 %,0.00 %,-2.53 %,5.43 %,0.02 %,3.00 %,110 %,26.3 %,26.3 %,-43.7 %,0.00 %,1.55,0.00 %,0.00 Cr.,0.00 Cr.,0.00 Cr.,Fast Moving Consumer Goods,Fast Moving Consumer Goods,Food Products,Packaged Foods,0.02,-4.47,0.14,1.44,4.08|2.9|1.11|2.33|1.12|0.11|-3.48|0.02,93,-130,2|-10|1|1|1|3|1|6|3|-21|-130|93,0.40,1.5|4.2|2.1|4.7|3|2.2|5|7|-9|1.5|5|-2.5,,0.09|0.08|0.08|0.08|0.01|0.01|0.01|0.01,0.01|0.01|0.02|0.02|0.02|0.02|0.04|0.04,0|0|0|0|0|0|0|0|0|0|0|0,61|65|66|57|66|70|48|87|63|200|574|580,1|1|0|1|1|1|2|6|-7|5|17|0
Media Matrix,https://www.screener.in/company/MMWL/consolidated/,"1,460 Cr.",12.9,16.6 / 7.86,206,0.59,0.00 %,9.71 %,6.58 %,1.00,5.27,1.82,0.01 %,0.00 %,1.64 %,1.01 %,0.62 %,0.24 %,9.89 %,61.3 %,61.3 %,22.6 %,0.00 %,1.61,0.00 %,0.00 Cr.,0.00 Cr.,0.00 Cr.,Consumer Discretionary,"Media, Entertainment & Publication",Entertainment,"Film Production, Distribution & Exhibition",3.58,2.08,2.07,2.04,0.01|0.01|0|0.01|0.01|0.01|0.01|0.02,14,-26,-11|-3|15|53|42|93|-137|-170|-59|31|-26|14,1.08,-7|-4.8|9|-0.5|0|0.7|1.1|0.6|1.2|1|1|1.6,,0|0|0.01|0|0|0|0|0.01,,0|0|0|0|0|0|0|0|0|0|0|0,162|137|264|648|1425|980|1108|579|945|1412|1884|1254,-34|-25|10|-35|101|8|4|2|2|7|4|8
MSP Steel & Pow.,https://www.screener.in/company/MSPL/consolidated/,"1,936 Cr.",34.2,46.4 / 26.2,13.9,18.2,0.00 %,9.69 %,13.7 %,10.0,1.17,2.78,1.06 %,-1.03 %,6.25 %,4.61 %,4.76 %,-0.98 %,3.69 %,67.0 %,56.2 %,80.0 %,63.5 %,0.31,4.90 %,0.00 Cr.,0.00 Cr.,0.00 Cr.,Industrials,Capital Goods,Industrial Products,Iron & Steel Products,22,85,5,-75,-0.2|0.15|-0.6|0.31|-1.32|0.1|1.5|0.39,148,189,88|-22|73|147|94|77|178|110|86|170|189|148,4.90,0.4|-1.2|9|10|8|5|8|7|2.5|4.4|4.6|6,,1.1|0.52|0.4|0.18|0.19|0.37|0.12|1.18,1.91|12.9|16.7|16.7|16.7|16.7|16.81|15.78,0|0|0|0|0|0|0|0|0|0|0|0,1090|902|849|1160|1670|1533|1723|2340|2550|2874|2905|2843,-104|-182|-94|-56|-21|-68|5|26|-51|14|-28|34
Neelamalai Agro,https://www.screener.in/company/NEAGI/consolidated/,206 Cr.,"3,308","3,900 / 2,985",5.60,"5,261",0.60 %,9.68 %,9.33 %,10.0,0.75,"3,778",0.00 %,0.00 %,-6.44 %,-12.3 %,115 %,102 %,0.69 %,1.78 %,1.78 %,4.90 %,0.00 %,0.00,0.00 %,0.12 Cr.,1.86 Cr.,1.76 Cr.,Fast Moving Consumer Goods,Fast Moving Consumer Goods,Agricultural Food & other Products,Tea & Coffee,15,7,9,5,98.38|141.78|67.19|123.77|86.48|151.42|106.41|246.42,-4,-4,11|9|1|-3|2|-3|5|-4|-2|-4|-4|-4,-10.02,7|1.4|-2.6|2.1|6|-4.5|2.5|-3.1|-14|-15|-12|-6,,,0.68|0.68|0.68|0.68|0.68|0.6|0.6|0.6,21|28|11|10|14|7|8|6|7|8|8|0,30|33|29|30|37|26|29|30|25|25|23|25,12|9|12|12|14|17|24|33|28|39|23|29
Suyog Gurbaxani,https://www.screener.in/company/543391/consolidated/,206 Cr.,83.0,147 / 82.0,34.7,16.4,0.60 %,9.68 %,18.2 %,10.0,0.71,2.28,0.00 %,0.00 %,49.8 %,33.3 %,12.1 %,16.5 %,%,%,%,%,0.00 %,4.17,0.00 %,0.00 Cr.,0.00 Cr.,Cr.,Industrials,Construction,Construction,Civil Construction,,,-0.42,8.66,3.48|-0.17,6.58,3.63,3.63|6.58,41.56,33.3|49.82,,,,0|0,52.62|49.26,8.69|5.95
Hitech Corp.,https://www.screener.in/company/HITECHCORP/consolidated/,564 Cr.,328,345 / 112,29.7,166,0.30 %,9.66 %,5.83 %,10.0,1.25,2.22,0.00 %,0.09 %,11.6 %,11.0 %,2.53 %,1.42 %,%,%,%,%,0.00 %,0.48,0.00 %,1.72 Cr.,1.72 Cr.,Cr.,Industrials,Capital Goods,Industrial Products,Packaging,7.11,8.89,-2.62,4.17,1.62|0.73|0.59|2.77|2.43|-1.53|5.18|4.14,44,48,14|8|17|29|21|21|33|58|30|48|44,11.40,18|14|16|15|15|13|12|11|11|11|12,,0.15|0.14|0.12|0.12|0.15|0|0|0,0.04|0.04|0.04|0.04|0.04|0.04|0.04|0.13,21|14|14|14|13|15|20|23|19|19|11,83|155|179|216|262|345|386|439|460|561|640,5|8|11|11|16|16|10|10|8|9|15
Coastal Corporat,https://www.screener.in/company/COASTCORP/consolidated/,260 Cr.,38.8,67.4 / 32.5,8.07,42.4,0.72 %,9.64 %,9.77 %,2.00,1.13,2.10,0.01 %,0.00 %,6.24 %,4.86 %,2.75 %,0.70 %,40.1 %,59.4 %,59.9 %,6.15 %,0.00 %,1.70,0.01 %,1.88 Cr.,1.47 Cr.,1.81 Cr.,Fast Moving Consumer Goods,Fast Moving Consumer Goods,Food Products,Seafood,12,10,7,4,0.08|0.29|-0.15|0.86|0.55|1.06|1.48|1.73,-20,5,-15|23|2|18|26|50|9|1|27|-62|5|-20,5.24,10|6|6|8|10|7|5|3.3|6|6|4.9|6,,1.4|0.94|0.94|0.98|1.01|1.03|1.04|1.05,0|0|0|0|0|1.03|1.03|1.03,2|6|4|2|4|4|17|17|26|36|33|7,278|335|489|613|601|604|473|491|353|436|628|971,10|7|10|24|38|34|18|14|7|5|4|27
Sattrix Infor.,https://www.screener.in/company/544189/consolidated/,369 Cr.,325,451 / 226,44.7,179,0.00 %,9.60 %,6.89 %,10.0,2.40,20.1,-0.01 %,0.00 %,20.5 %,15.4 %,13.3 %,9.05 %,18.5 %,27.2 %,-87.8 %,-67.3 %,0.00 %,0.03,1.43 %,0.00 Cr.,0.00 Cr.,0.00 Cr.,Information Technology,Information Technology,IT - Services,IT Enabled Services,6.07,2.01,3.65,0.40,930|1.74|0.59|5.37|2.96|5.49,2.23,-7.46,2.3|-1.46|2.52|11.26|-7.46|2.23,13.43,15.62|11.6|13.39|6.22|15.44|20.5,,0.09|0.22|0.22|0.16|0.16|0.16|0.03|0.02,0.34|0.07|0.06|0|0.04|0|0|0,0|0|0|0|0|0,21.12|22.94|36.59|40.37|44.63|60.83,1.94|2.14|4|1.8|4.05|8.08
Rupa & Co,https://www.screener.in/company/RUPA/consolidated/,"1,091 Cr.",137,210 / 109,13.9,134,2.19 %,9.59 %,7.36 %,1.00,2.59,6.27,-0.19 %,-0.29 %,9.22 %,10.6 %,6.09 %,6.66 %,3.27 %,13.0 %,13.0 %,-15.2 %,0.00 %,0.24,0.00 %,23.9 Cr.,23.9 Cr.,23.9 Cr.,Consumer Discretionary,Textiles,Textiles & Apparels,Garments & Apparels,8.26,36.21,16.26,14.50,2.32|2.99|3.85|0.69|1.82|2.04|4.55|1.04,45,59,54|165|98|15|-27|90|211|-116|185|156|59|45,11.20,14|13|13|14|13|12|20|18|8|10|11|9,,1.08|1.16|1.1|0.92|0.78|0.3|0.31|0.12,4.24|4.24|4.19|4.19|4.06|3.98|3.78|3.49,32|33|30|28|32|39|23|12|44|34|29|33,973|1015|1093|1120|1149|975|1313|1475|1143|1217|1239|1259,68|66|72|86|74|62|175|192|54|70|83|72
Active Infra.,https://www.screener.in/company/ACTIVEINFR/consolidated/,273 Cr.,182,190 / 170,26.8,80.2,0.27 %,9.57 %,8.78 %,5.00,2.16,5.31,0.00 %,0.00 %,16.7 %,26.3 %,10.6 %,14.6 %,2.60 %,1.45 %,-22.5 %,%,0.00 %,0.67,0.00 %,0.75 Cr.,1.50 Cr.,0.83 Cr.,Consumer Discretionary,Realty,Realty,"Residential, Commercial Projects",4,6,8,6,3.68|4.35|3.21|3.33|3.48,-25,4,-2|18|32|4|-25,17.20,10|15|18|26|17,,2.72|2.72|2.72|2.72|2.72,,0|0|25|16|7,1|89|97|90|97,0|10|9|13|10
Bhartiya Intl.,https://www.screener.in/company/BIL/consolidated/,"1,396 Cr.","1,041","1,150 / 602",54.5,363,0.00 %,9.53 %,2.87 %,10.0,1.54,1.87,-0.03 %,0.00 %,8.66 %,9.84 %,0.99 %,1.53 %,19.4 %,-40.1 %,-42.0 %,32.0 %,0.00 %,1.11,0.00 %,0.00 Cr.,0.00 Cr.,0.00 Cr.,Consumer Discretionary,Consumer Durables,Consumer Durables,Leather And Leather Products,18,-9,7,10,6.29|-1.24|11.49|4.3|7.4|5|-6.55|13.24,19,44,-21|-12|-2|-56|8|-7|26|46|12|66|44|19,8.28,9|9|7|7|8|8|5|1.4|11|10|10|9,,8.12|8.22|7.73|7.73|7.44|7.45|7.46|7.43,0.18|0.18|0|0|0|0|0.25|0.25,5|6|8|8|7|0|0|0|0|0|0|0,558|622|642|711|748|721|548|694|799|778|1029|1358,21|25|18|17|20|21|-6|-17|63|0|16|13
Mold-Tek Technol,https://www.screener.in/company/MOLDTECH/consolidated/,555 Cr.,193,227 / 101,30.2,44.5,2.08 %,9.53 %,6.59 %,2.00,2.19,42.1,0.17 %,-0.01 %,6.40 %,13.5 %,4.46 %,6.19 %,7.34 %,-34.8 %,-35.3 %,-4.64 %,0.00 %,0.04,0.62 %,5.76 Cr.,2.86 Cr.,5.68 Cr.,Industrials,Construction,Construction,Civil Construction,9.00,2.28,3.89,3.24,2.8|0.19|-0.55|0.24|1.12|1.35|0.79|3.12,15,24,5|2|9|3|7|17|17|15|34|33|24|15,19.00,21|13|14|14|21|20|18|20|29|26|14|6,,0|0|0.02|0.01|0.57|0.26|0.01|0.18,0.32|0.32|0.33|0.24|0.26|0.48|0.48|0.47,32|37|26|35|33|39|39|42|29|20|23|57,47|53|65|74|89|101|83|98|147|161|146|182,5|6|6|6|12|11|10|13|29|28|12|10
Indian Hume Pipe,https://www.screener.in/company/INDIANHUME/,"1,924 Cr.",365,432 / 280,20.6,282,0.55 %,9.51 %,4.21 %,2.00,1.70,3.73,0.00 %,-1.45 %,11.7 %,13.1 %,4.62 %,-5.12 %,-5.41 %,2.77 %,-0.06 %,6.19 %,0.00 %,0.28,0.00 %,26.4 Cr.,30.6 Cr.,16.8 Cr.,Industrials,Construction,Construction,Civil Construction,24,23,62,35,2.52|2.73|94.77|4.16|6.58|11.68|4.36|4.47,294,204,-4|46|152|-31|-5|-32|185|56|19|213|204|294,11.40,11|10|12|10|11|12|10|10|9|13|13|12,,0.83|0.66|0.56|0.52|0.42|0.46|0.39|0.39,2.2|2.2|2.2|2.2|2.2|2.2|2.2|0.75,17|27|17|25|20|13|23|17|17|10|5|19,1010|939|1792|1521|1646|1624|1241|1520|1543|1389|1491|1306,42|29|100|66|86|73|42|58|56|78|558|141
Patels Airtemp,https://www.screener.in/company/517417/,210 Cr.,384,420 / 180,30.7,304,0.78 %,9.50 %,6.33 %,10.0,1.88,1.93,0.00 %,0.07 %,9.22 %,9.18 %,4.05 %,4.26 %,-3.50 %,-2.86 %,-2.86 %,-3.58 %,0.00 %,0.53,0.00 %,1.64 Cr.,1.64 Cr.,1.60 Cr.,Industrials,Capital Goods,Industrial Manufacturing,Industrial Products,-0.62,4.15,2.66,0.66,5.76|6.97|8.21|5.12|1.21|4.86|7.59|-1.13,23,40,0|8|-3|-5|7|11|8|-13|5|11|40|23,9.40,13|12|13|12|12|10|10|9|11|9|9|9,,0|0|0.04|0.07|0.07|0.07|0.07|0.07,0|0|0|0|0|0|0|0.07,18|16|16|15|17|11|11|11|15|11|10|16,113|127|136|158|151|237|255|303|281|371|388|253,6|7|8|9|7|11|11|12|11|15|17|10
Chatha Foods,https://www.screener.in/company/544151/,254 Cr.,105,128 / 60.0,37.9,37.1,0.00 %,9.50 %,7.80 %,10.0,1.34,10.2,-0.01 %,-0.88 %,7.59 %,7.21 %,4.04 %,3.86 %,12.2 %,36.9 %,9.75 %,23.4 %,0.00 %,0.29,0.22 %,0.00 Cr.,0.00 Cr.,0.00 Cr.,Fast Moving Consumer Goods,Fast Moving Consumer Goods,Food Products,Packaged Foods,4,3,3,3,2.06|1.23|1.44|1.18|1.32|1.45,10,-1,6|6|-1|6|3|5|-1|10,7.00,11|6|-3.3|5|6|9|7|8,,3.45|2.37|2.87|2.87|2.87|2.86|2.86,18.43|11.68|14.18|14.18|14.23|14.15|13.35,0|0|0|0|0|0|0|0,91|85|61|87|117|134|157|166,4|1|-4|1|2|6|6|7
IKIO Tech,https://www.screener.in/company/IKIO/consolidated/,"1,625 Cr.",210,239 / 104,34.9,77.9,0.00 %,9.49 %,7.13 %,10.0,3.23,9.22,-0.22 %,-0.33 %,13.1 %,12.4 %,6.96 %,6.67 %,18.4 %,-6.10 %,-11.4 %,-75.3 %,0.00 %,0.12,0.00 %,0.00 Cr.,0.00 Cr.,1.55 Cr.,Consumer Discretionary,Consumer Durables,Consumer Durables,Consumer Electronics,11,18,11,11,1.68|1.02|-0.3|0.27|1.3|1.19|2.13|1.4,16,35,23|-9|-15|57|-5|35|16,18.20,17|23|23|22|21|12|13,,0.69|0.66|0.61|0.6|0.6|0.61|0.91|0.69,1.71|1.74|1.69|1.69|1.69|1.71|1.21|0.88,0|0|0|0|13|0|0,220|213|332|359|438|486|595,21|29|51|50|61|32|42
UVS Hospitality,https://www.screener.in/company/531652/consolidated/,321 Cr.,78.8,162 / 72.6,14.0,49.9,0.00 %,9.49 %,9.25 %,10.0,1.14,13.7,0.00 %,0.03 %,18.2 %,21.7 %,12.2 %,16.6 %,%,%,%,%,0.00 %,0.07,0.00 %,0.00 Cr.,0.00 Cr.,Cr.,Financial Services,Financial Services,Finance,Non Banking Financial Company (NBFC),7.91,2.35,6.21,6.37,1.78|1.41|0.62|0.33|1.78|1.63|0.62|2.07,36,26,-1|26|36,,,,,0.38|0.38|0.38|0.38|0.38|0.36|0.36|0.39,0|0|0,,0|16|16
Indef Manufactur,https://www.screener.in/company/BAJAJINDEF/consolidated/,688 Cr.,215,449 / 207,29.1,84.3,0.93 %,9.45 %,9.20 %,1.00,1.34,64.0,-0.46 %,-0.13 %,11.2 %,17.1 %,11.5 %,19.1 %,%,%,%,%,0.00 %,0.01,0.00 %,6.40 Cr.,0.00 Cr.,Cr.,Industrials,Capital Goods,Industrial Manufacturing,Industrial Products,5.50,6.82,4.90,6.26,2.19|3.17|1.77|1.96|1.53|2.13|1.72,24,5,5|24,14.00,17|11,,1.57|1.59|1.56|1.56|1.57|1.11,0|0|0|0|0.13|0,0|27,179|208,34|23
TRF,https://www.screener.in/company/TRF/consolidated/,237 Cr.,215,405 / 210,45.2,-307,0.00 %,9.42 %,%,10.0,0.60,1.32,-0.19 %,0.00 %,10.3 %,24.4 %,5.43 %,16.3 %,-21.7 %,-62.3 %,-62.3 %,15.4 %,0.00 %,1.54,0.00 %,0.00 Cr.,0.00 Cr.,0.00 Cr.,Industrials,Capital Goods,Industrial Manufacturing,Industrial Products,1.88,-6.91,5.74,-6.81,5.47|10.24|3.2|3.19|-6.19|5.22|-6.28|1.71,-0.07,93.56,57.61|1.83|110.51|55.22|-106.99|-55.75|20.96|-37.68|83.1|33.9|93.56|-0.07,18.03,-7.53|1.64|-6.29|-33.12|-40.82|-83.05|-32.87|-3.04|33.02|25.49|24.4|10.27,,0.41|0.46|0.47|0.67|0.5|0.49|0.49|0.3,0.02|0.02|0.02|0.02|0.02|0.03|0.02|0.02,0|0|0|0|0|0|0|0|0|0|0|0,1113.3|961.92|550.26|431.96|223.09|185.45|113.95|127.14|177.1|139.96|120.73|85.03,-63.04|-40.95|-24.1|-134.11|-34.86|-185.03|-93.11|-23.04|88.58|34.6|25.79|-4.47
Birla Precision,https://www.screener.in/company/BIRLAPREC/,390 Cr.,57.1,63.5 / 25.4,26.6,25.9,0.09 %,9.41 %,6.66 %,2.00,1.43,5.00,0.00 %,0.00 %,7.09 %,9.03 %,4.70 %,2.90 %,-2.01 %,-2.14 %,-3.65 %,49.3 %,0.32 %,0.30,0.00 %,0.34 Cr.,0.33 Cr.,0.27 Cr.,Industrials,Capital Goods,Industrial Manufacturing,Industrial Products,5.77,2.64,1.29,4.99,0.3|-0.04|0.51|0.41|0.73|0.19|0.39|0.84,34,23,8|9|13|7|9|6|25|22|27|-10|23|34,8.60,6|2.1|6|7|7|4.1|5|8|7|12|9|7,,0.01|0.01|0.01|0|0|0|0|0,0|0|0|0.01|0.01|0.01|0.01|0.01,0|0|0|0|0|0|0|0|0|6|6|3,154|149|153|184|215|174|171|246|253|226|207|238,-1|-1|-29|3|9|-13|1|11|15|11|5|12
Steel Exchange,https://www.screener.in/company/STEELXIND/,"1,497 Cr.",11.7,14.0 / 6.97,47.1,6.16,0.00 %,9.34 %,2.82 %,1.00,2.26,1.70,0.40 %,-0.63 %,12.4 %,10.9 %,1.97 %,0.23 %,-8.50 %,33.0 %,31.9 %,-29.1 %,100.0 %,0.54,-1.13 %,0.00 Cr.,0.00 Cr.,0.00 Cr.,Industrials,Capital Goods,Industrial Products,Iron & Steel Products,15,12,2,2,0.02|0.13|0.04|0.09|0.02|0.02|0.1|0.12,-38,97,91|166|-149|50|60|37|79|5|138|-48|97|-38,9.80,11|9|6|-1.2|2.3|9|15|10|7|9|11|12,,0.69|0.69|0.72|0.42|0.29|0.3|0.3|0.7,1.26|1.26|1.26|1.58|2.58|2.58|2.58|1.95,0|0|0|0|0|0|0|0|0|0|0|0,1562|1658|1271|922|1024|781|898|1099|1375|1088|1140|1054,28|7|-157|-170|-37|64|140|116|-59|11|26|27
A.K.Capital Serv,https://www.screener.in/company/AKCAPIT/consolidated/,"1,153 Cr.","1,746","1,950 / 1,066",10.1,"1,585",3.44 %,9.33 %,11.0 %,10.0,2.39,1.69,0.00 %,0.11 %,69.9 %,70.8 %,19.9 %,18.1 %,12.1 %,8.00 %,8.00 %,8.21 %,0.00 %,2.95,0.08 %,39.6 Cr.,25.1 Cr.,17.7 Cr.,Financial Services,Financial Services,Finance,Non Banking Financial Company (NBFC),28,33,26,31,30.08|25|38.91|35|45.65|37.92|48.64|41.2,-258,-261,103|-425|-540|345|25|966|-91|-119|45|202|-261|-258,,,,,2.04|2.1|2.1|2.1|1.94|0|0|0.11,10|10|7|6|6|8|5|6|9|12|30|36,,41|42|58|63|72|51|75|83|88|93|87|114
Emerald Leisures,https://www.screener.in/company/507265/,446 Cr.,297,325 / 151,,-56.0,0.00 %,9.30 %,%,5.00,0.28,0.39,0.00 %,0.00 %,44.1 %,29.7 %,-51.6 %,-72.0 %,3.85 %,5.04 %,5.07 %,4.15 %,18.7 %,,0.00 %,0.00 Cr.,0.00 Cr.,0.00 Cr.,Consumer Discretionary,Consumer Services,Leisure Services,Hotels & Resorts,-2.58,-0.60,-2.25,-3.15,-2.1|-1.65|-1.58|-1.68|-2.1|-1.5|-0.4|-1.72,-1.93,-18.06,5.61|1.19|4.8|4.46|2.87|5.94|3.44|0.76|-3.61|5.58|-18.06|-1.93,34.85,-540|1.26|-20.35|14.05|10.73|21.93|16.38|24.5|40.41|35.47|29.73|44.13,,,0.17|0.06|0.06|0.06|0.06|0.06|0.06|0.06,0|0|0|0|0|0|0|0|0|0|0|0,0.1|7.12|7.47|11.89|12.67|13.13|4.7|8.57|14.75|15.79|15|16.52,-4.01|-14.89|-17.17|-13.09|-12.35|-9.22|-10.81|-12.31|-10.14|-9.73|-10.8|-8.52
S & S Power Swit,https://www.screener.in/company/S&SPOWER/consolidated/,394 Cr.,319,445 / 194,48.7,72.3,0.00 %,9.29 %,12.8 %,10.0,1.33,1.74,0.03 %,0.01 %,3.73 %,1.71 %,3.83 %,-1.49 %,23.6 %,75.2 %,54.6 %,38.5 %,0.00 %,0.44,0.00 %,0.00 Cr.,0.00 Cr.,0.00 Cr.,Industrials,Capital Goods,Electrical Equipment,Other Electrical Equipment,-0.26,1.90,3.51,2.93,3.02|-4.28|-0.14|1.43|2.37|2.84|1.54|-0.21,-2,12,0|5|0|1|0|15|6|-4|-11|6|12|-2,0.90,0.4|6|2.1|3.4|-2.5|-6|2.5|-9|1.1|7|1.7|3.7,,0|0|0|0|0|0|0|0.03,0.21|0.21|0.21|0.21|0.24|0.24|0.24|0.25,0|0|0|0|0|0|0|0|0|0|0|0,90|114|87|103|103|92|132|110|140|160|184|264,1|6|0|4|-4|-15|-2|-16|2|4|-4|10
Orient Tech.,https://www.screener.in/company/ORIENTTECH/,"1,083 Cr.",236,467 / 221,51.7,73.0,0.69 %,9.25 %,7.08 %,10.0,2.01,4.34,0.03 %,0.00 %,4.83 %,8.05 %,2.72 %,6.01 %,17.4 %,-13.4 %,-35.1 %,132 %,0.01 %,0.19,0.00 %,0.00 Cr.,7.50 Cr.,1.50 Cr.,Information Technology,Information Technology,IT - Services,IT Enabled Services,4.50,-6.46,-14.96,14.17,3.29|2.76|2.93|2.19|3.09|-3.27|-1.41|0.98,-21,-11,25|30|2|22|-11|-21,8.16,1.3|10|9|9|8|4.8,,3.56|2.17|1.45|0.69|0.16|0.17|0.03|0.06,1.88|0|0|0|0|0|0|0,0|0|0|0|15|0,247|467|535|603|840|865,0|33|38|41|50|3
Synergy Green,https://www.screener.in/company/SGIL/,916 Cr.,589,660 / 420,,71.5,0.17 %,9.24 %,4.55 %,10.0,0.85,0.67,0.01 %,0.22 %,10.8 %,14.4 %,1.36 %,4.66 %,8.14 %,86.3 %,86.1 %,9.46 %,0.00 %,2.25,0.00 %,1.55 Cr.,1.55 Cr.,0.62 Cr.,Industrials,Capital Goods,Industrial Products,Castings & Forgings,-10,0,-1,2,2.68|3.83|2.47|2.17|1.52|-0.96|0.26|-6.5,19,-16,0|0|15|11|26|11|28|26|38|-16|19,10.80,16|12|11|12|8|9|12|14|11,,0.2|0.27|0.21|0.6|0.42|0.25|0.22|0.23,0|0|0|0|0|0|1.51|1.73,0|0|0|0|0|0|0|9|33,0|0|103|165|208|199|284|290|326|362|366,0|0|5|5|3|3|1|1|12|17|5
Vasa Denticity,https://www.screener.in/company/DENTALKART/,729 Cr.,420,636 / 322,60.3,101,0.00 %,9.21 %,7.02 %,10.0,8.19,120,0.00 %,0.53 %,4.08 %,9.60 %,3.90 %,6.83 %,31.0 %,12.4 %,1.65 %,-17.7 %,0.00 %,0.00,0.00 %,0.00 Cr.,0.00 Cr.,0.00 Cr.,Healthcare,Healthcare,Healthcare Equipment & Supplies,Medical Equipment & Supplies,4.19,1.36,1.56,4.99,3.35|2.4|2.6|1.73|2.88|0.9|0.78|2.42,-27,-5,1|0|0|2|-11|-5|-27,8.02,0.8|1.2|7|8|11|10|4.1,,0.02|0.22|3.54|3.53|4|7.5|6.93|6.93,0.23|1.28|1.72|1.77|1|0.87|1.66|2.19,0|0|0|0|0|0|0,30|40|77|123|170|241|277,0|0|5|8|15|17|11
Alacrity Sec.,https://www.screener.in/company/535916/,240 Cr.,51.5,79.3 / 38.1,24.6,19.8,0.19 %,9.20 %,6.42 %,10.0,2.91,13.9,0.00 %,0.00 %,2.37 %,2.94 %,1.51 %,2.09 %,25.5 %,24.4 %,-4.59 %,6.79 %,0.00 %,0.09,0.00 %,0.00 Cr.,0.00 Cr.,0.00 Cr.,Financial Services,Financial Services,Finance,Other Financial Services,7.39,-5.55,2.14,5.79,2.35|1.5|-1.1|0.82|1.24|0.46|-1.19|1.58,31,-40,1|7|-4|0|3|1|-3|0|1|0|-40|31,2.96,0.7|-0.4|4.4|0.6|-4.5|-3.1|2.7|1.8|2.7|5|2.9|2.4,,,,0|0|0|0|0|0|0|0|0|0|0|0,42|45|33|76|64|171|128|283|208|342|574|411,-1|-2|0|1|-4|-7|2|3|3|11|12|6
AVG Logistics,https://www.screener.in/company/AVG/,318 Cr.,170,258 / 113,27.0,145,0.71 %,9.20 %,3.80 %,10.0,2.00,1.46,-2.92 %,15.4 %,15.5 %,17.4 %,1.77 %,3.88 %,9.21 %,8.09 %,-0.47 %,36.7 %,66.7 %,0.80,-9.97 %,0.00 Cr.,1.81 Cr.,0.92 Cr.,Services,Services,Transport Services,Logistics Solution Provider,6.01,10.64,5.36,5.02,3.09|2.97|2.81|2.64|2.68|2.87|5.69|3.21,49,38,6|12|-6|21|-4|28|38|-1|38|49,15.20,7|8|9|11|9|8|4.5|7|18|18|17|16,,8.14|8.01|8.36|8.59|8.57|8.68|8.54|5.62,1.41|1.61|1.59|1.59|1.57|1.4|1.54|16.89,0|0|0|0|0|0|0|0|15|5|8|0,183|192|195|227|313|322|333|432|427|480|551|556,3|4|4|8|10|4|-2|6|8|33|21|26
7Seas Enter.,https://www.screener.in/company/540874/,227 Cr.,98.3,113 / 63.0,95.1,12.7,0.00 %,9.16 %,9.41 %,10.0,15.5,,0.00 %,0.00 %,16.2 %,14.0 %,11.1 %,10.2 %,53.9 %,73.1 %,50.3 %,-9.64 %,0.00 %,0.00,0.00 %,0.00 Cr.,0.00 Cr.,0.00 Cr.,Consumer Discretionary,"Media, Entertainment & Publication",Entertainment,Digital Entertainment,0.69,0.59,0.56,0.55,0.18|0.22|0.24|0.24|0.25|0.25|0.26|0.3,-5.09,-3.12,-1.35|-1.67|-5.44|0.01|0|-0.02|0|-2.57|0.07|-7.03|-3.12|-5.09,-2.21,-3215.62|51.55|64.19|64.18|-5010|-520|-2700|-65.38|10.33|13.91|13.95|16.15,,,,0|0|0|0|0|0|0|0|0|0|0|0,0.32|6.46|6.73|1.34|0.2|0.05|0.02|0.52|5.52|11.79|16.34|20.12,-17.45|0.18|1.06|-0.61|-11.33|-1.55|1.78|0.02|0.43|0.96|1.66|2.23
Rico Auto Inds,https://www.screener.in/company/RICOAUTO/consolidated/,"1,767 Cr.",131,158 / 78.1,49.3,57.6,0.42 %,9.15 %,7.69 %,1.00,0.82,1.98,1.44 %,0.15 %,9.09 %,8.83 %,2.43 %,1.14 %,2.48 %,6.02 %,6.02 %,49.8 %,0.00 %,0.93,0.00 %,7.44 Cr.,6.76 Cr.,7.58 Cr.,Consumer Discretionary,Automobile and Auto Components,Auto Components,Auto Components & Equipments,-3.38,6.87,11.11,17.72,0.47|0.14|0.54|1.21|1.28|0.8|0.44|-0.27,326,193,-21|35|75|86|128|117|23|216|160|247|193|326,9.20,7|10|11|11|10|8|6|8|10|10|9|9,,1.49|1.62|1.57|1.35|3.03|2.01|2.14|3.58,0|0|0|0|0.03|0|0.09|0.24,26|28|20|19|21|24|-19|23|21|21|32|15,1346|1007|1038|1209|1393|1401|1470|1860|2302|2160|2212|2478,154|30|52|58|51|17|-14|24|51|39|21|52
D P Wires,https://www.screener.in/company/DPWIRES/,227 Cr.,146,273 / 122,12.1,172,0.00 %,9.15 %,6.83 %,10.0,6.73,27.7,-0.01 %,0.01 %,3.59 %,4.24 %,3.66 %,3.58 %,-26.6 %,-24.6 %,-24.6 %,-6.10 %,0.00 %,0.01,0.00 %,0.00 Cr.,0.00 Cr.,0.60 Cr.,Industrials,Capital Goods,Industrial Products,Iron & Steel Products,4.74,9.39,3.39,1.20,3.88|3.2|2.61|2.32|0.77|2.19|6.06|3.06,28,52,1|-2|2|-12|-5|38|-12|4|46|24|52|28,4.88,2.8|3.7|4.8|8|8|8|7|7|4.6|5|4.2|3.6,,0|0|0.09|0|0.05|0|0.01|0,0|0|0.01|0.03|0.03|0.03|0.03|0.04,0|0|0|0|0|0|0|5|4|0|0|0,138|159|195|207|332|284|467|613|1216|1003|621|481,2|2|5|10|17|17|24|29|41|36|22|18
Astal Lab,https://www.screener.in/company/512600/consolidated/,307 Cr.,70.0,103 / 60.4,20.8,79.1,0.00 %,9.13 %,7.96 %,10.0,1.48,9.73,0.00 %,0.00 %,8.34 %,19.9 %,5.90 %,13.9 %,%,%,%,%,0.00 %,0.15,-0.17 %,0.00 Cr.,0.00 Cr.,Cr.,Healthcare,Healthcare,Pharmaceuticals & Biotechnology,Pharmaceuticals,9.42,7.68,2.36,2.74,2.79|2.19|1.82|2.15,-18,-13,-13|-18,14.00,20|8,,,,0|0,64|249,9|15
Starteck Fin.,https://www.screener.in/company/STARTECK/consolidated/,238 Cr.,240,350 / 215,9.75,265,0.10 %,9.11 %,9.53 %,10.0,0.16,2.25,0.00 %,0.00 %,93.0 %,89.4 %,46.0 %,32.3 %,22.2 %,28.4 %,28.4 %,-8.83 %,0.00 %,1.33,0.00 %,0.25 Cr.,0.25 Cr.,0.25 Cr.,Financial Services,Financial Services,Finance,Non Banking Financial Company (NBFC),4.32,5.23,7.48,7.36,3.62|3.66|1.42|3.57|7.43|7.55|5.28|4.36,33,27,51|9|-7|-7|5|16|-50|-5|86|37|27|33,,,,0|0|0|0|0.08|0|0|0,,7|9|0|0|0|7|1|2|1|2|2|1,,8|6|2|1|1|4|38|10|22|16|10|24
SpiceJet,https://www.screener.in/company/SPICEJET/,"1,296 Cr.",8.49,40.6 / 8.00,,-1.23,0.00 %,9.10 %,%,10.0,0.39,-2.57,-2.03 %,-3.01 %,-8.79 %,-9.11 %,1.12 %,-5.76 %,-6.94 %,26.7 %,26.3 %,15.2 %,39.8 %,,-6.80 %,0.00 Cr.,0.00 Cr.,0.00 Cr.,Services,Services,Transport Services,Airline,-269,-634,-235,325,1.52|1.89|-3.45|0.19|2.3|-1.66|-4.48|-1.76,"-1,665",-613,59|-411|711|496|1046|456|1778|226|978|93|-613|-1665,-8.12,-14|-12|11|9|10|-0.1|4.2|3.4|-14|-12|-9|-9,,1.81|22.87|15.76|11.85|11.79|7.95|4.01|1.98,5.05|8.45|7.57|6.92|6.29|5.39|5.26|2.25,0|0|0|0|0|0|0|0|0|0|0|0,6237|5163|5088|6191|7756|9113|12359|5133|6557|8869|7050|5284,-1003|-687|450|431|567|-316|-935|-998|-1725|-1503|-409|58
Moneyboxx Fin.,https://www.screener.in/company/MONEYBOXX/,380 Cr.,54.5,99.5 / 35.5,290,42.4,0.00 %,9.10 %,0.48 %,10.0,9.35,1.02,-0.01 %,0.00 %,40.9 %,37.1 %,0.58 %,0.63 %,66.3 %,30.0 %,28.9 %,17.7 %,7.16 %,2.28,0.00 %,0.00 Cr.,0.00 Cr.,0.00 Cr.,Financial Services,Financial Services,Finance,Non Banking Financial Company (NBFC),0.21,0.47,0.35,0.28,0.31|0.03|-0.81|0.04|0.04|0.05|0.07|0.03,-32,-225,-3|0|0|1|14|-32|-35|-59|-124|-224|-225|-32,,,,0|0|0|0|0|0|0.01|0,1.2|1.2|1.29|1.29|1.24|0.3|0|0,0|0|0|0|0|0|0|0|0|0|0|0,,0|0|0|0|0|-4|-3|-4|-7|9|1|1
Him Teknoforg.,https://www.screener.in/company/505712/,281 Cr.,272,300 / 177,20.2,236,0.29 %,9.08 %,5.43 %,2.00,1.47,2.00,0.00 %,0.00 %,10.0 %,9.77 %,2.90 %,2.45 %,2.42 %,2.47 %,-6.43 %,12.9 %,43.7 %,0.70,0.00 %,0.00 Cr.,0.47 Cr.,0.28 Cr.,Consumer Discretionary,Automobile and Auto Components,Auto Components,Auto Components & Equipments,4.15,3.79,3.04,2.91,2.43|1.53|4.36|3.03|3.07|3.21|3.67|4.02,20,4,2|6|3|18|25|25|3|19|29|42|4|20,9.60,20|19|14|12|11|11|13|10|9|9|10|10,,0.35|0.34|0.2|0.47|0.47|0.25|0.27|0.27,0|0|0|0.01|0.01|0.01|0.01|0.01,3|3|0|3|4|5|6|4|3|4|5|0,30|26|233|267|323|222|239|351|405|373|402|435,5|4|7|11|18|3|5|9|11|7|10|13
Shahlon Silk,https://www.screener.in/company/542862/,214 Cr.,24.0,32.9 / 16.5,52.1,12.3,0.29 %,9.08 %,3.93 %,2.00,3.00,1.36,0.00 %,0.25 %,9.88 %,11.3 %,1.63 %,1.16 %,-5.61 %,105 %,105 %,20.1 %,0.00 %,1.12,-0.03 %,0.00 Cr.,0.00 Cr.,0.32 Cr.,Consumer Discretionary,Textiles,Textiles & Apparels,Other Textile Products,0.50,0.87,1.31,1.55,0.18|0.11|0.04|0.08|0.17|0.15|0.1|0.06,-0,9,11|34|31|-9|11|12|10|9|0,9.20,7|7|8|9|9|7|9|11|10,,2.96|0.84|0.84|0.84|0.84|0.84|0.38|0.38,0|0|0|1.76|2.22|2.75|3.64|3.89,0|15|179|13|17|14|13|0|0,528|531|382|214|313|309|311|251|260,3|4|0|3|3|4|4|4|4
Expo Engineering,https://www.screener.in/company/526614/,242 Cr.,93.3,111 / 46.4,185,17.2,0.00 %,9.07 %,4.89 %,4.00,1.67,1.50,6.26 %,1.68 %,9.26 %,7.27 %,2.55 %,2.77 %,-5.25 %,2.41 %,-3.56 %,21.1 %,0.69 %,0.83,-1.23 %,0.00 Cr.,0.00 Cr.,0.00 Cr.,Industrials,Capital Goods,Industrial Products,Other Industrial Products,0.61,-0.66,0.51,0.85,0.29|0.29|0.69|0.46|0.37|0.22|-0.29|0.27,-6.41,5.46,-0.19|-1.31|-2.19|-0.91|-4.85|-5.74|-2.41|-0.58|0.2|1.06|5.46|-6.41,7.86,12.96|8.34|12.92|11.51|9.72|8.67|10.5|7.16|7.99|7.62|7.27|9.26,,0|0|3.41|3.41|3.41|3.7|4.83|9.96,0|0|2.2|2.98|3.15|3.28|5.47|4.96,0|0|0|0|0|0|0|0|0|0|0|0,60.28|44.5|36.15|50.03|60.06|49.12|48.17|72.64|80.22|75.7|114.74|68.23,1.93|0.56|0.11|0.09|1|0.36|-2.42|0.6|-2.21|0.76|3.18|1.74
S I Paper Mills,https://www.screener.in/company/516108/,221 Cr.,118,136 / 65.1,15.0,119,0.00 %,9.07 %,4.76 %,10.0,1.10,2.00,0.00 %,0.00 %,11.8 %,5.93 %,2.39 %,-3.05 %,14.6 %,32.8 %,32.8 %,-13.0 %,0.00 %,0.70,0.01 %,0.00 Cr.,0.00 Cr.,0.30 Cr.,Commodities,Forest Materials,"Paper, Forest & Jute Products",Paper & Paper Products,4.98,4.57,2.37,2.81,-0.65|-1.78|-1.21|0.52|1.5|1.26|2.44|2.66,43,40,15|30|26|-2|39|40|22|39|1|-18|40|43,6.78,16|18|16|9|15|16|17|12|-2.1|6|6|12,,,0.07|0.07|0.07|0.07|0.08|0.07|0.07|0.07,28|19|19|158|12|14|8|7|0|0|0|0,185|206|195|134|241|216|226|304|287|311|367|431,14|24|12|1|18|16|19|22|-17|-13|-10|11
Smartlink Hold.,https://www.screener.in/company/SMARTLINK/consolidated/,220 Cr.,220,242 / 102,13.3,210,0.91 %,9.01 %,6.47 %,2.00,1.70,25.4,0.00 %,0.00 %,4.49 %,-0.52 %,4.88 %,3.08 %,18.2 %,103 %,103 %,11.1 %,0.00 %,0.01,0.00 %,2.00 Cr.,0.00 Cr.,0.40 Cr.,Information Technology,Information Technology,IT - Hardware,Computers Hardware & Equipments,5.61,6.87,2.24,1.86,0.67|2.55|3.85|2.19|1.86|2.25|6.89|5.62,15,-6,-17|-40|-34|-9|-22|74|3|42|-26|0|-6|15,4.14,-29|-17|-4.3|1.9|2.4|-7|15|12|3.3|1.4|-0.5|4.5,,0.91|0.8|0.29|0|0|0|0|0,0.41|0|0|0|0|0|0|0,-305|-300|-46|-140|0|0|0|0|0|0|0|15,118|150|104|99|108|75|70|80|163|198|215|269,-2|-2|-10|-3|-2|-14|10|10|19|7|7|13
Ugar Sugar Works,https://www.screener.in/company/UGARSUGAR/,639 Cr.,56.8,62.1 / 33.1,22.2,20.8,0.18 %,9.00 %,6.05 %,1.00,0.91,1.49,-0.10 %,0.00 %,6.98 %,3.04 %,0.92 %,-1.34 %,-6.13 %,-49.1 %,-49.1 %,-4.41 %,0.00 %,2.86,0.00 %,1.12 Cr.,0.00 Cr.,2.48 Cr.,Fast Moving Consumer Goods,Fast Moving Consumer Goods,Agricultural Food & other Products,Sugar,1.49,45.76,13.76,-32.17,-5.34|0.4|4.54|-1.22|-2.86|1.22|4.07|0.13,44,21,75|-38|-13|37|-46|45|-78|93|394|-37|21|44,7.40,3.2|6|11|-3.2|7|8|7|9|12|6|3|7,,0.61|0.5|0.38|0.67|0.19|0.17|0.19|0.09,0|0|0|0|0|0|0|0,0|25|9|0|0|8|13|6|5|13|0|8,652|837|585|650|750|870|956|1137|1794|1151|1330|1484,-3|11|26|-68|4|14|17|43|103|21|-16|14
Banswara Syntex,https://www.screener.in/company/BANSWRAS/consolidated/,371 Cr.,108,144 / 93.2,8.84,171,0.92 %,8.98 %,6.53 %,5.00,1.39,2.41,0.01 %,0.00 %,9.48 %,7.82 %,2.75 %,1.68 %,-3.28 %,-30.4 %,-30.4 %,25.3 %,0.00 %,0.81,0.00 %,3.42 Cr.,3.42 Cr.,4.96 Cr.,Consumer Discretionary,Textiles,Textiles & Apparels,Other Textile Products,4.61,11.49,14.00,7.08,1.47|2.96|1.71|-0.4|2.07|4.09|3.36|1.35,118,77,183|173|140|106|137|208|132|54|20|142|77|118,9.60,12|13|11|9|9|11|10|10|13|8|8|9,,8.89|8.49|8.36|8.61|8.5|8.37|7.91|7.92,,20|12|9|20|7|5|18|9|9|10|15|11,1227|1267|1240|1292|1351|1290|787|1190|1499|1264|1293|1356,8|27|19|8|24|53|15|46|113|36|22|31
Birla Cable,https://www.screener.in/company/BIRLACABLE/,"1,228 Cr.",410,419 / 104,26.6,94.0,0.31 %,8.93 %,6.23 %,10.0,2.19,6.65,0.02 %,0.00 %,6.09 %,4.96 %,2.16 %,0.75 %,-0.90 %,-20.8 %,-20.8 %,15.0 %,6.28 %,0.47,0.00 %,3.75 Cr.,5.25 Cr.,5.25 Cr.,Telecommunication,Telecommunication,Telecom -  Equipment & Accessories,Telecom -  Equipment & Accessories,31,11,4,1,0.67|0.52|0.48|0.45|0.23|1.34|3.6|10.23,-21,112,8|29|30|-7|17|32|-1|3|-7|16|112|-21,6.60,11|11|6|11|16|8|8|8|8|6|5|6,,0|0|0.13|0.05|0.01|0.02|0|0.02,0.01|0.01|0.01|0.01|0.01|0.01|0.01|0.01,24|35|0|19|13|0|37|21|22|23|104|22,264|250|211|325|502|223|329|535|792|686|662|771,12|8|3|16|47|1|8|22|33|22|5|17
Foods & Inns,https://www.screener.in/company/FOODSIN/consolidated/,401 Cr.,54.6,93.0 / 44.0,16.4,77.0,0.55 %,8.85 %,5.01 %,1.00,1.41,1.78,-0.10 %,0.00 %,11.5 %,12.1 %,3.19 %,4.12 %,-4.59 %,-14.2 %,-24.1 %,37.3 %,6.36 %,0.76,0.00 %,2.20 Cr.,2.20 Cr.,1.98 Cr.,Fast Moving Consumer Goods,Fast Moving Consumer Goods,Food Products,Packaged Foods,3.83,19.49,0.43,0.67,1.53|0.11|3.18|0.97|0.09|0.06|2.65|0.52,132,15,68|-20|61|15|-18|-2|15|15|-73|-22|15|132,10.80,12|9|8|9|8|8|6|8|10|12|12|12,,1.49|1.37|1.44|0|0.05|0.14|0.11|0.01,0|1.14|1.26|1.26|1.13|1.13|1.13|1.13,3|59|-34|14|0|9|26|8|5|5|5|8,359|335|354|335|339|392|371|632|999|1020|992|868,12|1|5|3|109|11|4|15|47|37|42|28
Sar Televenture,https://www.screener.in/company/SARTELE/consolidated/,377 Cr.,75.2,265 / 72.9,5.25,193,0.00 %,8.84 %,7.95 %,2.00,3.01,247,-0.96 %,-0.50 %,17.8 %,16.1 %,13.9 %,13.4 %,152 %,341 %,30.9 %,46.9 %,0.00 %,0.00,0.23 %,0.00 Cr.,0.00 Cr.,0.00 Cr.,Telecommunication,Telecommunication,Telecom - Services,Telecom - Infrastructure,36,36,29,16,14|26.38|1.93|3.87|4.31|6.05|7.7|7.22,121,-184,0|1|-5|-209|-184|121,16.00,12|14|18|14|16|18,,0|5.86|3.92|2.96|3.81|2.85,3.29|3.23|2.66|7.03|6.95|6.45,0|0|0|0|0|0,1|5|32|124|350|522,0|0|1|16|47|72
Asi Industries,https://www.screener.in/company/502015/,215 Cr.,23.8,33.6 / 19.0,8.55,40.1,1.68 %,8.82 %,6.06 %,1.00,2.61,19.1,0.00 %,0.00 %,13.5 %,15.7 %,14.5 %,14.2 %,2.78 %,5.14 %,5.14 %,13.8 %,0.00 %,0.11,0.00 %,3.60 Cr.,3.60 Cr.,2.43 Cr.,Commodities,Metals & Mining,Minerals & Mining,Industrial Minerals,6.45,5.54,12.30,0.81,0.06|1.35|0.99|0.45|0.09|1.37|0.62|0.72,16,-3,46|-21|21|16|16|23|24|56|20|34|-3|16,13.40,18|18|12|12|18|3.2|15|5|18|14|16|14,,,,11|14|14|17|13|0|0|0|10|13|14|16,209|172|235|239|181|143|173|202|138|145|155|149,18|14|18|14|19|-3|11|-15|17|25|25|23
Himatsing. Seide,https://www.screener.in/company/HIMATSEIDE/consolidated/,813 Cr.,64.7,132 / 62.9,14.5,170,0.39 %,8.80 %,2.97 %,5.00,1.40,1.41,-3.66 %,-5.59 %,14.5 %,18.5 %,2.47 %,5.04 %,-2.07 %,40.0 %,37.2 %,23.8 %,0.00 %,1.23,0.00 %,3.14 Cr.,3.14 Cr.,2.73 Cr.,Consumer Discretionary,Textiles,Textiles & Apparels,Other Textile Products,4.99,1.41,7.66,42.00,2.2|1.74|0.95|0.87|3.34|0.61|0.11|0.4,204,235,228|181|186|19|478|434|576|68|354|322|235|204,16.20,10|16|18|20|21|18|13|17|10|21|19|14,,3.32|12.06|10.82|10.71|10.8|10.69|11.1|7.44,0.41|8.36|8.53|7.68|7.12|7.12|5.65|0.06,21|20|14|12|25|37|-9|4|0|2|4|5,1943|1890|2138|2249|2618|2358|2258|3184|2678|2841|2778|2515,94|125|182|202|197|13|-53|141|-64|113|76|62
Sinclairs Hotels,https://www.screener.in/company/SINCLAIR/,420 Cr.,81.9,110 / 68.8,39.0,23.6,0.98 %,8.73 %,5.00 %,2.00,0.38,5.49,0.00 %,0.05 %,32.4 %,34.8 %,10.0 %,25.6 %,3.28 %,-27.8 %,-26.4 %,25.1 %,0.00 %,0.28,0.42 %,4.10 Cr.,4.10 Cr.,4.04 Cr.,Consumer Discretionary,Consumer Services,Leisure Services,Hotels & Resorts,7.91,-0.86,5.77,-2.04,0.44|0.22|0.74|1.21|-0.4|1.13|-0.17|1.54,21,11,10|14|20|17|14|11|3|8|18|15|11|21,36.80,37|43|43|42|39|37|26|36|41|40|35|32,,0.06|0.07|0.01|0.01|0.4|0.04|0.03|0.03,0|0|0|0|0|0|0.12|0.17,47|32|24|19|34|23|63|39|13|25|29|45,29|39|47|46|46|45|17|30|54|56|53|59,5|7|9|12|10|9|4|7|31|21|14|9
Competent Auto,https://www.screener.in/company/COMPEAU/,224 Cr.,365,435 / 314,9.02,629,0.27 %,8.70 %,6.56 %,10.0,1.17,2.08,0.00 %,0.00 %,3.81 %,3.88 %,1.10 %,1.05 %,9.27 %,0.64 %,0.64 %,7.41 %,0.00 %,0.98,0.00 %,0.63 Cr.,0.63 Cr.,0.63 Cr.,Consumer Discretionary,Automobile and Auto Components,Automobiles,Auto Dealer,3.68,8.39,7.89,2.79,5.91|7.66|13.77|5.96|4.54|12.84|13.65|5.99,83,71,38|-19|40|-35|-45|66|86|6|12|-18|71|83,3.94,2.8|2.8|2.6|2.9|3.2|3.8|4.6|4.5|3.7|3.8|3.9|3.8,,,0|2.92|2.92|2.92|2.92|2.92|2.92|2.92,5|5|5|1|4|2|4|3|3|2|3|3,917|1034|1227|1228|1222|1149|1191|1236|1716|2117|2131|2239,12|13|12|82|16|39|17|19|25|28|23|23
Panorama Studios,https://www.screener.in/company/PANORAMA/consolidated/,"1,388 Cr.",53.3,60.0 / 29.0,57.5,8.47,0.11 %,8.70 %,7.59 %,2.00,1.37,3.37,-0.17 %,-0.07 %,7.93 %,16.5 %,3.24 %,10.9 %,-6.00 %,-25.1 %,-29.4 %,9.55 %,26.6 %,0.59,0.00 %,0.00 Cr.,0.00 Cr.,0.27 Cr.,Consumer Discretionary,"Media, Entertainment & Publication",Entertainment,"Film Production, Distribution & Exhibition",13,7,-2,1,0.25|0.09|1.21|0.21|0.08|-0.02|0.34|0.52,-4,-26,21|-9|5|-65|46|-8|-26|-4,9.40,15|3.5|17|-5|14|14|16|8,,0|0.84|1.49|1.35|0.53|0.46|0.46|0.29,0|0.22|0.2|0.2|0.17|0.18|0.18|0.11,0|0|0|0|0|4|0|0,23|314|76|83|371|440|364|308,2|8|8|-1|35|38|40|10
MIC Electronics,https://www.screener.in/company/MICEL/consolidated/,994 Cr.,33.4,69.5 / 30.0,,8.97,0.00 %,8.67 %,-5.76 %,2.00,1.91,3.97,18.5 %,0.00 %,13.4 %,19.3 %,-6.63 %,9.97 %,103 %,%,%,%,3.70 %,0.20,-9.97 %,0.00 Cr.,0.00 Cr.,0.00 Cr.,Industrials,Capital Goods,Industrial Products,Other Industrial Products,2.13,-18.35,1.88,2.17,0.09|0.09|0.15|0.07|0.09|0.08|-0.76|0.09,3,-49,-32|-22|-22|33|0|1|-146|-58|-5|-13|-49|3,15.40,7|21|1|-2.7|-407|-919|-150|15|7|23|19|13,,4.15|3.8|3.13|0.16|0.16|1.83|5.58|20.36,,0|0|0|0|0|0|0|0|0|0|0|0,150|207|218|159|5|2|1|45|23|55|95|191,2|-111|-35|-191|-27|-24|-5|3|0|62|10|-13
Veer Global Inf.,https://www.screener.in/company/543241/,241 Cr.,142,155 / 71.8,126,22.2,0.00 %,8.66 %,3.06 %,10.0,2.31,2.46,0.00 %,0.00 %,57.2 %,35.9 %,15.6 %,21.1 %,-15.4 %,14.5 %,14.4 %,31.9 %,0.00 %,0.35,-3.38 %,0.00 Cr.,0.00 Cr.,0.03 Cr.,Consumer Discretionary,Realty,Realty,"Residential, Commercial Projects",0.07,0.58,0.33,0.69,0.74|0.32|0.29|0.1|0.42|0.2|0.36|0.04,3.39,-5.38,0|0|0|-1.58|-0.98|-3.75|-5.85|-3.18|-0.03|-8.25|-5.38|3.39,24.05,5.69|2.81|5.06|5.15|2.18|2.81|2.63|7.09|8.88|11.16|35.86|57.25,,,,33.33|140|74.5|149|75|0|24.07|37.49|0|0|0|0,2.11|3.2|3.16|2.33|10.08|8.55|12.94|7.76|11.38|15.41|11.63|6.9,0.03|0.05|0.1|0.05|0.13|0.18|0.27|0.39|0.72|1.46|1.81|1.61
IRM Energy,https://www.screener.in/company/IRMENERGY/consolidated/,"1,109 Cr.",270,393 / 165,15.2,243,0.56 %,8.63 %,5.49 %,10.0,1.83,8.36,0.00 %,-1.88 %,10.5 %,10.1 %,4.99 %,4.44 %,2.86 %,-5.52 %,-14.7 %,1.51 %,0.00 %,0.07,0.67 %,6.16 Cr.,6.16 Cr.,4.00 Cr.,Energy,"Oil, Gas & Consumable Fuels",Gas,LPG/CNG/PNG/LNG Supplier,34,13,14,13,2.93|2.46|1.07|3.39|3.06|3.4|3.11|8.23,143,94,31|44|45|129|53|120|94|143,17.20,26|30|39|37|11|17|10|11,,1.9|1.65|1.69|1.63|1.57|1.56|1.59|1.59,6.75|6.96|6.62|5.64|4.98|4.97|3.58|1.7,2|0|0|0|2|7|14|12,84|166|190|507|980|891|975|1067,11|21|35|128|63|86|45|53
OneClick Logisti,https://www.screener.in/company/OLIL/consolidated/,303 Cr.,443,480 / 262,107,133,0.00 %,8.61 %,5.51 %,10.0,2.06,2.44,2.40 %,-0.01 %,5.13 %,7.22 %,2.27 %,4.72 %,%,%,%,%,0.00 %,0.12,1.65 %,0.00 Cr.,0.00 Cr.,Cr.,Services,Services,Transport Services,Logistics Solution Provider,,,2,2,4.93|3.17,-33,1,1|-33,6.00,7|5,,0|0|0|0|0|0|2.4,0.3|0|0|0|0|0.27|0.26,0|0,45|115,2|3
Speciality Rest.,https://www.screener.in/company/SPECIALITY/,699 Cr.,145,167 / 82.7,26.4,71.9,0.69 %,8.58 %,5.94 %,10.0,0.55,3.41,-0.02 %,0.00 %,18.4 %,17.1 %,4.42 %,3.62 %,6.55 %,-37.1 %,-37.7 %,20.9 %,0.00 %,0.40,0.00 %,4.82 Cr.,4.82 Cr.,5.24 Cr.,Consumer Discretionary,Consumer Services,Leisure Services,Restaurants,6.89,3.83,8.67,4.76,0.52|1.89|0.55|1.18|0.99|1.8|0.79|1.43,84,73,11|26|3|9|17|43|20|53|81|60|73|84,17.80,10|5|-0.4|0.3|4|16|-0.5|17|20|17|17|18,,0.33|0.23|0.39|0.4|0.47|0.57|0.48|0.46,1.59|1.59|1.59|1.59|1.59|0.16|0|0,50|0|0|0|0|0|0|0|12|18|22|21,299|321|312|297|346|358|150|253|375|393|413|454,9|0|-22|-53|-6|-38|-29|14|96|27|21|23
Vijay Solvex,https://www.screener.in/company/VIJSOLX/consolidated/,202 Cr.,632,860 / 301,8.49,"1,101",0.00 %,8.58 %,5.56 %,10.0,3.05,5.11,0.00 %,0.00 %,1.39 %,1.46 %,0.82 %,1.00 %,-0.88 %,4.44 %,4.44 %,-22.0 %,0.00 %,0.18,0.63 %,0.00 Cr.,0.00 Cr.,0.00 Cr.,Fast Moving Consumer Goods,Fast Moving Consumer Goods,Agricultural Food & other Products,Edible Oil,5.58,6.78,5.37,6.09,19.42|23.32|8.74|3.31|19.02|16.77|21.17|17.42,-61,-22,44|4|23|-38|53|46|-22|41|71|31|-22|-61,1.32,1.7|2.2|2.3|2.3|2.1|2.5|3.8|2.6|0.9|0.2|1.5|1.4,,,,0|0|0|0|0|0|0|0|0|0|0|0,768|662|685|879|1226|1448|2070|2716|2430|1829|1831|2366,5|5|9|10|13|21|67|57|17|3|18|19
The Invest.Trust,https://www.screener.in/company/THEINVEST/consolidated/,492 Cr.,94.3,159 / 84.2,15.1,141,0.00 %,8.54 %,4.01 %,10.0,2.68,2.62,0.00 %,0.00 %,21.9 %,27.9 %,11.4 %,12.7 %,-2.18 %,35.9 %,35.9 %,13.6 %,0.00 %,0.08,0.00 %,0.00 Cr.,0.00 Cr.,0.00 Cr.,Financial Services,Financial Services,Finance,Other Financial Services,12,6,13,6,3.9|0.77|1.1|1.75|0.56|2.27|1.18|2.37,-183,125,-265|449|-188|-452|147|315|249|302|-97|-209|125|-183,19.00,31|16|29|27|22|14|20|13|10|22|28|22,,6.55|6.64|6.55|6.55|6.55|6.55|6.55|6.55,,0|0|0|0|0|0|0|0|0|0|0|0,159|133|168|335|640|463|335|333|311|302|362|291,2|6|30|80|41|-7|15|1|12|20|46|35
Aarti Surfactant,https://www.screener.in/company/AARTISURF/consolidated/,454 Cr.,536,680 / 316,24.7,289,0.19 %,8.53 %,5.16 %,10.0,1.32,3.02,-0.06 %,0.00 %,5.46 %,6.36 %,1.43 %,1.38 %,12.6 %,-1.03 %,-0.90 %,-10.6 %,0.00 %,0.43,-0.04 %,0.85 Cr.,0.85 Cr.,0.34 Cr.,Commodities,Chemicals,Chemicals & Petrochemicals,Specialty Chemicals,9.00,4.19,3.66,1.56,2.14|0.95|11.49|3.48|1.84|4.32|4.95|10.62,77,11,18|36|23|25|52|11|77,7.20,7|10|6|8|11|6|5,,0.06|0|0.14|0|0|0|0.14|0.08,1.06|0.8|0.8|0.8|0.8|0.3|0|0,0|11|0|0|0|6|7,326|466|576|601|590|659|859,2|22|5|13|21|15|12
Asahi Songwon,https://www.screener.in/company/ASAHISONG/consolidated/,439 Cr.,373,415 / 179,12.6,230,0.40 %,8.50 %,7.14 %,10.0,1.25,4.99,-0.04 %,0.01 %,9.31 %,10.1 %,3.32 %,3.04 %,2.00 %,53.4 %,53.4 %,-8.08 %,0.00 %,0.53,0.00 %,1.77 Cr.,1.77 Cr.,1.06 Cr.,Commodities,Chemicals,Chemicals & Petrochemicals,Dyes And Pigments,19,11,2,2,3.26|2.63|6.48|2.68|1.91|2.1|9.22|16.31,43,58,27|57|8|0|30|9|58|43,6.48,14|12|18|8|1.1|4.3|10|9,,0.07|0|0|0|0.08|0|0.05|0.01,0.21|0|0|0|0.03|0.3|0.31|0.32,20|16|13|3|-5|3|9|9,294|284|283|411|505|426|562|535,18|23|32|15|-18|16|17|18
N R Agarwal Inds,https://www.screener.in/company/NRAIL/,"1,064 Cr.",625,710 / 355,16.1,479,0.32 %,8.49 %,6.04 %,10.0,1.13,2.55,-0.05 %,-0.01 %,8.15 %,6.73 %,2.24 %,1.09 %,6.70 %,-21.7 %,-21.7 %,-3.46 %,0.00 %,1.01,0.00 %,0.00 Cr.,6.81 Cr.,2.04 Cr.,Commodities,Forest Materials,"Paper, Forest & Jute Products",Paper & Paper Products,35,14,14,-1,4.9|7.48|-4.01|9.72|-0.86|8.48|8.34|20.55,95,176,63|38|91|104|112|191|116|96|129|135|176|95,9.80,4.2|7|13|13|14|15|12|9|11|14|7|8,,0.44|0.41|0.39|0.4|0.39|0.41|0.39|0.34,0.01|0.16|0.11|0.03|0.03|0.03|0.02|0.01,0|0|7|6|7|0|3|0|0|3|39|0,725|883|1044|1190|1318|1405|1146|1617|1766|1293|1659|2145,-33|18|50|90|95|117|57|61|99|125|18|44
Systematix Corp.,https://www.screener.in/company/SYSTMTXC/consolidated/,"1,012 Cr.",74.1,180 / 51.9,,23.0,0.13 %,8.49 %,4.62 %,1.00,3.33,2.36,-0.17 %,0.00 %,21.2 %,38.3 %,9.69 %,27.4 %,25.8 %,40.8 %,38.4 %,59.2 %,0.00 %,0.06,0.00 %,1.36 Cr.,1.37 Cr.,1.07 Cr.,Financial Services,Financial Services,Capital Markets,Stockbroking & Allied,-4.89,-11.79,0.69,14.49,1.71|1.36|0.24|0.77|1.06|0.05|-0.86|-0.36,-8,-20,-35|55|-3|-16|49|93|18|51|-15|88|-20|-8,28.80,43|35|43|32|27|17|9|29|6|50|38|21,,0.97|3.57|5.28|5.39|5.36|5.03|4.12|3.95,0|0.04|0|0|0|0|0.07|0.07,0|0|0|0|0|0|0|7|0|2|3|10,37|34|42|54|56|51|55|89|73|146|168|146,1|-1|4|6|-3|-4|1|18|5|53|46|14
Emrock Corporation,https://www.screener.in/company/531676/,395 Cr.,250,306 / 30.8,321,15.0,0.00 %,8.48 %,7.78 %,10.0,8.31,18.9,0.00 %,0.00 %,57.8 %,12.0 %,58.7 %,34.0 %,%,172 %,%,%,0.00 %,0.44,0.00 %,0.00 Cr.,0.00 Cr.,0.00 Cr.,Fast Moving Consumer Goods,Fast Moving Consumer Goods,Food Products,Packaged Foods,0.19,0.41,0.38,0.25,0.24|0.26|0.12,1.06,-0.81,-0.34|0.96|0|0.73|-1.12|2.38|-0.12|-0.44|-0.09|-0.11|-0.81|1.06,21.64,11.02|1.59|25.84|12|57.77,,,,0|0|0|0|0|0|0|0|0|0|0,0|7.53|8.18|1.78|0|0|0|0|0|0|0.5|2.06,-0.28|0.85|0|0.46|-0.14|-0.03|-0.01|0.05|0.06|-0.1|0.17|1.21
XT Global Infot.,https://www.screener.in/company/XTGLOBAL/consolidated/,396 Cr.,29.5,46.0 / 25.2,33.8,15.2,0.17 %,8.48 %,5.97 %,1.00,3.21,6.17,0.00 %,0.00 %,7.18 %,9.58 %,3.97 %,4.23 %,15.1 %,-2.55 %,-2.83 %,2.02 %,0.00 %,0.25,0.00 %,0.67 Cr.,0.00 Cr.,0.27 Cr.,Information Technology,Information Technology,IT - Software,Computers - Software & Consulting,3.89,3.74,3.70,3.44,0.2|0.28|0.04|0.22|0.21|0.22|0.22|0.23,6,17,17|19|24|8|2|17|6,10.20,19|3.7|7|13|10|11|10|7,,,,0|0|0|0|0|6|0|6,0|195|181|217|242|217|234|369,0|4|20|20|12|12|10|15
Andhra Sugars,https://www.screener.in/company/ANDHRSUGAR/consolidated/,"1,275 Cr.",94.1,107 / 63.3,10.8,123,1.06 %,8.44 %,6.14 %,2.00,3.06,73.1,0.33 %,0.00 %,8.28 %,4.95 %,4.26 %,2.03 %,1.37 %,-19.5 %,-19.5 %,-6.29 %,2.09 %,0.00,0.00 %,16.3 Cr.,10.8 Cr.,24.4 Cr.,Commodities,Chemicals,Chemicals & Petrochemicals,Commodity Chemicals,47,6,23,34,0.33|0.06|0.43|1.73|2.41|1.65|0.35|3.37,278,128,29|178|245|202|114|181|253|176|286|142|128|278,9.00,6|13|17|16|22|19|14|13|13|6|5|8,,2.89|2.71|2.69|2.62|2.54|2.69|2.53|2.86,0|0|0|0|0|0|0|0,-167|28|22|23|14|27|20|22|15|18|42|20,1107|1258|1279|1308|1376|1477|1509|1962|2368|1894|2020|2466,1|56|125|119|192|211|141|246|191|76|27|87
Vipul Organics,https://www.screener.in/company/530627/consolidated/,495 Cr.,260,309 / 157,60.6,61.5,0.31 %,8.43 %,7.63 %,10.0,1.49,6.41,-0.07 %,0.00 %,9.82 %,8.87 %,3.93 %,2.54 %,9.41 %,53.8 %,48.3 %,-3.41 %,0.00 %,0.45,0.00 %,1.52 Cr.,1.06 Cr.,1.19 Cr.,Commodities,Chemicals,Chemicals & Petrochemicals,Specialty Chemicals,2.53,1.98,1.85,1.81,0.61|0.82|0.45|0.72|1.02|0.97|1.04|1.33,11,1,3|5|-4|-8|15|14|-2|2|10|5|1|11,9.60,4.5|5|6|5|7|10|14|12|9|8|9|10,,0.19|0.19|0.19|0.19|0.19|0.19|0.17|0.1,,61|48|31|28|18|13|13|13|62|39|24|22,52|53|57|79|90|92|119|133|134|150|163|175,1|1|2|2|4|5|7|7|2|3|4|7
Mahamaya Steel,https://www.screener.in/company/MAHASTEEL/consolidated/,"1,877 Cr.","1,142","1,425 / 387",189,96.6,0.00 %,8.40 %,5.67 %,10.0,1.41,3.98,-0.06 %,0.00 %,2.68 %,2.33 %,0.99 %,0.88 %,10.8 %,21.2 %,21.2 %,56.3 %,0.00 %,0.37,0.00 %,0.00 Cr.,0.00 Cr.,0.00 Cr.,Industrials,Capital Goods,Industrial Products,Iron & Steel Products,2.13,4.07,1.91,1.88,0.14|0.66|3.29|1.06|1.14|1.16|2.48|1.3,8,9,25|13|3|18|35|-4|44|2|14|9|8,2.46,0.5|6|7|4.8|4.2|5|3.1|2.1|2.1|2.3|2.7,,1.01|0.83|0.71|0.55|0.56|1.17|0.06|0,,0|0|0|0|0|0|0|0|0|0|0,317|254|297|465|358|251|495|650|784|802|883,-15|1|2|6|2|1|5|5|7|8|10
Plaza Wires,https://www.screener.in/company/PLAZACABLE/,267 Cr.,61.1,66.0 / 27.0,24.9,29.6,0.00 %,8.38 %,5.70 %,10.0,2.54,5.14,-0.03 %,0.00 %,4.93 %,3.62 %,2.25 %,1.30 %,20.3 %,-1.53 %,-12.6 %,-32.2 %,0.00 %,0.25,0.00 %,0.00 Cr.,0.00 Cr.,0.00 Cr.,Industrials,Capital Goods,Industrial Products,Cables - Electricals,4.50,3.91,1.80,0.52,0.04|0.05|0.42|0.25|0.12|0.41|0.89|1.03,4,11,8|2|-2|11|9|-27|11|4,5.90,8|7|7|7|9|5|3.6|4.9,,0.07|0.01|0.02|0.04|0|0.06|0.03|0,0.06|0.17|0.17|0|0|0|0|0,0|0|0|0|0|0|0|0,158|159|145|177|182|199|218|318,7|4|4|6|8|4|3|7
Transpek Inds.,https://www.screener.in/company/TRANSPEK/consolidated/,759 Cr.,"1,359","1,520 / 864",19.5,"1,374",1.47 %,8.37 %,6.14 %,10.0,2.54,8.31,0.00 %,-0.55 %,15.2 %,15.8 %,7.48 %,8.29 %,-9.09 %,-18.4 %,-18.4 %,15.6 %,0.00 %,0.10,-0.19 %,11.2 Cr.,11.2 Cr.,11.6 Cr.,Commodities,Chemicals,Chemicals & Petrochemicals,Commodity Chemicals,8.93,6.58,10.85,12.64,17.1|19.07|34.46|27.89|22.63|19.42|11.78|15.99,78,135,19|44|47|7|128|111|35|47|111|98|135|78,16.00,13|17|17|13|20|21|14|17|18|14|16|15,,0.05|0.03|0.03|0.04|0.03|0.03|0.02|0.02,1.86|1.86|1.86|1.83|1.64|1.64|1.6|1.05,13|21|17|19|17|10|18|19|18|20|23|24,290|284|317|361|595|566|339|599|827|580|650|621,22|21|30|26|66|73|23|65|83|39|49|46
Mawana Sugars,https://www.screener.in/company/MAWANASUG/consolidated/,502 Cr.,128,164 / 75.0,14.8,134,3.12 %,8.35 %,8.09 %,10.0,1.57,3.24,-0.10 %,0.00 %,6.67 %,8.44 %,2.62 %,2.68 %,1.97 %,44.3 %,44.3 %,58.5 %,0.00 %,0.80,0.00 %,15.6 Cr.,15.6 Cr.,14.1 Cr.,Fast Moving Consumer Goods,Fast Moving Consumer Goods,Agricultural Food & other Products,Sugar,-23,63,4,-16,-5.16|18.54|15.77|-3.46|-4.12|1|16.06|-5.9,73,114,235|38|49|63|-100|-139|160|-151|108|-164|114|73,6.80,-3.8|7|14|3.2|10|4.5|7|7|5|7|8|7,,0.88|0.43|0.44|0.96|0.58|0.44|0.55|0.45,0.07|0.07|0.07|0.07|0.07|0.07|0.06|0.06,0|0|0|0|0|0|16|45|89|42|14|42,1399|1485|1191|1344|1165|1161|1469|1478|1482|1355|1446|1571,-181|1|359|10|40|-83|73|26|13|38|109|37
Genesys Intl.,https://www.screener.in/company/GENESYS/consolidated/,"1,907 Cr.",285,418 / 135,54.8,105,0.00 %,8.32 %,5.72 %,5.00,2.61,4.84,-0.90 %,-2.03 %,33.7 %,46.0 %,11.1 %,18.0 %,21.9 %,26.2 %,22.0 %,28.8 %,9.63 %,0.25,1.22 %,0.00 Cr.,0.00 Cr.,0.00 Cr.,Information Technology,Information Technology,IT - Services,IT Enabled Services,5.28,12.72,1.05,12.05,1.77|3.25|2.97|1.07|1.8|0.16|1.85|0.8,16,-53,1|45|-3|17|-23|31|19|28|-35|19|-53|16,35.20,21|16|25|32|17|12|-1.9|23|32|41|46|34,,7.77|5.11|4.84|4.69|5.33|2.34|1.53|1.44,0.93|0.68|1.51|1.47|1.97|2.63|1.12|0.6,9|17|6|2|7|0|0|0|0|0|0|0,60|47|64|114|115|112|80|120|181|198|311|328,4|2|6|17|-4|-5|-52|-40|15|22|56|33
Renaiss. Global,https://www.screener.in/company/RGL/consolidated/,"1,648 Cr.",153,163 / 85.0,15.1,141,0.00 %,8.31 %,6.91 %,2.00,2.87,3.78,2.13 %,0.14 %,7.19 %,7.96 %,3.57 %,3.55 %,7.94 %,4.30 %,-0.07 %,15.7 %,0.00 %,0.43,0.25 %,0.00 Cr.,0.00 Cr.,3.21 Cr.,Consumer Discretionary,Consumer Durables,Consumer Durables,"Gems, Jewellery And Watches",26,30,33,20,1.16|2.27|2.34|0.59|1.8|2.99|3.01|2.36,54,-1,97|73|5|-34|-303|202|117|86|229|-35|-1|54,7.80,4.5|6|4.3|3.6|4.7|6|4.7|8|8|8|8|7,,0.85|0.77|1.2|1.12|1.25|2.25|2.02|4.15,0.13|0.11|0.46|0.43|0.43|0.22|0|0.14,5|8|0|0|0|0|20|15|0|0|0|0,1276|1320|1473|1811|2591|2502|2031|2190|2237|2107|2081|2813,40|47|43|64|77|88|42|106|87|74|74|90
Paushak,https://www.screener.in/company/PAUSHAKLTD/,"1,766 Cr.",716,991 / 342,41.7,199,0.35 %,8.30 %,6.98 %,5.00,1.59,23.1,0.00 %,-0.19 %,27.9 %,28.3 %,15.3 %,20.2 %,0.97 %,-12.8 %,-12.9 %,-1.44 %,0.00 %,0.16,0.00 %,6.16 Cr.,6.16 Cr.,5.51 Cr.,Commodities,Chemicals,Chemicals & Petrochemicals,Specialty Chemicals,15,13,6,9,5.77|6.2|3.9|4.89|3.5|2.5|5.07|6.12,54,38,9|14|12|10|24|41|30|44|43|56|38|54,31.60,25|22|17|28|29|31|36|36|35|31|28|28,,0|0|0.01|0|0|0|0|0,0.34|0.39|0.53|0.53|0.7|0.67|0.25|0.06,7|8|9|4|4|5|5|10|10|11|12|16,69|78|72|105|140|138|141|150|212|206|211|219,13|12|11|21|39|35|37|38|54|54|49|39
Century Enka,https://www.screener.in/company/CENTENKA/,"1,227 Cr.",561,672 / 371,8.23,687,1.96 %,8.26 %,6.18 %,10.0,2.62,76.2,-0.11 %,-0.13 %,8.66 %,5.74 %,5.30 %,3.15 %,-6.28 %,2.34 %,2.34 %,6.59 %,0.00 %,0.01,0.00 %,24.0 Cr.,21.8 Cr.,22.3 Cr.,Consumer Discretionary,Textiles,Textiles & Apparels,Other Textile Products,61,40,24,23,9.87|6.56|3.16|7.02|10.32|10.92|18.26|28.06,125,118,128|192|61|56|122|142|109|56|219|88|118|125,7.96,9|12|15|8|8|7|10|13|7|4.8|6|9,,3.44|3.12|2.71|2.16|2.1|2.12|2.07|1.96,9.37|9.42|9.24|9.86|10.98|11.03|11.04|10.91,36|28|17|22|20|18|25|12|24|48|33|24,1219|1148|1185|1416|1791|1423|1223|2098|2072|1744|2002|1705,37|59|91|70|77|96|71|184|90|46|67|102
Gokul Refoils,https://www.screener.in/company/GOKUL/consolidated/,400 Cr.,40.4,47.4 / 31.0,19.3,36.7,0.00 %,8.25 %,4.86 %,2.00,1.23,1.81,0.51 %,0.00 %,0.88 %,1.04 %,0.42 %,0.38 %,9.52 %,-10.4 %,-10.4 %,-3.39 %,0.00 %,1.06,0.06 %,0.00 Cr.,0.00 Cr.,0.00 Cr.,Fast Moving Consumer Goods,Fast Moving Consumer Goods,Agricultural Food & other Products,Edible Oil,6.08,5.85,5.25,3.52,0.52|0.06|0.67|0.39|0.36|0.53|0.59|0.61,34,17,-260|390|41|111|72|65|6|-72|92|56|17|34,1.30,1.7|1.6|1.8|0.8|1.5|1.8|1.6|1.3|1.8|1.5|1|0.9,,0.3|0.31|0.29|0.29|0.29|0.28|0.27|0.78,,0|0|0|0|0|0|0|0|0|0|0|0,5865|3413|1854|1987|2197|2159|2464|3053|3137|3019|3510|4120,9|11|2|9|12|20|20|27|24|2|15|18
Prime Securities,https://www.screener.in/company/PRIMESECU/consolidated/,"1,009 Cr.",297,325 / 240,59.1,75.6,0.51 %,8.25 %,4.09 %,5.00,13.5,8.36,0.00 %,0.00 %,15.7 %,47.2 %,6.93 %,39.7 %,43.2 %,-1.47 %,-2.99 %,-2.04 %,0.00 %,0.01,0.00 %,0.00 Cr.,5.04 Cr.,3.40 Cr.,Financial Services,Financial Services,Finance,Other Financial Services,2.01,-13.22,2.10,13.77,5.13|2.44|0.23|3.12|4.09|0.62|-3.9|0.59,-2,28,-14|0|7|7|-1|15|40|1|-5|13|28|-2,35.20,68|281|67|36|16|24|44|32|37|47|16,,5.26|4.38|4.59|4.48|4.47|4.93|4.96|4.96,4.85|4.84|4.95|4.95|4.95|5.08|5.08|5.08,0|0|0|0|0|0|145|41|14|18|13|0,-9|12|20|24|47|74|44|46|47|67|89|137,-15|14|13|14|13|8|8|17|11|19|38|13
Affordable Robo.,https://www.screener.in/company/AFFORDABLE/,204 Cr.,172,297 / 120,35.4,105,0.00 %,8.25 %,6.06 %,10.0,1.19,3.10,-0.33 %,0.00 %,14.4 %,8.89 %,6.27 %,3.73 %,-0.26 %,15.8 %,15.7 %,32.6 %,0.00 %,0.44,-2.23 %,0.00 Cr.,0.00 Cr.,0.00 Cr.,Industrials,Capital Goods,Industrial Manufacturing,Industrial Products,-4.80,6.02,0.36,4.19,-7.03|3.97|8.38|-3.2|3.73|0.32|5.35|-4.05,42.89,9.86,-0.22|5.36|-14.21|4.49|2.83|1.62|3.26|-0.08|9.86|42.89,9.95,5.33|9.53|20.27|15.57|14.7|9.07|1.62|8.15|9.56|8.72|8.89|14.45,,0|0.22|0.22|0|0.89|1.17|1.42|1.09,0|0.55|0.79|0.79|0.43|0|0|0,0|0|0|0|0|0|0|0|0|0|0|0,25.9|47.02|44.21|66.2|82.33|86.14|56.06|80.7|111.81|150.07|160.47|110.94,0.14|1.22|4.16|5.68|5.06|2.22|-3.53|2.37|4.48|6.07|5.99|6.96
Shiv Aum Steels,https://www.screener.in/company/SHIVAUM/,637 Cr.,468,485 / 275,66.9,88.9,0.00 %,8.20 %,6.29 %,10.0,2.45,2.46,0.00 %,0.00 %,2.80 %,2.67 %,1.39 %,1.76 %,2.52 %,-19.6 %,-19.6 %,27.9 %,0.00 %,0.78,0.00 %,0.00 Cr.,0.00 Cr.,0.00 Cr.,Services,Services,Commercial Services & Supplies,Trading & Distributors,3.68,4.38,0.67,0.79,2.22|0.05|1.26|1.18|0.58|0.49|3.22|2.71,14,-5,23|-1|0|-17|-23|6|4|4|6|-3|-5|14,3.76,0.9|1|0.9|3|2.9|3.5|2.6|5|4.8|3.5|2.7|2.8,,,,0|0|0|0|0|0|0|0|0|0|0|0,343|287|242|273|372|339|267|407|496|548|548|534,2|2|3|5|6|5|2|12|14|10|10|7
P. H. Capital,https://www.screener.in/company/500143/,325 Cr.,"1,084","1,159 / 165",,192,0.02 %,8.19 %,5.39 %,10.0,35.2,-128,0.26 %,0.00 %,4.23 %,6.15 %,2.64 %,4.23 %,14.4 %,41.0 %,41.0 %,-21.8 %,0.00 %,0.00,0.00 %,0.00 Cr.,0.08 Cr.,0.04 Cr.,Financial Services,Financial Services,Finance,Investment Company,-0.29,-1.60,-1.26,-0.90,37.6|6.9|-22.37|23.33|-3|-4.2|-5.33|-0.97,45.38,-7.83,-4.58|12.82|-1.43|0.16|3.18|-0.57|1.73|0.06|1.45|9.83|-7.83|45.38,7.88,3.46|27.04|1|3.35|-0.02|-4.47|32.93|17.26|-5.42|17.18|6.15|4.23,,0|0|0|0|0.17|0.17|1.89|2.15,,0|0|0|0|0|0|0|0|-1.99|0.37|0.96|0,33.83|33.25|46.04|88.19|51.55|59.09|48.29|83.08|76.16|161.39|185.51|113.93,0.11|6.46|-0.06|1.69|-0.44|-2.67|10.3|11.61|-3.76|20.13|7.85|3.24
Swiss Military,https://www.screener.in/company/SWISSMLTRY/,349 Cr.,14.8,26.6 / 12.8,47.5,5.72,0.68 %,8.18 %,6.06 %,2.00,3.81,8.78,0.00 %,0.00 %,4.36 %,5.08 %,3.16 %,4.41 %,27.2 %,15.4 %,15.3 %,205 %,0.00 %,0.12,0.00 %,2.36 Cr.,0.00 Cr.,1.49 Cr.,Consumer Discretionary,Consumer Durables,Consumer Durables,Diversified consumer products,1.37,1.60,1.91,2.24,0.07|0.1|0.11|0.08|0.09|0.08|0.07|0.06,13,-3,0|-6|0|0|-1|0|-1|-9|-19|-2|-3|13,4.64,-3|-3.2|11|-13|-8|-20|-0.4|4.3|4.8|4.7|5|4.4,,0|0|0.02|0.02|0|0|0|0,,0|0|0|0|0|0|0|0|61|24|0|31,11|9|3|5|5|4|5|56|122|181|213|251,0|-30|-5|-1|0|0|0|3|5|8|9|8
Sayaji Industr,https://www.screener.in/company/SAYAJIIND/consolidated/,291 Cr.,115,147 / 65.0,23.4,36.7,0.00 %,8.18 %,1.49 %,5.00,0.54,1.63,0.00 %,0.00 %,3.63 %,-1.01 %,0.14 %,-3.95 %,1.00 %,15.9 %,15.9 %,-39.3 %,0.00 %,2.45,0.00 %,0.00 Cr.,0.00 Cr.,0.25 Cr.,Fast Moving Consumer Goods,Fast Moving Consumer Goods,Agricultural Food & other Products,Other Agricultural Products,7.33,10.90,3.60,-9.23,0.23|-0.47|-3.06|-1.52|-3.67|1.37|4.44|2.78,38,-33,20|20|29|23|43|35|73|22|40|-33|38,2.26,4.8|3.8|4.7|4.6|2.9|9|6|2|0.7|-1|3.6,,0|0|0|0|0|0|0|0,0.02|0.02|0.02|0.02|0.02|0.01|0.01|0.01,23|23|16|5|0|4|3|9|0|0|0,503|531|586|644|639|559|793|1040|975|1004|1072,4|5|7|25|-2|17|19|7|-12|-11|2
Silgo Retail,https://www.screener.in/company/SILGO/,226 Cr.,70.8,86.2 / 57.4,33.3,43.1,0.00 %,8.17 %,5.87 %,10.0,5.73,6.01,0.48 %,0.00 %,18.8 %,14.1 %,12.2 %,10.1 %,11.3 %,34.8 %,27.1 %,17.0 %,38.6 %,0.15,0.10 %,0.00 Cr.,0.00 Cr.,0.00 Cr.,Consumer Discretionary,Consumer Durables,Consumer Durables,"Gems, Jewellery And Watches",2.15,1.91,1.29,1.44,0.33|0.42|0.72|0.37|0.45|0.4|0.6|0.67,-67.31,-0.63,-0.82|-4.5|-13.74|-14.79|-0.79|2.38|1.56|-0.63|-67.31,14.86,11.23|9.14|11.55|12.64|12.14|13.41|15.87|14.11|18.75,,0.01|0.01|0.01|0.01|0|0|0.01|0.49,,0|0|0|0|0|0|0|0|0,16.47|21.67|28.41|31.89|34.85|34.07|35.03|44.37|47.03,0.95|1.23|1.97|2.2|2.31|2.35|3.15|4.48|5.76
Salasar Techno,https://www.screener.in/company/SALASAR/consolidated/,855 Cr.,4.89,11.5 / 4.70,62.4,4.77,0.00 %,8.13 %,2.13 %,1.00,1.16,1.56,0.93 %,0.00 %,7.48 %,8.10 %,1.17 %,1.75 %,14.4 %,-24.8 %,-27.3 %,-13.8 %,5.14 %,0.51,-2.73 %,0.00 Cr.,0.00 Cr.,1.20 Cr.,Industrials,Capital Goods,Industrial Manufacturing,Industrial Products,5.14,-13.67,6.52,15.99,0.06|0.07|-0.03|0.05|0.09|0.03|-0.07|0.03,73,-5,22|30|12|-43|-12|31|-7|1|0|52|-5|73,8.80,8|9|10|11|11|10|10|10|9|10|8|7,,6.49|5.62|5.21|4|3.55|4.97|4.97|5.9,0|0.09|0|0|0|0|0|0,0|0|0|4|10|12|5|9|8|0|0|0,330|310|384|495|655|526|597|719|1005|1208|1447|1503,6|11|19|30|33|22|30|31|40|53|19|18
Nova Agritech,https://www.screener.in/company/NOVAAGRI/consolidated/,212 Cr.,22.9,52.0 / 18.0,16.5,25.1,0.00 %,8.09 %,5.68 %,2.00,2.65,4.64,-0.19 %,-0.16 %,10.4 %,14.5 %,4.91 %,9.32 %,7.50 %,-14.4 %,-23.8 %,-22.7 %,0.00 %,0.22,0.01 %,0.00 Cr.,0.00 Cr.,0.00 Cr.,Commodities,Chemicals,Fertilizers & Agrochemicals,Fertilizers,3.25,0.22,2.61,6.76,0.73|1.14|0.63|0.35|0.73|0.28|0.02|0.35,2,-18,3|3|-9|5|2|6|1|-18|2,15.20,13|10|11|11|15|18|18|15|10,,0.05|0.14|0.05|0.01|0.01|0.01|0.19|0,1.41|1.41|1.3|1.3|1.24|1.24|1.24|1.08,0|0|0|0|0|0|0|0|0,116|131|127|161|186|211|252|294|262,6|5|3|6|14|20|28|27|13
TTK Healthcare,https://www.screener.in/company/TTKHLTCARE/,"1,484 Cr.","1,050","1,250 / 735",19.4,789,0.95 %,8.04 %,6.30 %,10.0,5.91,37.4,-0.04 %,1.08 %,3.05 %,4.35 %,8.01 %,8.88 %,5.74 %,-52.5 %,-52.5 %,11.2 %,0.00 %,0.02,0.00 %,14.1 Cr.,14.1 Cr.,14.1 Cr.,Diversified,Diversified,Diversified,Diversified,21,22,11,20,12.17|11.84|11.43|9.2|14.43|7.45|15.4|15.06,-21,-4,39|37|18|25|17|20|96|45|-25|-5|-4|-21,4.04,6|8|7|7|8|4.4|4.1|3.6|4.3|5|4.3|3,,1.9|1.9|1.9|1.89|1.9|1.89|1.9|1.86,1.14|1.14|1.14|1.18|1.18|1.08|1.11|2.19,22|17|21|39|29|34|18|34|2|22|17|22,483|519|528|578|628|646|476|599|725|753|801|857,16|23|19|18|24|12|46|42|640|63|82|66
Shriram Properti,https://www.screener.in/company/SHRIRAMPPS/consolidated/,"1,215 Cr.",71.2,99.5 / 60.6,13.3,85.6,0.00 %,8.04 %,7.16 %,10.0,1.63,1.83,0.80 %,-1.06 %,6.69 %,3.60 %,7.95 %,9.30 %,23.4 %,15.5 %,15.4 %,26.4 %,0.00 %,0.42,0.00 %,0.00 Cr.,0.00 Cr.,0.00 Cr.,Consumer Discretionary,Realty,Realty,"Residential, Commercial Projects",11,79,-7,9,-0.06|0.76|2.8|1.21|0.5|-0.4|4.6|0.65,-16,154,-297|-179|129|148|124|5|221|154|-16,8.52,0.3|-0.3|-1.8|3.9|17|6|9|3.6|7,,0.97|1.41|2.48|2.1|2.9|3.56|6.05|6.85,3.3|1.6|1.81|1.95|1.93|2.53|2.49|1.43,0|0|0|0|0|0|0|0|0,368|650|572|432|433|674|865|823|1267,343|49|-86|-68|18|68|75|77|101
Emk.Global Fin.,https://www.screener.in/company/EMKAY/consolidated/,693 Cr.,249,410 / 185,35.5,145,0.60 %,8.01 %,4.52 %,10.0,1.29,2.67,-0.09 %,0.00 %,11.9 %,21.8 %,3.90 %,15.8 %,24.5 %,3.10 %,1.02 %,5.43 %,0.00 %,0.29,0.63 %,3.93 Cr.,10.2 Cr.,4.66 Cr.,Financial Services,Financial Services,Capital Markets,Stockbroking & Allied,9.11,5.66,4.30,0.46,10.43|3.43|3.35|1.88|0.18|1.66|2.16|3.33,-72,-2,-4|61|-22|30|21|94|-44|60|-63|24|-2|-72,15.60,29|22|22|29|15|-1.9|16|20|7|17|22|12,,0.77|0.83|0.82|0.85|0.88|0.8|0.84|0.75,0|0.1|0.1|0.01|0.03|0.05|0.01|0.01,0|20|20|17|28|0|22|9|18|11|18|26,117|105|109|156|147|135|160|272|205|316|360|396,-16|12|12|29|9|-13|11|34|14|32|57|15
Swelect Energy,https://www.screener.in/company/SWELECTES/consolidated/,844 Cr.,557,979 / 480,19.6,608,0.63 %,8.00 %,5.34 %,10.0,1.07,1.96,0.35 %,0.00 %,23.0 %,15.6 %,7.55 %,-4.93 %,38.8 %,206 %,206 %,19.2 %,0.00 %,0.87,0.00 %,5.31 Cr.,4.55 Cr.,4.46 Cr.,Industrials,Capital Goods,Electrical Equipment,Heavy Electrical Equipment,7.66,11.09,9.52,15.83,5.43|-7.1|5.84|13.55|10.01|6.11|6.73|4.66,95,130,-5|4|29|3|69|28|33|97|131|90|130|95,23.40,3.5|8|10|11|11|14|20|18|25|35|16|23,,0.07|0.09|0.06|0.05|0.04|0.22|0.23|0.58,0|0|0.04|0.04|0|0|0|0,-665|24|19|25|37|-30|17|14|33|10|36|10,222|276|241|294|228|252|253|391|246|243|622|657,0|17|22|16|7|-10|26|32|6|63|14|58
RIR Power Electr,https://www.screener.in/company/RIR/consolidated/,"1,583 Cr.",199,388 / 132,222,17.5,0.05 %,7.93 %,5.61 %,2.00,3.85,8.31,-1.64 %,0.00 %,11.2 %,13.0 %,7.85 %,8.85 %,16.6 %,6.10 %,1.47 %,36.2 %,0.00 %,0.10,0.00 %,0.16 Cr.,1.53 Cr.,0.96 Cr.,Industrials,Capital Goods,Electrical Equipment,Other Electrical Equipment,1.39,0.44,4.23,1.87,0.33|0.19|0.19|0.32|0.24|0.53|0.06|0.17,-21.93,1.29,3.74|-1.76|0.74|1.59|1.29|-21.93,12.91,9.54|11.48|14.09|14.81|12.97|11.22,,9.35|9.56|8.62|9.52|9.93|9.84|8.5|8.2,0.02|0.02|0.02|0.01|0.01|0.01|0.01|0.01,0|24.56|17.44|19.8|20.1|2.01,30.07|42.33|57.33|66.76|86.21|90.87,1.33|2.81|5.97|7.03|7.63|7.93
Vibhor Steel,https://www.screener.in/company/VSTL/,215 Cr.,114,165 / 101,25.6,104,0.00 %,7.92 %,5.05 %,10.0,1.25,1.75,-0.16 %,0.00 %,3.78 %,3.66 %,0.85 %,1.12 %,1.07 %,-22.7 %,-29.8 %,20.4 %,0.00 %,0.98,0.12 %,0.00 Cr.,0.00 Cr.,0.00 Cr.,Industrials,Capital Goods,Industrial Products,Iron & Steel Products,1.93,2.57,1.66,1.42,0.47|1.81|2.34|1.66|0.75|0.88|1.36|1.02,61,36,-9|34|44|-35|7|6|36|61,3.94,3.9|5|3.9|3.6|4.1|4.5|3.7|3.8,,0.13|0.04|0.16|0.16|0.07|0.03|0.31|0.15,0|0|0|0|0|0|0|0,0|0|0|0|0|0|0|0,600|557|511|818|1113|1073|996|1149,6|5|3|11|21|18|12|9
Liberty Shoes,https://www.screener.in/company/LIBERTSHOE/,377 Cr.,221,379 / 210,44.3,137,0.00 %,7.91 %,4.86 %,10.0,1.89,1.71,-0.01 %,0.00 %,8.69 %,10.2 %,1.50 %,2.30 %,4.19 %,-5.50 %,-5.50 %,104 %,0.00 %,0.71,0.24 %,0.00 Cr.,0.00 Cr.,1.70 Cr.,Consumer Discretionary,Consumer Durables,Consumer Durables,Footwear,0.68,5.30,0.59,1.97,0.54|1.39|3.29|1.95|1.16|0.35|3.11|0.4,80,74,35|39|22|32|29|153|33|38|94|88|74|80,9.60,8|9|8|7|7|9|11|9|9|11|10|9,,0.56|0.68|0.73|0.39|0.17|0.18|0.11|0.1,,15|0|0|0|0|0|0|190|33|0|0|0,526|454|497|546|602|652|458|488|654|637|675|740,17|10|7|7|7|11|0|2|13|11|14|11
Abans Financial,https://www.screener.in/company/AFSL/consolidated/,"1,029 Cr.",201,241 / 194,8.02,247,0.00 %,7.90 %,8.29 %,2.00,2.04,4.92,1.69 %,0.00 %,0.66 %,5.80 %,0.44 %,3.31 %,174 %,14.1 %,13.7 %,16.0 %,0.00 %,0.60,-0.25 %,0.00 Cr.,0.00 Cr.,0.00 Cr.,Financial Services,Financial Services,Finance,Holding Company,66,-4,34,42,5.06|5.13|5.61|5.92|7.55|6.33|-0.76|12.19,505,-119,-126|18|62|-12|211|33|-119|505,7.74,1.3|3.5|6|14|7|11|6|0.7,,11.07|12.86|15.11|15.7|16.14|17.03|19.02|20.71,0.01|0.01|0.01|0.05|0|0|0|0,0|0|0|0|0|0|0|0,4377|2771|1331|645|1163|1380|3281|23874,36|39|46|62|70|89|109|105
Wendt India,https://www.screener.in/company/WENDT/consolidated/,"1,754 Cr.","8,768","9,674 / 5,842",103,"1,269",0.34 %,7.82 %,4.89 %,10.0,2.88,"1,312",0.16 %,-0.80 %,13.7 %,22.7 %,5.15 %,14.7 %,3.97 %,-31.6 %,-31.6 %,1.10 %,0.00 %,0.00,0.00 %,10.0 Cr.,10.0 Cr.,11.8 Cr.,Industrials,Capital Goods,Industrial Products,Abrasives & Bearings,6.18,5.09,2.98,2.70,53.45|41.1|64.45|18.9|13.5|14.9|25.45|30.9,22,34,17|11|18|24|33|16|8|37|33|30|34|22,22.60,19|17|18|18|18|13|17|24|27|25|23|14,,0.04|0.04|0.09|2.35|1.81|1.13|1|1.16,6.73|6.72|6.71|9.17|9.63|9.83|12.76|11.96,37|46|41|38|39|50|47|48|40|24|25|69,124|135|146|147|165|143|137|179|210|227|234|236,14|11|12|13|15|10|13|27|40|41|39|15
SC Agrotech,https://www.screener.in/company/526081/,201 Cr.,26.5,43.8 / 14.8,15.6,15.5,0.00 %,7.77 %,5.53 %,10.0,14.4,,0.00 %,0.00 %,5.33 %,%,3.79 %,7.69 %,893 %,94.0 %,34.2 %,45.8 %,0.00 %,0.00,0.00 %,0.00 Cr.,0.00 Cr.,0.00 Cr.,Fast Moving Consumer Goods,Fast Moving Consumer Goods,Agricultural Food & other Products,Other Agricultural Products,9.56,0.38,2.73,0.21,-0.32|1.57|-1.25|0.03|0.35|0.98|0.05|1.26,-107,1,0|-1|-1|-1|-1|-1|-1|0|1|0|1|-107,-269.40,-34|-45|-111|-92|-471|-156|-1100|-104|8|5,,,,0|0|0|0|0|0|0|0|0|0|0|0,1|1|1|1|0|0|0|0|0|1|0|88,0|0|0|0|0|0|0|0|2|0|0|3
Sikko Industries,https://www.screener.in/company/SIKKO/,259 Cr.,5.92,6.83 / 3.20,42.7,1.98,0.00 %,7.76 %,6.10 %,1.00,3.44,8.39,-0.29 %,0.00 %,9.77 %,10.4 %,7.86 %,6.92 %,9.88 %,20.9 %,20.9 %,14.5 %,0.00 %,0.14,0.00 %,0.00 Cr.,0.00 Cr.,0.05 Cr.,Commodities,Chemicals,Fertilizers & Agrochemicals,Pesticides & Agrochemicals,3.13,-2.00,2.07,2.85,0.05|0.03|-0.02|0.05|0.07|0.05|-0.05|0.07,-7.30,-31.13,0.79|-0.02|1.09|-2.93|-0.61|0.68|0.24|6.36|-4.05|2.1|-31.13|-7.3,8.70,12.22|1.2|3.09|10.96|10.86|11.81|6.77|7.05|9.43|6.87|10.39|9.77,,0.79|0.74|4.77|5.04|5.01|8.01|8.01|7.72,,0|0|0|0|0|0|0|0|8.72|0|0|0,11.21|20.07|15.87|25.54|25.51|30.49|38.84|50.51|49|60.24|61.3|65.01,-0.03|-0.38|0.4|1.18|2.01|2.44|2.6|1.88|2.89|4.06|4.27|5.11
Magadh Sugar,https://www.screener.in/company/MAGADSUGAR/,711 Cr.,505,635 / 413,13.8,625,2.48 %,7.75 %,7.39 %,10.0,1.25,3.09,-0.12 %,0.00 %,11.8 %,16.0 %,5.09 %,8.22 %,9.29 %,7.96 %,7.96 %,18.3 %,0.00 %,0.79,0.00 %,17.6 Cr.,17.6 Cr.,15.1 Cr.,Fast Moving Consumer Goods,Fast Moving Consumer Goods,Agricultural Food & other Products,Sugar,-12,49,25,-10,3.81|15.01|50.75|0.16|-7.34|17.8|34.45|-8.67,148,139,0|0|89|21|41|-17|125|147|115|31|139|148,14.80,24|9|14|17|12|13|14|19|16|12,,0.42|0.25|0.16|0.16|0.15|0.15|0.18|0.06,0.01|0.01|0.01|0.01|0.01|0.01|0.01|0.01,0|3|4|6|7|21|20|20|18|16|28,0|0|681|717|739|916|952|995|953|1097|1322|1245,0|0|58|25|34|83|27|46|50|116|109|64
Maan Aluminium,https://www.screener.in/company/MAANALU/,628 Cr.,105,186 / 101,46.9,45.8,0.00 %,7.74 %,5.75 %,5.00,2.92,4.91,-0.01 %,0.13 %,2.49 %,3.50 %,1.61 %,2.21 %,-0.21 %,-36.1 %,-38.3 %,-4.53 %,0.00 %,0.20,0.00 %,0.00 Cr.,0.00 Cr.,1.08 Cr.,Commodities,Metals & Mining,Non - Ferrous Metals,Aluminium,3.10,1.70,2.83,5.77,0.95|0.56|0.73|0.5|1.07|0.52|0.28|0.52,18,0,3|-31|-7|36|-4|30|-19|15|29|33|0|18,5.14,3.3|2.7|2.3|2.9|2.8|2.4|6|6|9|4.7|3.5|2.5,,0.41|0.37|0.41|0.37|0.39|0.01|0.01|0,0|0.54|0|0|0|1.43|1.58|1.71,0|28|10|11|7|9|6|6|8|0|0|0,110|190|349|447|652|524|403|572|814|953|810|809,0|1|3|6|9|8|15|22|50|33|16|13
MBL Infrast,https://www.screener.in/company/MBLINFRA/consolidated/,344 Cr.,22.3,48.9 / 17.5,,62.7,0.00 %,7.74 %,-7.18 %,10.0,0.26,2.18,-0.08 %,0.06 %,61.2 %,35.1 %,-38.8 %,-84.9 %,3.37 %,-13.5 %,2.29 %,%,23.3 %,1.03,0.56 %,0.00 Cr.,0.00 Cr.,0.00 Cr.,Industrials,Construction,Construction,Civil Construction,-5.19,-8.46,-9.38,7.66,1.99|-2.56|-3.87|-0.82|0.5|-0.61|-0.55|-0.34,82,40,-63|102|-322|83|277|-6|34|-16|77|48|40|82,38.80,12|11|1|11|-46|-25|51|19|36|43|35|61,,0|0.04|0.04|0.02|0.02|0.01|0.08|0,0|0.54|0.53|0.43|0.43|0|0.36|0.42,8|7|0|0|0|0|0|0|0|0|0|0,1962|2343|2281|511|154|213|203|164|159|122|128|176,82|87|-64|19|-264|265|63|0|-51|-39|169|-23
Agarwal Indl.,https://www.screener.in/company/AGARIND/consolidated/,617 Cr.,413,"1,006 / 360",15.1,461,0.80 %,7.73 %,6.21 %,10.0,1.05,3.13,-2.32 %,0.05 %,7.11 %,8.43 %,2.47 %,4.75 %,-6.40 %,-23.4 %,-23.4 %,-6.99 %,0.00 %,0.50,0.00 %,4.94 Cr.,4.94 Cr.,4.15 Cr.,Commodities,Chemicals,Chemicals & Petrochemicals,Petrochemicals,10,16,3,12,12.33|18.52|20.42|8.71|8.02|1.87|10.53|6.92,235,100,2|13|-12|8|30|49|49|65|157|112|100|235,7.40,7|8|9|7|7|6|8|7|7|8|8|7,,5.51|6.26|5.98|6.04|5.91|5.05|4.69|2.37,0.38|0.38|0.54|0.01|0.01|0.01|0.01|0.06,14|17|17|15|14|6|5|4|4|4|4|11,222|281|297|414|531|787|904|1598|2015|2125|2399|1652,6|7|9|10|13|26|41|64|92|109|116|44
PTL Enterprises,https://www.screener.in/company/PTL/,507 Cr.,38.3,47.8 / 35.3,11.1,63.6,6.52 %,7.72 %,5.45 %,1.00,0.25,14.9,0.00 %,0.00 %,91.1 %,90.6 %,71.8 %,56.4 %,0.00 %,25.6 %,25.6 %,0.10 %,0.00 %,0.01,0.00 %,33.1 Cr.,23.2 Cr.,25.8 Cr.,Services,Services,Commercial Services & Supplies,Diversified Commercial Services,8.75,13.24,8.93,14.78,1.05|0.63|0.66|0.7|1.12|0.67|1|0.66,46,26,26|65|25|48|42|46|40|41|43|21|26|46,89.80,77|91|91|94|93|91|91|90|90|87|91|91,,0.1|0|0|0.07|0|0|0|0,0.91|0.91|0.91|0.91|0.91|0.91|0.91|0.91,44|27|27|29|42|38|47|80|100|98|64|72,40|46|53|60|63|63|63|63|64|64|64|64,15|24|30|46|40|44|70|33|23|24|36|46
Eldeco Housing,https://www.screener.in/company/ELDEHSG/consolidated/,769 Cr.,782,"1,061 / 702",21.2,406,1.15 %,7.72 %,6.20 %,2.00,1.94,18.8,0.00 %,0.30 %,18.6 %,19.4 %,14.7 %,16.1 %,8.56 %,-18.2 %,-18.2 %,-14.9 %,0.00 %,0.39,0.00 %,8.86 Cr.,8.86 Cr.,8.27 Cr.,Consumer Discretionary,Realty,Realty,"Residential, Commercial Projects",15,5,14,3,4.59|5.87|3.3|3.18|2.67|13.9|4.93|15.37,104,-7,1|-5|59|15|38|19|37|17|20|-128|-7|104,31.80,14|20|21|32|30|37|42|47|39|35|19|19,,0.83|0.82|0.82|0.82|0.82|0.82|0.82|0.82,0.29|0.29|0.29|0.32|0.32|0.32|0.32|0.62,6|10|11|10|9|9|15|16|18|23|41|37,54|141|169|108|168|128|159|127|129|112|133|165,6|20|24|25|38|39|54|51|44|34|22|24
Indl.& Prud.Inv.,https://www.screener.in/company/INDPRUD/consolidated/,"1,044 Cr.","6,228","7,052 / 4,311",17.1,"5,072",1.93 %,7.72 %,7.71 %,10.0,1.76,,0.00 %,0.00 %,84.4 %,85.1 %,969 %,817 %,-3.53 %,12.5 %,12.5 %,19.3 %,0.00 %,0.00,0.00 %,20.2 Cr.,18.5 Cr.,14.4 Cr.,Financial Services,Financial Services,Finance,Investment Company,11,17,16,17,108.72|87|97.39|82.11|99.71|94.1|104.37|65.16,23,12,-1|6|5|5|5|7|7|4|11|14|12|23,86.60,90|89|89|88|89|9|91|91|86|87|85|84,,0|0.24|0.56|0.56|0.56|0.56|0.56|0.56,0.07|0.07|0.07|0.07|0.07|0.07|0.07|0.07,15|27|21|22|23|18|16|23|23|31|31|32,8|8|8|5|6|3|8|7|7|6|7|7,21|21|21|20|19|24|26|37|45|49|60|64
GIC Housing Fin,https://www.screener.in/company/GICHSGFIN/,750 Cr.,139,184 / 130,4.77,391,3.23 %,7.71 %,7.59 %,10.0,0.95,1.29,-0.41 %,-2.06 %,79.1 %,86.0 %,14.3 %,15.8 %,-1.21 %,-9.74 %,-9.74 %,7.91 %,0.00 %,4.33,0.00 %,24.2 Cr.,24.2 Cr.,24.2 Cr.,Financial Services,Financial Services,Finance,Housing Finance Company,10,54,44,50,6.77|9.22|6.52|1.36|9.28|8.1|9.95|1.86,-320,-18,-1103|-1167|-1178|-1721|-1645|22|548|1286|1044|522|-18|-320,,,,2.91|2.46|2.18|2.67|2.16|2.08|1.81|1.4,5.89|5.89|5.89|5.51|5.51|5.05|4.59|2.53,26|22|18|14|17|24|20|14|11|16|15|16,,103|124|148|206|172|46|106|174|213|151|160|154
Enkei Wheels,https://www.screener.in/company/ENKEIWHEL/,710 Cr.,395,568 / 319,27.8,133,0.00 %,7.66 %,4.13 %,5.00,1.11,2.63,-0.01 %,0.00 %,9.20 %,7.32 %,1.01 %,0.28 %,13.6 %,35.5 %,35.5 %,18.3 %,0.00 %,0.88,0.00 %,0.00 Cr.,0.00 Cr.,0.00 Cr.,Consumer Discretionary,Automobile and Auto Components,Auto Components,Auto Components & Equipments,10,-1,4,8,-2.54|-1.65|-2.95|-0.95|4.42|2.34|-0.34|5.7,44,28,26|13|17|25|39|6|16|28|49|59|28|44,8.00,10|10|8|9|5|-1.3|0.2|8|7|9|7|9,,0.02|0.02|0.02|0.02|0.02|0.02|0.02|0.01,,0|0|0|0|0|0|0|0|0|0|0|0,384|385|407|465|474|267|235|451|663|716|844|972,2|-5|3|11|13|3|-31|16|4|12|3|5
Airan,https://www.screener.in/company/AIRAN/,209 Cr.,16.7,26.8 / 12.6,13.9,11.4,0.00 %,7.61 %,4.49 %,2.00,4.00,619,0.00 %,0.00 %,12.8 %,16.5 %,6.05 %,7.79 %,5.54 %,-12.0 %,-12.0 %,3.75 %,0.00 %,0.00,0.00 %,0.00 Cr.,0.00 Cr.,0.00 Cr.,Information Technology,Information Technology,IT - Services,IT Enabled Services,6.09,0.28,7.85,0.20,-0.21|0.11|-0.28|0.21|0.02|0.63|0.02|0.49,5,19,1|11|-10|8|2|-1|11|11|18|2|19|5,15.40,15|18|16|21|20|19|16|13|17|18|16|13,,0.01|0.09|0|0.01|0|0.13|0|0,,0|0|0|0|0|0|0|0|0|0|0|0,19|26|29|33|44|57|63|77|86|92|94|101,1|1|2|5|4|6|6|8|9|11|17|11
Techera Enginee.,https://www.screener.in/company/TECHERA/,263 Cr.,159,326 / 128,117,31.9,0.00 %,7.59 %,4.40 %,10.0,1.40,2.00,0.01 %,-0.02 %,17.4 %,17.4 %,4.64 %,6.42 %,22.4 %,19.4 %,-42.8 %,73.3 %,0.00 %,0.61,0.00 %,0.00 Cr.,0.00 Cr.,0.00 Cr.,Industrials,Capital Goods,Aerospace & Defense,Aerospace & Defense,1.69,1.39,4.33,-1.23,-12.21|4.14|-0.74|2.62|0.84|1.02,5.87,4.46,1.26|-6.95|-1.18|3.24|4.46|5.87,3.26,17.75|-51.81|15.59|17.73|17.41|17.38,,3.89|0.04|0|0.22|0.22|0.23,15.76|12.51|1.56|0.02|0.02|0,0|0|0|0|0|0,8.28|7.18|26.43|38.81|49.5|48.5,-0.01|-6.29|1.31|2.82|3.17|3.08
Maral Overseas,https://www.screener.in/company/MARALOVER/,246 Cr.,59.4,69.0 / 34.1,11.0,26.7,0.00 %,7.57 %,3.84 %,10.0,0.93,1.54,0.00 %,0.00 %,4.98 %,2.18 %,0.43 %,-2.32 %,-1.48 %,31.2 %,31.2 %,-19.5 %,48.0 %,3.38,0.00 %,0.00 Cr.,0.00 Cr.,1.66 Cr.,Consumer Discretionary,Textiles,Textiles & Apparels,Other Textile Products,5.98,13.31,5.30,-2.78,-1.67|-2.54|-0.06|-3.03|-0.67|1.28|3.21|1.44,90,76,85|25|44|68|31|56|38|34|16|61|76|90,4.80,9|8|7|4|4.8|1.1|8|11|1.9|3.9|2.2|5,,0.08|0.11|0.08|0.07|0.07|0.07|0.07|0.07,,0|0|0|0|0|0|0|12|0|0|0|0,648|619|666|641|757|676|632|1082|1026|960|1047|981,17|10|14|1|8|-15|13|67|-16|-10|-24|3
Sula Vineyards,https://www.screener.in/company/SULA/consolidated/,"1,136 Cr.",134,293 / 132,43.8,69.6,1.49 %,7.55 %,4.61 %,2.00,1.43,2.16,-0.43 %,-1.08 %,18.6 %,25.8 %,4.87 %,12.1 %,2.48 %,-31.6 %,-31.6 %,-6.46 %,0.00 %,0.57,0.07 %,16.9 Cr.,30.4 Cr.,41.6 Cr.,Fast Moving Consumer Goods,Fast Moving Consumer Goods,Beverages,Breweries & Distilleries,1.06,8.60,9.10,6.02,1.72|3.32|1.54|0.23|0.71|1.08|1.02|0.13,101,58,45|120|87|90|121|58|101,26.80,11|17|27|31|31|26|19,,10.6|9.61|7.97|6.68|4.05|1.65|1.11|0.68,21.68|19.89|18.26|18.25|18.01|17.78|17.3|16.22,0|126|36|84|77|43|66,485|386|424|516|568|579|556,-16|3|52|84|93|70|26
Tirupati Forge,https://www.screener.in/company/TIRUPATIFL/,880 Cr.,67.7,83.9 / 30.1,144,10.5,0.00 %,7.53 %,5.24 %,2.00,1.82,3.54,0.00 %,0.00 %,9.77 %,13.2 %,3.88 %,6.82 %,20.9 %,-11.9 %,-19.1 %,67.5 %,0.00 %,0.31,-0.33 %,0.00 Cr.,0.00 Cr.,0.04 Cr.,Industrials,Capital Goods,Industrial Products,Castings & Forgings,1.22,1.52,2.02,1.34,0.25|0.13|0.11|0.12|0.11|0.16|0.12|0.09,16,6,3|3|2|-1|2|3|-3|1|5|10|6|16,12.60,9|9|12|15|17|9|9|12|16|12|13|10,,0.03|0.02|0.02|0.02|0.02|0.78|0.45|0.76,,0|0|0|0|0|0|0|3|0|0|0|0,30|18|16|21|42|28|31|88|92|110|115|162,1|0|0|2|4|0|0|6|9|7|8|6
Stovec Inds.,https://www.screener.in/company/504959/,332 Cr.,"1,589","2,299 / 1,392",60.7,631,0.76 %,7.52 %,5.60 %,10.0,3.86,356,0.00 %,0.00 %,5.18 %,8.89 %,3.63 %,5.57 %,-5.65 %,-27.9 %,-27.9 %,-11.9 %,0.00 %,0.00,0.00 %,2.51 Cr.,24.0 Cr.,16.9 Cr.,Industrials,Capital Goods,Industrial Manufacturing,Industrial Products,2.45,1.66,0.16,1.20,14.8|7.33|12.36|14.18|5.75|0.77|7.95|11.73,-2,16,5|18|25|20|41|21|22|4|24|13|16|-2,9.40,17|21|19|20|21|19|11|16|11|6|9|5,,,0.05|0.05|0.05|0.05|0.05|0.05|0.05|0.05,29|30|29|29|30|45|34|40|40|402|185|36,95|157|189|210|193|194|151|233|236|207|235|198,11|21|22|26|39|28|13|30|25|9|13|7
Virat Industries,https://www.screener.in/company/VIRAT/,568 Cr.,391,741 / 268,91.8,90.0,0.00 %,7.51 %,5.08 %,10.0,35.0,209,0.00 %,0.00 %,3.55 %,3.86 %,14.9 %,2.85 %,-10.8 %,35.0 %,-5.84 %,11.6 %,0.00 %,0.00,0.00 %,0.00 Cr.,0.00 Cr.,0.10 Cr.,Consumer Discretionary,Textiles,Textiles & Apparels,Garments & Apparels,2.13,1.05,1.18,1.82,0.79|0.24|0.37|0.61|1.25|0.81|0.72|1.47,2.54,-0.82,3.95|5.23|1.7|1.61|3.15|1.47|4.2|0.05|-1.72|5.22|-0.82|2.54,6.39,17.63|19.96|19.95|15.08|12.23|12.09|10.69|11.68|8.12|4.75|3.86|3.55,,0.51|0.51|0.3|0|0|0|0|0,,42.58|40.73|34.94|21.27|0|0|0|36.44|0|0|0|0,20.53|25.75|25.67|34.09|24.13|26.38|19.56|24.66|37.68|32.42|31.63|26.79,2.08|3.02|3.52|3.47|0.65|1.48|0.79|1.35|1.62|0.76|0.9|4.94
Vakrangee,https://www.screener.in/company/VAKRANGEE/consolidated/,574 Cr.,5.30,9.64 / 4.61,53.8,1.97,0.00 %,7.51 %,5.39 %,1.00,1.81,10.1,-0.10 %,-0.08 %,10.9 %,9.25 %,4.34 %,2.43 %,8.89 %,117 %,115 %,-29.5 %,0.00 %,0.02,0.00 %,0.00 Cr.,0.00 Cr.,3.18 Cr.,Information Technology,Information Technology,IT - Services,IT Enabled Services,2.25,1.62,3.15,3.03,0.01|0.01|0.02|0.03|0.03|0.03|0.02|0.02,61,-19,-1|272|669|530|-708|-51|-31|21|-42|31|-19|61,10.00,26|26|24|15|-1.4|3.5|9|9|9|12|9|11,,2.74|2.82|3.13|2.73|0.83|0.49|0.45|0.35,5.13|4.47|4.47|4.47|4.47|4.45|4.13|4.05,4|17|20|4|105|37|17|530|122|0|0,2780|3191|4000|6502|1508|685|314|194|197|213|255|255,322|395|531|680|25|71|63|0|1|4|6|11
Indo Farm Equip.,https://www.screener.in/company/INDOFARM/consolidated/,657 Cr.,137,272 / 111,26.4,116,0.00 %,7.42 %,4.54 %,10.0,2.93,3.06,-0.10 %,-0.88 %,13.2 %,15.8 %,5.61 %,6.41 %,7.29 %,14.8 %,-16.0 %,-11.1 %,0.00 %,0.27,0.16 %,0.00 Cr.,0.00 Cr.,0.00 Cr.,Industrials,Capital Goods,"Agricultural, Commercial & Construction Vehicles",Construction Vehicles,5.66,8.72,5.56,4.98,0.91|1.01|2.81|1.13|1.04|1.16|1.81|1.18,30,53,28|1|10|30|41|53|30,16.00,14|17|17|17|17|16|13,,0.82|0.55|0.4|0.01|0.18|0.08,5.97|4.88|4.72|4.31|3.4|2.52,0|0|0|0|0|0|0,245|244|320|356|360|368|440,5|8|14|15|15|24|25
Yuken India,https://www.screener.in/company/YUKEN/consolidated/,"1,547 Cr.","1,139","1,154 / 584",98.9,275,0.13 %,7.40 %,4.30 %,10.0,1.30,3.09,0.03 %,-1.20 %,10.9 %,12.0 %,3.12 %,5.38 %,7.46 %,21.4 %,16.5 %,71.2 %,0.00 %,0.31,0.00 %,2.04 Cr.,1.95 Cr.,1.57 Cr.,Industrials,Capital Goods,Industrial Products,"Compressors, Pumps & Diesel Engines",5.21,5.80,-0.58,5.12,5.4|3.46|6.03|3.12|3.77|-0.38|4.28|3.84,41,49,7|2|9|12|20|-3|17|2|31|32|49|41,10.60,4.3|4|2.8|8|9|6|7|10|9|11|12|11,,0.01|0.06|0.08|0.03|0.07|0.07|0.07|0.1,1.56|1.58|1.66|1.65|1.35|1.22|1.21|0.01,265|-15|-6|8|2|23|14|7|10|10|8|14,186|199|208|268|339|242|213|331|372|423|457|462,0|-2|-5|7|119|3|5|14|10|19|25|14
Allied Digital,https://www.screener.in/company/ADSL/consolidated/,545 Cr.,96.3,205 / 86.3,14.0,109,1.56 %,7.39 %,4.82 %,5.00,2.51,4.68,-0.31 %,0.00 %,5.84 %,7.81 %,3.73 %,4.48 %,13.6 %,-18.4 %,-19.2 %,6.42 %,0.00 %,0.22,-0.04 %,8.48 Cr.,8.46 Cr.,7.50 Cr.,Information Technology,Information Technology,IT - Services,IT Enabled Services,12,-3,14,15,2.08|3.15|-1.35|2.56|2.73|2.46|-0.6|2.19,-79,92,0|23|26|32|19|31|49|15|47|68|92|-79,10.60,15|18|19|21|16|14|12|14|13|12|8|6,,2.01|1.67|1.44|1.29|1.18|0.79|0.42|0.11,0|0|0.11|0|0|0|0|0,0|0|0|0|13|20|9|99|20|30|29,234|237|215|225|240|330|358|485|660|687|807|968,0|4|0|10|12|19|19|61|7|46|32|36
Asgard Alcobev,https://www.screener.in/company/512025/consolidated/,"1,042 Cr.",33.5,63.0 / 27.2,409,3.75,0.00 %,7.38 %,9.18 %,1.00,0.69,3.27,0.00 %,0.00 %,6.81 %,8.18 %,2.74 %,3.24 %,%,%,%,%,10.7 %,1.62,0.00 %,0.00 Cr.,0.00 Cr.,Cr.,Services,Services,Commercial Services & Supplies,Diversified Commercial Services,2.54,0.60,0.07,0.17,0.01|0.06|0.08|0.05|0.01|0.01|0.01|0.06,4,-2,0|-2|4,3.33,-5|8|7,,,,0|0|0,0|58|101,0|2|1
Centrum Capital,https://www.screener.in/company/CENTRUM/consolidated/,"1,068 Cr.",21.9,38.5 / 19.7,,6.40,0.00 %,7.33 %,-84.6 %,1.00,4.42,0.69,0.07 %,-1.71 %,34.6 %,38.3 %,-12.5 %,-4.81 %,45.1 %,-30.9 %,-17.0 %,%,23.6 %,51.5,0.00 %,0.00 Cr.,0.00 Cr.,0.00 Cr.,Financial Services,Financial Services,Finance,Other Financial Services,-149,-31,-135,-8,-0.57|-1.26|-0.49|-0.33|-0.88|-2.12|0.28|-1.9,"-1,814","2,532",-7|-207|-55|-780|-1377|-178|-40|3331|-4091|120|2532|-1814,34.80,2.6|1.9|1.9|1.3|56|37|43|22|35|44|38|35,,0.29|0.36|0.43|0.7|1.55|1.64|1.22|1.29,0|0|0|0|3.86|3.86|3.64|1.93,0|0|7|7|2|0|0|0|0|0|0|0,4484|4006|6985|9895|1032|506|508|705|1334|2222|3526|4074,53|31|46|42|142|1|-42|-190|-183|-71|-149|-281
Suryoday Small,https://www.screener.in/company/SURYODAY/,"1,559 Cr.",147,218 / 115,8.12,196,1.02 %,7.33 %,7.58 %,10.0,4.25,1.23,0.12 %,-0.25 %,44.8 %,42.5 %,7.03 %,5.88 %,22.2 %,25.0 %,25.0 %,66.4 %,22.4 %,8.24,0.00 %,15.9 Cr.,0.00 Cr.,3.19 Cr.,Financial Services,Financial Services,Banks,Other Bank,75,50,37,30,4.27|3.13|-3.18|3.32|2.86|3.44|4.68|7.07,652,"1,320",-545|526|-876|-347|-98|935|1320|652,,,,3.5|4.8|4.67|4.68|4.67|4.97|5.23|5.35,8.01|5.89|5.66|5.93|6.62|6.11|5.72|5.47,0|0|0|0|0|0|0|0|0|0|0|10,,17|27|15|10|90|111|12|-93|78|216|115|152
Nandan Denim,https://www.screener.in/company/NDL/,401 Cr.,2.78,3.64 / 1.80,10.9,4.52,0.00 %,7.32 %,5.22 %,1.00,2.25,3.52,-0.05 %,0.00 %,3.13 %,3.61 %,1.15 %,0.94 %,12.3 %,679 %,679 %,72.1 %,0.00 %,0.18,0.00 %,0.00 Cr.,0.00 Cr.,0.00 Cr.,Consumer Discretionary,Textiles,Textiles & Apparels,Other Textile Products,15,10,3,9,0.06|0.05|0.07|0.08|0.07|0.02|0.07|0.1,144,95,133|147|169|66|79|155|35|101|141|230|95|144,4.78,15|17|15|14|10|7|8|7|4.2|6|3.6|3.1,,0.57|0.58|0.58|1.4|0.68|0.68|0.68|0.63,1.48|1.48|1.25|1.25|1.31|1.31|1.31|1.31,14|12|11|8|11|0|0|0|0|0|0|0,1097|1157|1220|1589|1456|1524|1090|2176|2027|2010|3547|2872,51|63|73|46|21|-1|-19|68|1|45|33|33
Precision Camshf,https://www.screener.in/company/PRECAM/consolidated/,"1,106 Cr.",116,225 / 104,35.1,88.0,0.86 %,7.28 %,3.03 %,10.0,1.77,9.05,0.14 %,-0.09 %,8.89 %,9.45 %,3.19 %,0.95 %,-10.6 %,-18.7 %,-18.7 %,62.6 %,0.00 %,0.06,0.00 %,9.50 Cr.,9.50 Cr.,9.69 Cr.,Consumer Discretionary,Automobile and Auto Components,Auto Components,Auto Components & Equipments,8.45,10.06,9.21,13.16,0.88|-0.67|4.26|1.98|1.39|0.97|1.06|0.89,120,143,120|78|64|103|40|58|120|88|103|131|143|120,10.20,27|27|22|19|18|15|9|13|10|10|9|9,,0.15|0.23|0.4|0.15|0.2|0.13|0.12|0.26,0.08|0.02|0|0|0.01|0|0.09|0,1|14|21|21|82|26|415|23|21|24|18|19,532|440|442|421|695|746|709|895|1080|1031|865|773,46|69|67|46|7|26|-1|46|46|40|54|51
Ponni Sug.Erode,https://www.screener.in/company/PONNIERODE/,307 Cr.,357,455 / 252,10.2,661,1.40 %,7.27 %,-2.14 %,10.0,5.66,83.0,-0.14 %,0.00 %,8.80 %,7.32 %,-2.84 %,5.38 %,-1.59 %,%,%,%,0.00 %,0.00,0.00 %,4.30 Cr.,2.58 Cr.,4.64 Cr.,Fast Moving Consumer Goods,Fast Moving Consumer Goods,Agricultural Food & other Products,Sugar,-1.23,26.68,9.47,14.56,13.41|2.8|5.27|-3.12|16.93|11.01|31.03|-1.43,31,10,11|6|35|51|-22|16|29|11|11|16|10|31,9.40,-3.4|1|15|11|11|13|12|12|9|10|7|9,,10.9|9.5|9.52|9.48|9.46|9.46|9.6|9.46,0.93|0.93|0.93|0.93|0.93|0.22|0.05|0.05,0|54|14|26|20|11|17|16|15|13|13|9,160|169|251|196|185|310|256|288|435|421|359|415,-4|2|16|3|8|31|26|29|38|47|19|48
RDB Infrastruc.,https://www.screener.in/company/533285/,357 Cr.,16.0,91.9 / 13.2,25.1,12.7,0.00 %,7.27 %,6.09 %,1.00,6.27,14.0,-0.13 %,0.00 %,2.83 %,5.91 %,9.80 %,5.14 %,20.6 %,65.5 %,55.1 %,56.1 %,0.00 %,0.08,0.18 %,0.00 Cr.,0.00 Cr.,0.00 Cr.,Consumer Discretionary,Realty,Realty,"Residential, Commercial Projects",4.44,4.33,2.43,3.05,0.1|0.1|0.07|0.14|0.15|0.12|0.21|0.2,-66,-82,-10|-26|31|1|-3|31|1|-173|70|-37|-82|-66,4.64,2|6|27|13|9|8|4.5|5|4.7|4.7|6|2.8,,0|0|0.29|0.25|2.22|2.21|2.19|2.06,,353|0|0|0|0|0|0|0|0|0|0|0,36|29|20|23|24|38|41|47|73|67|108|128,0|1|1|1|1|2|1|2|3|3|6|13
Poddar Pigments,https://www.screener.in/company/PODDARMENT/,301 Cr.,284,335 / 201,19.8,330,1.41 %,7.25 %,5.16 %,10.0,3.52,18.5,0.00 %,0.00 %,7.95 %,8.73 %,4.91 %,6.21 %,3.24 %,-12.3 %,-12.3 %,-4.02 %,0.00 %,0.02,0.00 %,4.24 Cr.,4.24 Cr.,3.82 Cr.,Commodities,Chemicals,Chemicals & Petrochemicals,Dyes And Pigments,4.65,4.74,2.25,3.60,4.83|4.67|4.84|3.93|3.39|2.12|4.47|4.38,55,12,19|4|27|7|22|31|24|-3|16|21|12|55,9.60,7|7|8|7|7|8|11|9|11|11|9|8,,0.13|0|0|0|0|0|0|0,0.24|0.23|0.23|0.23|0.23|0.23|0.23|0.23,16|14|18|19|19|0|11|12|14|15|19|29,318|326|329|334|357|357|261|296|341|369|368|375,16|18|20|19|17|21|24|21|27|29|23|15
Guj.Nat.Resour.,https://www.screener.in/company/GNRL/consolidated/,"1,510 Cr.",98.4,121 / 64.0,78.2,13.6,0.00 %,7.25 %,5.47 %,10.0,3.18,"1,151",0.80 %,0.00 %,35.8 %,7.63 %,32.4 %,-18.8 %,31.9 %,64.0 %,59.0 %,27.6 %,0.00 %,0.06,-0.38 %,0.00 Cr.,0.00 Cr.,0.00 Cr.,Energy,"Oil, Gas & Consumable Fuels",Oil,Oil Exploration & Production,11,1,3,4,-0.04|-0.2|-0.12|0.15|0.3|0.2|0.07|0.74,67,-30,1|-4|2|7|3|-49|1|-18|9|-2|-30|67,12.40,47|36|29|18|32|16|1.9|-10|8|20|8|36,,0|0|0.19|0.25|1.19|0.87|0.25|1.05,,13|0|0|0|0|0|0|0|0|0|0|0,14|10|8|7|8|11|8|8|13|27|20|31,3|0|0|0|-2|-27|-4|-4|-6|-4|-4|10
Manali Petrochem,https://www.screener.in/company/MANALIPETC/consolidated/,"1,426 Cr.",82.9,93.0 / 39.1,12.0,74.5,0.60 %,7.25 %,4.38 %,5.00,4.51,11.9,0.01 %,0.00 %,8.03 %,6.52 %,5.09 %,3.51 %,-4.70 %,0.92 %,0.92 %,-24.8 %,0.00 %,0.11,0.00 %,8.60 Cr.,8.60 Cr.,17.2 Cr.,Commodities,Chemicals,Chemicals & Petrochemicals,Petrochemicals,64,29,68,18,0.01|0.31|0.63|0.83|1.06|3.98|1.69|3.74,116,-19,-6|87|58|13|87|219|373|92|75|-19|116,11.70,12|8|13|12|9|29|32|7|4.5|7|8,,1.1|1.06|0.66|0.45|0.44|0.29|0.37|0.38,0.01|0.01|0.01|0.01|0.01|0.01|0.01|0.01,18|23|15|17|28|13|11|25|67|29|7,579|626|748|810|803|1024|1672|1181|1032|897|1022,48|38|58|77|47|201|381|51|19|29|130
Sterling Tools,https://www.screener.in/company/STERTOOLS/consolidated/,775 Cr.,213,342 / 155,40.2,145,1.29 %,7.24 %,3.09 %,2.00,1.97,5.07,-0.15 %,-0.25 %,9.27 %,10.7 %,1.91 %,5.65 %,2.35 %,-29.2 %,-29.4 %,-8.18 %,0.00 %,0.28,0.00 %,10.0 Cr.,9.05 Cr.,7.41 Cr.,Consumer Discretionary,Automobile and Auto Components,Auto Components,Auto Components & Equipments,5.86,1.59,1.56,17.19,4.85|3.78|2.43|2.48|4.75|0.43|0.44|1.61,56,124,56|59|47|43|53|16|25|63|102|124|56,11.60,16|20|20|17|17|17|13|13|12|11|9,,0.12|0.22|0.51|0.09|0.19|0.1|0.24|0.09,4.74|4.24|2.85|0.7|0|0.14|0.34|0.09,37|17|7|16|24|15|14|15|13|16|34,372|371|453|512|364|355|510|772|932|1026|828,28|39|49|45|30|24|26|48|55|58|29
Yatra Online,https://www.screener.in/company/YATRA/consolidated/,"1,645 Cr.",105,202 / 89.2,47.8,52.9,0.00 %,7.23 %,6.23 %,1.00,2.08,3.45,0.70 %,-0.56 %,7.99 %,5.61 %,4.99 %,4.61 %,38.3 %,88.8 %,70.0 %,15.4 %,0.00 %,0.12,0.00 %,0.00 Cr.,0.00 Cr.,0.00 Cr.,Consumer Discretionary,Consumer Services,Leisure Services,"Tour, Travel Related Services",0.34,8.20,8.34,14.28,0.47|0.64|0.97|1.02|0.91|0.53|0.52|0.02,76,-89,-409|-43|104|-83|-153|-142|-89|76,4.60,-19|7|-18|-4.5|10|3.5|6|8,,4.26|3.09|2.75|2.82|4.2|5.06|4.25|4.95,21.61|21.4|20.29|19.09|13.27|11.13|11.84|11.28,0|0|0|0|0|0|0|0,845|673|125|198|380|422|791|1007,-212|-70|-119|-31|8|-5|37|47
Orient Green,https://www.screener.in/company/GREENPOWER/consolidated/,"1,062 Cr.",9.05,14.9 / 7.98,19.8,9.82,0.00 %,7.19 %,5.27 %,10.0,2.04,2.04,-0.14 %,-0.18 %,62.4 %,64.8 %,20.7 %,15.3 %,4.28 %,85.4 %,85.4 %,23.6 %,100.0 %,0.45,0.00 %,0.00 Cr.,0.00 Cr.,0.00 Cr.,Utilities,Power,Power,Power Generation,24,-17,-21,81,0.57|-0.2|-0.14|0.25|0.69|-0.19|-0.15|0.2,195,169,324|215|306|324|262|267|187|220|229|250|169|195,66.20,71|66|72|63|67|71|64|72|66|66|65|62,,0.62|0.74|0.81|0.68|0.95|0.99|0.78|0.64,1.35|1.35|1.35|1.35|1.35|1.35|1.35|1.17,0|0|0|0|0|0|0|0|0|0|0|0,340|296|380|357|323|369|257|311|258|271|260|293,-244|-340|-96|-71|-49|20|-57|36|33|38|42|72
Prec. Electronic,https://www.screener.in/company/517258/,260 Cr.,187,266 / 107,,10.7,0.00 %,7.15 %,3.93 %,10.0,1.02,0.76,0.00 %,0.00 %,8.36 %,6.92 %,0.72 %,-1.23 %,30.5 %,34.7 %,34.7 %,0.00 %,0.00 %,4.82,0.00 %,0.00 Cr.,0.00 Cr.,0.00 Cr.,Industrials,Capital Goods,Industrial Manufacturing,Industrial Products,-2.36,2.03,0.27,-1.40,-0.84|-0.09|1.82|-0.2|-1.01|0.19|1.47|-1.7,4.02,0.50,-3.1|-0.53|1.59|-3.56|1.59|7.34|-1.76|6|-5.1|7.73|0.5|4.02,4.02,8.6|-1.98|10.05|0.38|-8.32|8.49|5.8|-4.61|2.08|7.33|6.92|8.36,,,0.08|0.08|0.08|0.08|0.08|0.08|0.08|0.08,0|0|0|0|0|0|0|0|0|0|0|0,27.56|25.77|24.09|34.36|28.95|37.24|41.53|35.39|35.58|47.34|47.1|79.02,0.25|-1.95|-0.12|-1.52|-4.74|0.45|0.57|-1.68|0.01|1.46|-0.58|0.61
Viceroy Hotels,https://www.screener.in/company/VHLTD/consolidated/,970 Cr.,126,147 / 107,42.6,21.3,0.00 %,7.12 %,7.17 %,10.0,1.22,2.68,0.00 %,0.30 %,26.6 %,24.4 %,12.8 %,56.3 %,6.22 %,617 %,633 %,22.9 %,0.00 %,0.99,-10.1 %,0.00 Cr.,0.00 Cr.,0.00 Cr.,Consumer Discretionary,Consumer Services,Leisure Services,Hotels & Resorts,1.45,6.00,10.96,4.38,2.99|0.58|0.79|-0.24|0.35|0.87|0.48|0.12,58,32,53|25|58|-6|1|-12|13|-7|-23|10|32|58,1.00,31|26|20|7|-3|-7|-57|-66|7|13|24|27,,,1.48|1.48|0.88|0.35|0.14|0.04|0.04|0.34,0|0|0|0|0|0|0|0|0|0|0|0,110|124|124|118|122|122|35|52|119|138|137|143,-7|11|-15|-443|-16|-17|-21|-26|0|2|78|18
Suraj,https://www.screener.in/company/SURAJLTD/,369 Cr.,201,373 / 192,41.2,73.6,0.75 %,7.10 %,4.92 %,10.0,1.35,4.05,0.00 %,0.00 %,7.83 %,12.1 %,3.17 %,4.80 %,-17.5 %,-31.2 %,-31.2 %,39.2 %,0.00 %,0.45,0.00 %,2.75 Cr.,2.75 Cr.,1.65 Cr.,Industrials,Capital Goods,Industrial Products,Iron & Steel Products,3.24,3.80,1.36,0.55,2.47|3.72|-2.11|0.84|0.3|0.74|2.07|1.76,17,-9,1|10|16|14|26|30|33|33|45|41|-9|17,9.12,10|11|8|8|10|10|7|3.6|10|12|12|8,,0|0|0|0|0.02|0|0|0,,42|0|0|0|0|0|0|0|0|13|24|38,248|153|196|207|179|176|188|344|367|331|234|206,7|0|0|0|1|1|1|3|20|21|12|7
Nath Bio-Genes,https://www.screener.in/company/NATHBIOGEN/consolidated/,280 Cr.,147,207 / 126,8.27,358,1.36 %,7.10 %,5.47 %,10.0,1.97,3.12,0.04 %,0.00 %,11.8 %,19.0 %,8.14 %,14.6 %,23.9 %,1.13 %,1.13 %,%,13.8 %,0.20,0.00 %,3.80 Cr.,3.80 Cr.,3.80 Cr.,Fast Moving Consumer Goods,Fast Moving Consumer Goods,Agricultural Food & other Products,Other Agricultural Products,32,-0,2,5,0.58|1.39|0.78|14.88|2.54|0.84|-0.01|16.98,-13,18,17|38|75|18|-13,17.60,15|18|16|21|20|19|12,,0.18|0.19|0.21|0.41|0.32|0.31|0.22|0.26,4.37|4.37|3.94|2.25|0.76|0.01|0.01|0.01,0|0|-6|11|10|10|9,97|109|230|234|248|268|445,9|12|-67|35|40|39|42
Generic Engineer,https://www.screener.in/company/GENCON/,228 Cr.,40.0,60.0 / 32.4,26.8,51.4,0.00 %,7.10 %,2.95 %,5.00,1.79,2.30,0.30 %,0.08 %,11.2 %,12.0 %,2.79 %,2.69 %,3.86 %,-17.8 %,-19.7 %,17.8 %,0.00 %,0.22,0.00 %,0.00 Cr.,0.00 Cr.,0.15 Cr.,Consumer Discretionary,Realty,Realty,"Residential, Commercial Projects",1.89,2.46,2.15,2.00,0.37|0.38|0.32|1.09|0.35|0.38|0.43|0.33,24,9,0|0|-8|-2|-36|-24|15|13|11|6|9|24,12.00,22|13|6|12|15|15|13|12|15|10|12|11,,0.33|0.01|0.03|0.08|0|0.01|0.34|0.64,0|0|0|0|0|0|0|0.08,0|0|10|2|1|1|8|2|2|2|0|0,0|0|42|159|202|200|130|260|273|289|302|305,0|0|2|12|16|15|3|14|15|11|12|9
Hindware Home In,https://www.screener.in/company/HINDWAREAP/consolidated/,"1,439 Cr.",172,393 / 170,,88.1,0.00 %,7.07 %,0.14 %,2.00,0.97,1.59,1.78 %,-2.11 %,7.92 %,5.68 %,0.06 %,-1.75 %,-4.39 %,-73.5 %,-73.5 %,-54.6 %,0.00 %,1.16,0.00 %,0.00 Cr.,0.00 Cr.,2.02 Cr.,Consumer Discretionary,Consumer Durables,Consumer Durables,Sanitary Ware,4.37,-18.82,3.60,5.04,-1.86|-2.12|-3.7|-3.48|0.59|0.42|-2.28|0.52,258,192,79|40|234|226|221|241|192|258,7.80,7|5|8|8|9|8|6|8,,5.65|3.5|3.64|3.59|3.16|3.1|3.36|5.14,6.91|7.58|7.09|6.75|6.35|5.75|5.83|3.72,0|5|4|2|6|11|0|0,1671|1613|1775|2294|2872|2800|2523|2510,55|23|55|202|58|28|-68|-39
Capital Small,https://www.screener.in/company/CAPITALSFB/,"1,268 Cr.",279,328 / 207,8.42,327,1.79 %,7.07 %,10.1 %,10.0,10.4,1.33,0.04 %,-0.58 %,66.3 %,66.5 %,13.5 %,14.5 %,15.8 %,14.7 %,%,%,0.00 %,7.58,0.28 %,22.7 Cr.,18.1 Cr.,10.8 Cr.,Financial Services,Financial Services,Banks,Other Bank,41,40,34,35,7.4|7.53|7.57|7.07|7.7|7.58|8.82|9.08,-385,279,8|-80|174|-211|75|116|279|-385,,,,1.33|1.36|1.29|1.34|1.26|0.43|0.55|0.59,31.71|31.31|31.85|31.5|27.97|28.13|28.06|27.48,0|3|0|7|5|4|5|14|16,,19|19|25|41|63|94|112|132|141
Bilcare,https://www.screener.in/company/BI/consolidated/,253 Cr.,108,116 / 50.0,12.7,83.6,0.00 %,7.06 %,1.39 %,10.0,1.21,0.97,0.00 %,0.00 %,6.08 %,5.78 %,-2.20 %,-3.13 %,-9.25 %,32.1 %,32.1 %,15.6 %,1.39 %,3.15,0.00 %,0.00 Cr.,0.00 Cr.,0.00 Cr.,Healthcare,Healthcare,Healthcare Services,"Healthcare Research, Analytics & Technology",15,8,-6,-23,-6.81|-3.04|7.47|-1.61|-5.25|0.41|5.68|5.39,128,86,-315|177|300|98|206|256|72|41|-7|62|86|128,6.00,7|8|7|6|6|2.5|8|7|6|5|6|6,,0.04|0.04|0.04|0.04|0.04|0.04|0.04|0.04,,0|0|0|0|0|0|0|0|0|0|0|0,2692|2603|2633|2778|2997|1827|623|845|982|747|788|734,-216|-82|-80|-199|-453|-99|-11|-4|50|-59|-28|-17
Scan Steels,https://www.screener.in/company/SCANSTL/,322 Cr.,53.0,68.8 / 24.4,14.2,75.3,0.00 %,7.05 %,4.61 %,10.0,1.81,4.41,-0.07 %,0.00 %,5.86 %,5.82 %,2.36 %,2.22 %,-8.40 %,18.0 %,13.7 %,-9.27 %,0.00 %,0.16,0.40 %,0.00 Cr.,0.00 Cr.,0.00 Cr.,Commodities,Metals & Mining,Ferrous Metals,Iron & Steel,13,7,3,-0,-0.26|0.48|0.61|1.71|-0.04|0.53|1.18|2.13,37,7,70|70|3|-69|4|30|35|49|53|78|7|37,6.10,11|2.1|4.3|11|6|6|9|9|4.5|5|6|6,,0|2.05|2.05|2.05|2.05|2.05|2.05|1.98,,0|0|0|0|0|0|0|0|0|0|0|0,448|387|381|509|695|668|732|1000|1091|965|789|838,3|-2|-12|-2|7|0|31|51|15|18|20|20
Starlineps Enter,https://www.screener.in/company/540492/,356 Cr.,8.25,14.5 / 1.90,60.2,3.88,0.00 %,7.05 %,5.94 %,1.00,17.8,16.6,0.00 %,0.00 %,6.15 %,10.1 %,6.11 %,8.97 %,69.6 %,114 %,102 %,99.2 %,0.00 %,0.02,0.00 %,0.00 Cr.,0.00 Cr.,0.01 Cr.,Commodities,Metals & Mining,Metals & Minerals Trading,Trading - Minerals,0.39,-2.07,0.73,1.57,0.09|0.04|-0.02|0.02|0.04|0.02|-0.05|0.01,-17,2,0|-5|-5|-7|0|0|0|0|2|12|2|-17,5.20,2|0.2|0.1|1.7|0.7|-1.4|1|1.1|1.9|7|10|6,,,0|0|0|0|0|0|5.11|5.11,0|0|0|0|0|0|27|14|0|0|0|0,1|45|98|24|14|10|19|16|20|30|73|97,0|0|0|0|0|0|0|0|1|2|7|1
Jainam Ferro,https://www.screener.in/company/JAINAM/,253 Cr.,216,312 / 169,37.5,126,0.00 %,7.04 %,4.78 %,10.0,2.05,6.41,0.00 %,0.00 %,4.29 %,6.74 %,3.28 %,4.85 %,-6.97 %,-33.8 %,-36.0 %,11.1 %,0.00 %,0.14,0.00 %,0.00 Cr.,0.00 Cr.,0.00 Cr.,Commodities,Metals & Mining,Ferrous Metals,Ferro & Silica Manganese,1,6,2,8,19.33|2.69|5.24|0.46|7.95|2.21|4.7|1.05,30,-2,6|2|5|-2|-1|4|-2|30,9.08,4.1|2.6|5|19|12|3.1|7|4.3,,,,0|0|0|0|0|0|0|0,132|121|102|200|255|190|221|206,3|1|3|28|23|6|11|7
Visaka Industrie,https://www.screener.in/company/VISAKAIND/,841 Cr.,97.4,104 / 50.2,12.5,96.7,1.23 %,7.03 %,2.02 %,2.00,1.60,4.01,-0.07 %,0.00 %,8.44 %,6.55 %,0.96 %,0.01 %,0.58 %,-34.6 %,-34.6 %,-32.7 %,0.00 %,0.36,0.16 %,10.4 Cr.,4.33 Cr.,12.5 Cr.,Commodities,Construction Materials,Cement & Cement Products,Cement & Cement Products,50,41,3,-8,-1.86|-1.19|1.86|6.06|-0.95|0.32|4.74|5.79,183,119,8|89|153|88|71|74|294|55|30|5|119|183,8.60,9|9|12|15|13|10|17|14|8|6|7|8,,0.38|0.35|0.46|0.14|0.18|0.13|0.1|0.03,0.02|0.06|0.06|0.09|0.02|0.02|0.02|0.02,37|33|22|17|17|48|22|22|32|171|3093|12,1021|1005|961|1012|1136|1050|1146|1416|1647|1521|1541|1676,21|24|43|67|67|49|111|119|55|3|0|88
Sandesh,https://www.screener.in/company/SANDESH/consolidated/,777 Cr.,"1,026","1,275 / 811",7.12,"1,886",0.49 %,7.03 %,4.83 %,10.0,6.43,758,0.00 %,-0.01 %,19.6 %,23.3 %,15.3 %,26.0 %,8.87 %,-11.5 %,-11.5 %,-5.43 %,0.00 %,0.00,0.00 %,3.78 Cr.,3.78 Cr.,3.78 Cr.,Consumer Discretionary,"Media, Entertainment & Publication",Media,Print Media,99,-35,38,4,50.45|-27.47|12.21|76.68|5.1|50.84|-45.63|131.44,-145,67,-56|99|98|78|48|-90|49|22|84|154|67|-145,24.20,6|34|30|32|21|21|28|25|28|25|23|20,,0.16|0.15|0.14|0.1|0.09|0.09|0.09|0.09,0|0|0.01|0.01|0.01|0.01|0.01|0,10|5|5|5|6|6|4|4|4|2|5|6,264|375|356|377|419|343|274|309|341|322|294|440,26|80|73|83|65|61|90|90|101|189|77|66
Mardia Samyoung,https://www.screener.in/company/513544/,478 Cr.,60.1,123 / 38.5,136,13.9,0.00 %,7.02 %,4.48 %,10.0,66.7,,0.00 %,0.07 %,4.73 %,%,3.02 %,%,%,127 %,44.2 %,57.3 %,0.00 %,0.00,42.5 %,0.00 Cr.,0.00 Cr.,0.00 Cr.,Commodities,Metals & Mining,Non - Ferrous Metals,Copper,1.05,1.15,1.29,0.02,-2.05|-0.07|-0.07|-0.33|0.03|1.85|0.17|0.13,-85.91,1.21,-6.11|-0.46|-0.46|-0.22|-0.32|0.01|0|0|0|-0.06|1.21|-85.91,4.73,4.73,,,0.08|0.08|0.08|0.08|0.08|0.08|0.01|0.08,0|0|0|0|0|0|0|0|0|0|0|0,0|0|0|0|0|-0.02|0|-0.01|-0.05|-0.14|0|73.85,-1.07|-0.3|-0.39|-0.42|-0.29|-0.27|-0.03|0.03|-0.23|-0.51|1.2|2.23
Sreeleathers,https://www.screener.in/company/SREEL/,656 Cr.,283,400 / 165,20.0,215,0.71 %,6.97 %,4.70 %,10.0,1.12,125,0.00 %,0.00 %,13.9 %,15.2 %,9.30 %,10.4 %,7.08 %,-4.14 %,-4.14 %,15.2 %,0.00 %,0.00,0.00 %,4.63 Cr.,0.00 Cr.,0.93 Cr.,Consumer Discretionary,Consumer Durables,Consumer Durables,Footwear,6.99,9.67,7.53,8.61,2.79|2.69|2.28|1.27|3.72|3.25|4.18|3.02,31,27,-1|9|14|28|15|29|11|17|29|30|27|31,16.60,19|20|21|23|22|23|20|19|18|17|15|14,,6.93|6.9|6.9|6.9|6.9|6.9|6.9|6.9,,0|0|0|0|0|0|0|0|0|0|0|16,67|80|100|141|168|173|83|122|198|215|218|243,8|11|13|21|31|29|11|17|26|27|23|29
Kriti Industries,https://www.screener.in/company/KRITI/consolidated/,313 Cr.,59.4,152 / 51.0,,42.2,0.00 %,6.97 %,1.32 %,1.00,1.26,0.79,-0.07 %,0.00 %,5.95 %,3.92 %,0.48 %,-0.59 %,-7.09 %,28.3 %,28.2 %,-40.8 %,0.00 %,0.41,0.00 %,0.00 Cr.,0.00 Cr.,0.40 Cr.,Industrials,Capital Goods,Industrial Products,Plastic Products - Industrial,-2.21,4.01,-0.47,-9.68,-0.72|-2.2|-0.72|1.38|-1.84|-0.09|0.76|-0.42,20,34,14|13|26|31|18|32|30|4|27|58|34|20,4.56,5|8|8|7|5|8|12|7|-1.1|7|3.9|6,,0.02|0.01|0.08|0.09|0.05|0.05|0.12|0.05,,0|8|9|8|12|4|3|5|0|5|0|0,380|480|387|446|588|534|589|545|732|867|722|587,2|11|8|9|6|18|36|20|-23|22|-4|1
Capital Trade Lk,https://www.screener.in/company/538476/consolidated/,379 Cr.,29.5,32.2 / 14.3,201,5.69,0.00 %,6.96 %,2.63 %,1.00,0.43,1.37,0.00 %,0.00 %,36.8 %,53.8 %,6.15 %,8.97 %,%,%,%,%,0.00 %,1.78,0.00 %,0.00 Cr.,0.00 Cr.,Cr.,Financial Services,Financial Services,Finance,Non Banking Financial Company (NBFC),2.81,-4.23,1.02,2.29,0.17|0.1|0.19|0.18|0.08|-0.33|0.22,-4.71,17.93,17.93|-4.71,,,,0|0.16|0.16|0|0|0|0|0,,0|0,,2.26|1.88
GRP,https://www.screener.in/company/GRPLTD/consolidated/,"1,071 Cr.","2,008","2,363 / 1,500",156,334,0.17 %,6.94 %,2.48 %,10.0,1.14,1.95,-0.03 %,0.00 %,7.68 %,12.5 %,0.86 %,5.68 %,5.88 %,-30.3 %,-30.4 %,44.6 %,0.00 %,1.16,-0.01 %,1.87 Cr.,7.73 Cr.,3.61 Cr.,Industrials,Capital Goods,Industrial Products,Rubber,4.20,-1.34,0.85,1.96,4.71|8.21|36.47|3.28|3.68|1.59|-2.51|7.88,30,45,32|18|21|22|8|7|25|2|25|27|45|30,8.80,7|9|9|6|7|5|6|6|6|11|13|8,,0.05|0.01|0.05|0.03|0.02|0.02|0.05|0.02,0|0.38|0.38|0.38|0|0|0|0,17|17|19|-22|20|25|20|21|16|22|25|58,339|315|304|300|357|349|280|388|451|461|550|535,9|8|7|-1|5|3|2|6|14|23|31|3
Transchem,https://www.screener.in/company/500422/,482 Cr.,394,398 / 58.0,71.8,68.3,0.00 %,6.90 %,5.29 %,10.0,21.4,862,0.00 %,0.00 %,%,-55.5 %,199 %,199 %,%,57.6 %,57.6 %,14.0 %,0.00 %,0.00,0.00 %,0.00 Cr.,0.00 Cr.,0.00 Cr.,Healthcare,Healthcare,Pharmaceuticals & Biotechnology,Pharmaceuticals,3.42,2.09,0.53,0.68,1.18|1.14|0.6|0.81|0.56|0.43|1.71|2.79,-2.89,36.00,0.94|1.08|0.55|-19.79|10.34|-0.63|-27.72|21.91|1.22|-39.31|36|-2.89,-283.63,-511.76|-55.51,,0.03|0.03|0.03|0.03|0.03|0.03|0.03|0.03,0.01|0.01|0.01|0.01|0.01|0.01|0.01|0.01,0|0|0|0|0|0|0|0|0|0|0|0,0|0|0|0|0|0|-0.05|-0.2|0|0.34|2.63|0,0.12|0.05|-0.22|-1.19|0.31|0.41|24.15|2.87|1.24|4.2|5.23|4.3
The Hi-Tech Gear,https://www.screener.in/company/HITECHGEAR/consolidated/,"1,016 Cr.",540,897 / 516,51.5,278,0.74 %,6.90 %,4.13 %,10.0,2.01,2.95,0.00 %,0.00 %,11.1 %,14.7 %,2.29 %,4.25 %,-8.07 %,-2.53 %,-2.61 %,-6.36 %,0.00 %,0.35,0.00 %,7.52 Cr.,9.40 Cr.,6.76 Cr.,Consumer Discretionary,Automobile and Auto Components,Auto Components,Auto Components & Equipments,4.76,8.11,0.86,6.01,5.08|3.66|5.17|3.19|3.2|0.46|4.31|2.53,86,149,15|54|15|47|184|37|56|54|117|149|86,12.00,9|12|13|12|12|12|8|12|14|15|11,,0|0|0.01|0|0|0|0|0,,42|23|19|18|34|13|-256|20|8|23|36,195|471|749|914|722|746|971|1169|1107|927|908,6|20|34|36|8|29|-1|23|114|40|21
Shree Tirupati,https://www.screener.in/company/TIRUPATI/,312 Cr.,308,893 / 295,106,94.0,0.00 %,6.89 %,3.13 %,10.0,1.74,1.52,0.00 %,0.00 %,7.34 %,12.9 %,1.44 %,6.81 %,4.80 %,-31.2 %,-31.2 %,-9.32 %,0.00 %,1.09,0.00 %,0.00 Cr.,0.00 Cr.,0.00 Cr.,Industrials,Capital Goods,Industrial Products,Plastic Products - Industrial,1,2,7,7,3.71|5.55|10.63|3.3|7|7.19|1.85|1.05,-3,-8,2|6|5|-4|3|2|1|7|9|-13|-8|-3,9.80,11|11|11|11|9|7|8|6|9|14|13|7,,,,0|0|0|0|0|0|0|0|0|0|0|0,53|61|70|98|121|111|117|198|176|161|211|203,2|3|3|5|6|4|5|7|9|14|14|3
Shree TirupatiBa,https://www.screener.in/company/BALAJEE/consolidated/,206 Cr.,25.3,54.9 / 21.0,22.4,37.3,0.00 %,6.89 %,3.68 %,10.0,2.00,1.67,-0.09 %,-0.13 %,6.62 %,9.95 %,2.15 %,5.54 %,6.47 %,-12.3 %,-78.8 %,-56.0 %,0.00 %,0.76,0.00 %,0.00 Cr.,0.00 Cr.,0.00 Cr.,Industrials,Capital Goods,Industrial Products,Packaging,3.75,3.70,0.55,1.70,0.87|0.75|0.69|0.63|0.26|0.01|0.45|0.41,-7,-40,-17|-22|37|-26|-40|-7,9.00,8|7|10|11|10|7,,3.64|2.09|0.78|0.23|0.02|0.01|0.1|0.01,3.99|1.83|1.79|1.02|1.02|0.69|0.48|0.35,0|0|0|0|0|0,344|444|475|540|579|574,12|14|21|36|32|12
Khadim India,https://www.screener.in/company/KHADIM/,231 Cr.,126,296 / 77.5,51.3,90.8,0.00 %,6.87 %,2.00 %,10.0,1.38,1.23,-0.94 %,-0.17 %,13.4 %,16.8 %,1.14 %,1.29 %,-17.8 %,-35.4 %,-35.8 %,16.4 %,0.00 %,1.49,0.01 %,0.00 Cr.,0.00 Cr.,0.00 Cr.,Consumer Discretionary,Consumer Durables,Consumer Durables,Footwear,0.52,0.77,-0.17,1.68,1.28|0.64|0.55|0.47|0.91|-0.09|0.42|0.28,26,67,50|50|31|14|-11|57|48|31|39|52|67|26,13.60,2.6|10|11|10|7|4.5|1.1|9|11|18|17|13,,0|0|0.02|0|0.01|0.31|1.06|0.12,6.55|6.34|5.77|5.18|3.21|2.55|1.31|1.14,0|0|0|5|8|0|0|0|0|0|0|0,460|535|611|749|799|772|626|591|660|426|418|367,-19|25|31|38|21|-31|-33|6|18|6|5|3
Bimetal Bearings,https://www.screener.in/company/BIMETAL/consolidated/,245 Cr.,640,751 / 491,21.4,599,2.11 %,6.85 %,5.08 %,10.0,2.17,49.1,0.00 %,0.00 %,6.40 %,6.12 %,3.89 %,4.69 %,9.00 %,0.79 %,0.79 %,24.0 %,0.00 %,0.02,0.01 %,5.17 Cr.,4.98 Cr.,4.56 Cr.,Consumer Discretionary,Automobile and Auto Components,Auto Components,Auto Components & Equipments,3.94,3.80,1.71,1.98,5.12|6.85|6.9|11.08|5.18|4.47|9.93|10.3,16,13,7|5|12|12|13|9|9|12|9|13|16,5.62,6|4|7|8|0.1|3|4.1|7|5|6|6,,,,68|70|31|34|248|80|68|43|47|44|44,142|144|182|206|149|158|197|229|234|239|297,4|4|11|11|1|4|4|11|10|11|12
Advent Hotels,https://www.screener.in/company/ADVENTHTL/consolidated/,697 Cr.,129,345 / 118,14.4,168,0.00 %,6.84 %,4.65 %,10.0,0.03,2.49,-0.90 %,-0.01 %,33.7 %,35.6 %,10.8 %,7.50 %,%,%,%,%,28.9 %,0.88,0.00 %,0.00 Cr.,0.00 Cr.,Cr.,Consumer Discretionary,Consumer Services,Leisure Services,Hotels & Resorts,6.74,3.67,30.44,-1.21,-5290|5175|11900|16255|0.06|5.28|0.53|1.14,178,"2,126",190|2126|178,36.33,39|36|34,,5.29|2.92|3.26|2.36,0.6|0.53|0.42|0.41,0|0|0,201|367|388,-152|27|65
Avadh Sugar,https://www.screener.in/company/AVADHSUGAR/,"1,462 Cr.",730,885 / 306,21.7,562,1.37 %,6.83 %,5.63 %,10.0,1.16,2.47,-0.29 %,0.01 %,8.44 %,10.5 %,2.33 %,3.32 %,-1.26 %,-13.4 %,-13.4 %,-4.24 %,0.00 %,1.25,0.00 %,20.0 Cr.,20.0 Cr.,20.0 Cr.,Fast Moving Consumer Goods,Fast Moving Consumer Goods,Agricultural Food & other Products,Sugar,0.23,55.61,16.70,-6.59,0.41|3.37|35.81|-4.2|-3.29|8.34|27.78|0.11,158,154,0|146|166|-106|185|465|314|364|-77|154|158,10.00,23|12|14|10|10|11|9|12|10|8,,4.53|2.52|1.96|2|1.79|1.78|1.76|1.47,0.98|0.98|1.24|1.26|1.26|1.26|0.26|0.27,0|0|1|3|9|10|16|20|16|23|35,0|1873|2336|2130|2559|2711|2744|2798|2694|2636|2694,0|203|88|120|89|78|124|100|128|88|57
Western Carriers,https://www.screener.in/company/WCIL/consolidated/,988 Cr.,96.9,147 / 77.0,26.9,85.0,0.00 %,6.83 %,4.58 %,5.00,2.60,3.84,-0.04 %,0.00 %,4.67 %,6.99 %,2.12 %,3.77 %,3.85 %,-18.4 %,-25.2 %,-19.6 %,0.00 %,0.26,0.06 %,0.00 Cr.,0.00 Cr.,0.00 Cr.,Services,Services,Transport Services,Logistics Solution Provider,8.69,8.26,10.83,8.95,1.86|1.29|1.38|1.06|0.88|1.06|0.81|0.85,-22,-3,81|-26|5|2|1|-3|-22,6.94,7|7|7|7|9|7|4.7,,4.22|1.4|0.29|0.3|0.61|0.25|0.04|0,9.14|9.45|8.53|7.39|5.78|4.75|4.75|4.75,0|0|0|0|0|0|0,1067|1110|1471|1633|1686|1726|1829,36|45|61|72|80|65|39
Ruby Mills,https://www.screener.in/company/RUBYMILLS/,"1,562 Cr.",467,499 / 169,36.0,202,0.54 %,6.80 %,6.65 %,5.00,2.10,3.18,0.02 %,0.10 %,21.0 %,18.7 %,12.2 %,14.4 %,11.4 %,9.24 %,9.24 %,15.8 %,0.00 %,0.56,0.00 %,8.36 Cr.,5.85 Cr.,5.85 Cr.,Consumer Discretionary,Textiles,Textiles & Apparels,Other Textile Products,12,11,9,11,0.84|4.4|4.79|3.61|3.29|2.83|3.31|3.53,63,-35,9|38|35|49|6|16|18|94|125|50|-35|63,22.20,29|31|28|27|21|25|31|28|20|23|19|21,,0.02|0.05|0.02|0.01|0|0|0|0.02,0|0|0|0|0|0|0|0.1,4|5|8|8|16|11|5|16|12|13|14|19,197|211|202|199|193|183|123|199|260|237|243|359,54|41|37|35|18|28|26|31|35|45|42|44
Shish Industries,https://www.screener.in/company/540693/consolidated/,541 Cr.,12.8,19.1 / 7.10,158,4.39,0.00 %,6.80 %,5.01 %,1.00,2.03,2.06,0.00 %,0.07 %,9.26 %,9.85 %,4.41 %,4.90 %,25.2 %,2.49 %,-5.40 %,31.4 %,0.00 %,0.26,0.00 %,0.00 Cr.,0.00 Cr.,0.00 Cr.,Industrials,Capital Goods,Industrial Products,Plastic Products - Industrial,-2.15,0.13,1.05,2.15,0.05|0.05|0.06|0.07|0.06|0.03|0.04|-0.04,-14,-2,2|-5|0|-13|-2|-14,10.60,8|8|13|13|10|9,,,0|0|0|0|0.17|1.23|0.06|0.13,0|0|0|0|0|0,28|50|68|86|116|134,1|3|7|8|6|6
GYFTR,https://www.screener.in/company/GYFTR/consolidated/,"1,314 Cr.",171,236 / 105,60.2,63.2,0.00 %,6.77 %,5.24 %,10.0,1.00,89.2,0.67 %,-0.20 %,-7.54 %,22.3 %,5.74 %,26.4 %,138 %,16.4 %,16.4 %,-18.2 %,0.00 %,0.00,0.00 %,0.00 Cr.,0.00 Cr.,1.76 Cr.,Financial Services,Financial Services,Finance,Other Financial Services,5.28,6.17,5.91,-18.27,1.3|1.76|2.27|-1.41|-2.38|0.77|0.8|0.69,12,-107,-13|1|-8|58|-2|-14|-13|-14|11|51|-107|12,48.60,31|29|60|33|-8|-106|74|73|69|87|22|-8,,7.2|4.42|2.56|2.61|4.98|4.43|5.1|5.1,0|0|0|0.09|4.03|4.63|4.41|4.43,70|116|24|13|19|-11|4|10|9|6|0|0,143|103|44|78|15|19|96|61|28|90|14|380,18|7|10|20|20|-23|61|37|14|59|2|22
SPML Infra,https://www.screener.in/company/SPMLINFRA/consolidated/,"1,427 Cr.",168,284 / 151,16.7,120,0.00 %,6.76 %,8.69 %,2.00,1.70,7.66,-0.13 %,0.06 %,7.53 %,5.54 %,8.60 %,6.21 %,-0.56 %,476 %,380 %,39.7 %,22.8 %,0.38,-0.46 %,0.00 Cr.,0.00 Cr.,0.00 Cr.,Industrials,Construction,Construction,Civil Construction,23,27,20,15,2.2|1.4|1.68|1.69|2.1|2.66|3.45|2.7,-113,-84,258|295|-161|234|178|-3|-302|-19|20|594|-84|-113,3.84,8|10|8|11|8|4.5|-1.1|0.5|3.3|1.4|6|8,,0.76|0.7|0.34|0.27|0.15|0.36|0.33|0.39,1.72|1.7|1.76|1.98|1.79|1.89|1.82|1.84,0|0|0|0|0|0|0|0|0|0|0|0,1824|2035|2276|2049|2012|1706|683|952|883|1319|771|868,2|-11|-4|50|40|7|-117|0|0|-2|48|75
Concord Enviro,https://www.screener.in/company/CEWATER/consolidated/,578 Cr.,279,540 / 235,,276,0.00 %,6.76 %,3.57 %,5.00,2.00,0.77,-0.91 %,-0.04 %,6.52 %,15.7 %,3.54 %,8.66 %,17.6 %,53.8 %,47.3 %,-72.7 %,0.00 %,0.29,0.00 %,0.00 Cr.,0.00 Cr.,0.00 Cr.,Utilities,Utilities,Other Utilities,Waste Management,-18,14,-8,4,9.51|-4.14|22.77|1.99|2.17|-3.95|6.84|-8.49,-23,5,14|62|49|117|-35|5|-23,15.40,20|18|17|13|24|16|7,,3.62|1.59|0.95|0.94|0.26|1.28|0.37,14.94|15.42|12.2|11.3|10.67|7.25|7.21,0|0|0|0|0|0|0,383|348|329|343|497|594|558,8|20|16|5|41|51|20
Dhunseri Vent.,https://www.screener.in/company/DVL/consolidated/,"1,016 Cr.",290,385 / 176,5.32,939,1.72 %,6.74 %,4.86 %,10.0,1.27,6.67,-0.01 %,0.00 %,6.23 %,11.9 %,41.5 %,27.1 %,17.0 %,-33.8 %,-33.8 %,-7.53 %,0.00 %,0.29,0.00 %,47.3 Cr.,17.5 Cr.,22.8 Cr.,Industrials,Capital Goods,Industrial Products,Packaging,174,24,6,-13,19.36|26.7|-24.87|20.36|-3.05|1.73|6.96|49.8,-102,-378,354|-21|354|-342|96|101|30|-26|143|-7|-378|-102,12.38,0.1|72|3.4|2.8|3.3|-112|61|26|-0.1|18|12|6,,0.69|0.69|0.64|0.64|0.62|0.63|0.56|0.55,1.73|1.73|1.73|1.73|1.73|1.73|1.73|1.73,-14|-11|1|23|43|-3|4|4|3|11|12|52,4172|27|22|970|762|70|182|272|232|429|528|372,-161|-192|551|52|32|-57|233|360|542|152|143|88
Meghmani Organi.,https://www.screener.in/company/MOL/consolidated/,"1,603 Cr.",63.0,87.2 / 36.4,25.0,60.7,0.00 %,6.71 %,1.90 %,1.00,1.07,2.39,-0.43 %,0.00 %,8.17 %,6.94 %,1.34 %,-0.58 %,-5.21 %,-49.3 %,-49.3 %,-87.4 %,0.00 %,0.47,0.00 %,0.00 Cr.,0.00 Cr.,14.2 Cr.,Commodities,Chemicals,Fertilizers & Agrochemicals,Pesticides & Agrochemicals,48,8,-4,12,-0.36|-0.17|0.78|0.5|0.45|-0.14|0.32|1.89,222,66,22|333|65|204|250|66|222,8.36,15|17|15|13|-1.2|7|8,,2.22|1.9|1.81|1.94|1.48|1.33|1.34|0.91,0.42|0.27|0.48|0.37|0|0|0|0,17|19|12|15|0|0|0,700|1637|2498|2553|1566|2080|2174,150|186|304|238|-106|-11|29
Kopran,https://www.screener.in/company/KOPRAN/consolidated/,"1,342 Cr.",278,282 / 107,53.7,110,1.08 %,6.65 %,4.91 %,10.0,1.51,3.97,-0.06 %,0.00 %,9.09 %,11.6 %,3.78 %,6.12 %,7.34 %,-1.87 %,-1.90 %,-17.9 %,0.00 %,0.29,0.00 %,14.5 Cr.,14.5 Cr.,14.5 Cr.,Healthcare,Healthcare,Pharmaceuticals & Biotechnology,Pharmaceuticals,6.70,18.87,9.34,-9.92,1.53|2.16|2.01|1.54|-2.06|1.94|3.91|1.39,67,42,46|29|16|26|25|31|60|-33|34|43|42|67,12.00,10|10|12|10|13|13|17|18|9|12|12|9,,1.31|0.86|1.11|0.76|0.6|0.36|0.57|0.51,0.22|0|0|0|0|0|0|0,0|0|0|0|0|0|21|24|53|28|38|56,326|296|310|313|358|360|492|478|551|615|630|681,-39|11|20|20|24|21|62|61|27|51|39|26
Elin Electronics,https://www.screener.in/company/ELIN/consolidated/,440 Cr.,88.5,234 / 84.0,25.7,112,0.00 %,6.64 %,4.07 %,5.00,2.03,2.54,-0.16 %,-2.51 %,4.33 %,4.44 %,1.73 %,1.58 %,6.19 %,-5.73 %,-5.76 %,-37.9 %,0.00 %,0.03,0.02 %,0.00 Cr.,0.00 Cr.,2.73 Cr.,Consumer Discretionary,Consumer Durables,Consumer Durables,Household Appliances,-21,-1,4,10,0.96|0.28|3.47|1.89|2.07|0.74|-0.15|-4.31,54,17,44|27|83|-34|57|62|43|17|54,5.12,8|7|7|8|7|6|3.9|4.4|4.3,,0.86|0.38|0.41|0.69|0.78|0.68|0.74|0.58,12.58|12.06|10.77|7.6|5.53|6.14|5.4|2.89,0|0|0|0|10|18|35|0|0,494|829|786|862|1094|1075|1042|1180|1288,15|23|19|35|39|27|14|29|23
Nahar Indl. Ent.,https://www.screener.in/company/NAHARINDUS/consolidated/,567 Cr.,131,154 / 83.0,7.76,241,0.00 %,6.63 %,5.11 %,10.0,1.86,3.11,0.01 %,0.00 %,4.30 %,4.61 %,3.69 %,0.71 %,-7.40 %,-3.81 %,-3.81 %,46.0 %,0.00 %,0.65,0.00 %,0.00 Cr.,0.00 Cr.,0.00 Cr.,Consumer Discretionary,Textiles,Textiles & Apparels,Other Textile Products,25,25,6,16,-0.75|1.07|3.74|0.95|3.82|1.34|5.78|5.78,63,78,294|116|219|50|203|172|75|85|504|-72|78|63,7.14,11|12|12|8|7|6|7|15|8|3.8|4.6|4.3,,0.07|0.12|0.05|0.04|0|0|0|0.01,0.26|0.26|0.26|0.26|0.26|0.26|0.26|0.26,0|10|6|0|0|0|0|0|0|0|0|0,1798|1770|1722|1759|1866|1573|1418|2006|1774|1472|1530|1408,-28|39|69|18|-22|-25|-9|157|79|10|18|51
Focus Lighting,https://www.screener.in/company/FOCUS/,409 Cr.,60.6,98.9 / 57.1,66.7,18.0,0.00 %,6.55 %,4.39 %,2.00,2.01,6.10,0.03 %,0.00 %,9.69 %,12.4 %,2.89 %,9.37 %,3.54 %,-38.6 %,-39.2 %,34.2 %,0.00 %,0.16,0.00 %,0.00 Cr.,0.00 Cr.,2.06 Cr.,Consumer Discretionary,Consumer Durables,Consumer Durables,Consumer Electronics,2.82,2.59,-0.62,1.61,0.67|0.88|0.22|0.23|0.24|-0.09|0.38|0.42,21,31,1|2|0|2|6|3|3|5|-14|5|31|21,12.80,3.2|8|8|12|14|11|5|8|21|13|12|10,,0.85|0.19|0.37|0.1|0|0.01|0|0.03,,0|0|0|0|3|0|0|15|44|0|0|0,41|66|71|91|110|90|52|102|162|156|154|180,1|3|4|6|10|4|-2|3|22|11|14|5
Sumit Woods,https://www.screener.in/company/SUMIT/consolidated/,237 Cr.,49.4,104 / 31.7,35.5,39.2,0.40 %,6.55 %,3.50 %,10.0,3.39,2.21,-0.25 %,0.00 %,17.4 %,16.8 %,6.32 %,7.81 %,-2.20 %,-7.43 %,-20.3 %,16.8 %,0.00 %,0.63,0.07 %,0.96 Cr.,0.00 Cr.,0.19 Cr.,Consumer Discretionary,Realty,Realty,"Residential, Commercial Projects",4.04,1.31,1.06,0.19,0.55|0.63|1.04|0.76|0.06|0.25|0.25|0.85,-46.87,23.26,17.87|23.41|-6.97|-1.39|-27.33|-15.18|35.99|23.26|-46.87,16.48,36.51|28.07|18.58|44.31|18.84|29.95|-26|8.91|23.4|15.98|16.76|17.36,,0|0|0|0|0|0.09|0.27|0.02,,0|0|0|0|0|0|0|0|0|0|0|15.8,29.06|29.07|44.52|31.39|53.87|48.71|47.04|66.08|101.44|180.46|140.83|94.88,0.85|0.75|3.13|7.75|6.07|5.98|-23.67|-5.02|6.98|10.36|10.93|6
Sancode Tech.,https://www.screener.in/company/543897/consolidated/,535 Cr.,718,718 / 89.4,"1,139",18.8,0.00 %,6.55 %,7.14 %,10.0,3.80,27.0,12.9 %,0.00 %,3.11 %,1.01 %,3.05 %,6.15 %,117 %,16.1 %,4.62 %,18.3 %,0.00 %,0.24,-6.98 %,0.00 Cr.,0.00 Cr.,0.00 Cr.,Information Technology,Information Technology,IT - Services,IT Enabled Services,0.59,-0.11,1.82,-0.96,30.46|-1.95|-2.83|-2.06|-1.23|2.46|0.27|0.88,0.12,-2.51,-1.4|-1.63|0.17|0.75|-2.77|-2.51|0.12,-7.21,-1353.85|-20.51|16.39|-20|-36.55|1.01|3.11,,0|0|0|0|0|0|0|12.87,,0|0|0|0|0|0|0,0.13|1.56|2.44|1.55|4.76|13.81|15.76,-1.13|-0.05|1.05|0.5|-1.75|0.85|0.48
Godavari Bioref.,https://www.screener.in/company/GODAVARIB/consolidated/,"1,233 Cr.",241,354 / 224,42.5,154,0.00 %,6.55 %,4.28 %,10.0,1.13,1.67,-0.76 %,-0.37 %,6.39 %,5.55 %,1.69 %,-1.30 %,-0.44 %,18.4 %,10.8 %,0.87 %,0.00 %,0.67,0.00 %,0.00 Cr.,0.00 Cr.,0.00 Cr.,Fast Moving Consumer Goods,Fast Moving Consumer Goods,Diversified FMCG,Diversified FMCG,-19,53,8,-42,-17.88|1.13|14.06|-3.13|-8.13|1.61|10.33|-3.78,171,6,250|130|45|197|185|6|171,7.00,7|10|8|7|8|6|6,,1.14|0.96|0.63|0.6|0.86|0.98|0.22,14.88|14.17|13.98|11.98|11.16|10.39|10.02,0|0|0|0|0|0|0,1459|1538|1702|2015|1687|1870|1988,4|27|19|20|12|-23|4
ABM Knowledge,https://www.screener.in/company/ABMKNO/consolidated/,341 Cr.,170,325 / 154,40.4,121,0.73 %,6.54 %,3.96 %,5.00,4.52,69.2,0.00 %,0.00 %,14.0 %,18.6 %,9.88 %,17.6 %,9.06 %,-10.7 %,-10.7 %,-14.0 %,0.00 %,0.00,0.00 %,2.56 Cr.,2.56 Cr.,2.56 Cr.,Information Technology,Information Technology,IT - Software,Software Products,4.56,0.80,3.14,1.40,1.9|1.75|1.85|1.86|1.01|0.96|0.88|1.37,-11,25,-1|41|11|17|4|6|7|25|-11,18.20,25|33|22|29|18|21|19|19|14,,0.34|0.34|0|0|0|0|0|0,0|0|0.06|0.06|0|0|0|0,18|16|16|13|17|19|18|18|27,74|61|85|89|96|80|91|97|103,14|15|17|22|14|15|15|17|10
Josts Engg. Co.,https://www.screener.in/company/505750/,261 Cr.,221,368 / 188,66.1,135,0.57 %,6.51 %,-6.70 %,1.00,2.50,4.28,0.00 %,0.00 %,4.43 %,10.9 %,-4.03 %,7.55 %,7.96 %,%,%,%,0.00 %,0.02,0.09 %,5.90 Cr.,1.25 Cr.,1.88 Cr.,Industrials,Capital Goods,Industrial Manufacturing,Industrial Products,2.52,27.41,1.22,1.23,3.53|3.49|3.62|0.51|1.04|1.03|23.18|2.13,-24,18,0|-3|-4|1|7|1|10|3|7|-5|18|-24,7.48,2.4|-0.4|2.3|4.7|5|7|7|7|7|8|11|4.4,,,0.06|0.06|0.06|0.06|0.05|0.05|0.05|0.05,70|-4|-3|9|7|27|7|12|10|10|8|19,75|82|83|90|107|103|86|113|159|174|217|200,1|-2|-2|2|4|1|4|4|7|10|16|30
Z F Steering,https://www.screener.in/company/ZFSTEERING/consolidated/,633 Cr.,698,"1,098 / 570",31.4,530,0.00 %,6.48 %,3.29 %,10.0,1.25,5.28,0.00 %,0.00 %,13.1 %,10.8 %,2.14 %,2.54 %,8.23 %,-14.4 %,-14.4 %,%,0.00 %,0.22,0.00 %,0.00 Cr.,0.00 Cr.,2.36 Cr.,Consumer Discretionary,Automobile and Auto Components,Auto Components,Auto Components & Equipments,11,-1,7,-2,1.9|-0.95|4.27|8.78|-0.43|8.64|-0.03|13.63,98,40,48|51|63|68|72|15|49|35|40|98,12.20,13|15|21|19|13|13|13|11|11|13,,,0.03|0.04|0.03|0.01|0.01|0.01|0.01|0.01,44|45|23|17|0|0|18|17|0|0,351|423|399|436|439|313|450|478|494|571,21|25|31|43|44|18|25|44|13|12
Dhampur Sugar,https://www.screener.in/company/DHAMPURSUG/consolidated/,"1,005 Cr.",156,200 / 110,14.3,186,1.28 %,6.43 %,5.47 %,10.0,1.10,2.90,-0.46 %,0.31 %,8.81 %,8.67 %,3.32 %,2.46 %,-7.17 %,-26.3 %,-25.5 %,-22.1 %,0.00 %,0.75,-0.01 %,12.9 Cr.,0.00 Cr.,18.5 Cr.,Fast Moving Consumer Goods,Fast Moving Consumer Goods,Agricultural Food & other Products,Sugar,6.09,45.70,26.54,-7.82,-2.06|2.31|7.5|0.13|-1.23|4.12|7.1|0.94,243,201,-81|168|-48|805|-203|338|880|0|383|-53|201|243,11.40,8|9|20|11|16|10|11|15|12|12|9|9,,3.99|2.14|1.98|2.04|2.05|1.91|2.41|1.95,0.46|0.46|0.47|0.48|0.48|0.58|0.83|1.14,0|0|17|13|17|18|17|28|25|0|0|20,1777|2233|2584|3352|2892|3484|4157|1904|2460|2169|1957|1967,-13|26|230|151|251|216|229|144|158|135|52|65
Stanley Lifesty.,https://www.screener.in/company/STANLEY/consolidated/,785 Cr.,137,320 / 123,114,81.6,0.00 %,6.43 %,3.07 %,2.00,2.83,1.49,-2.64 %,-5.52 %,18.0 %,19.9 %,3.67 %,6.79 %,0.02 %,-24.1 %,-61.6 %,5.20 %,0.00 %,0.66,0.18 %,0.00 Cr.,0.00 Cr.,4.29 Cr.,Consumer Discretionary,Consumer Durables,Consumer Durables,"Furniture, Home Furnishing",0.65,-0.55,-0.20,6.00,1.09|1.51|1.84|1.39|0.98|-0.11|-0.13|0.08,70,68,10|33|29|68|46|68|70,20.00,7|17|21|20|21|20|18,,5.06|5.14|4.82|4.75|4.76|4.26|3.59|0.95,20.86|20.37|20.82|21.22|21.11|20.27|15.81|10.29,0|104|35|43|0|0|0,206|196|292|419|432|426|419,8|2|23|35|29|29|13
DIC India,https://www.screener.in/company/DICIND/,581 Cr.,632,642 / 450,18.9,484,0.47 %,6.42 %,4.51 %,10.0,2.04,28.4,0.00 %,0.00 %,4.45 %,4.13 %,2.14 %,2.15 %,0.75 %,21.8 %,21.8 %,12.7 %,0.00 %,0.01,0.00 %,2.75 Cr.,3.67 Cr.,2.57 Cr.,Commodities,Chemicals,Chemicals & Petrochemicals,Printing Inks,14,4,5,6,2.16|7.79|2.82|4.75|6.4|4.97|4.62|15.55,43,16,2|42|46|-13|-9|58|24|-7|37|5|16|43,3.06,-0.1|8|6|1.6|-0.2|2.6|3.7|3.1|2.4|1.2|4.1|4.5,,,,0|12|16|0|0|22|6|37|4|0|19|16,722|750|707|738|838|791|608|745|872|829|882|892,-31|30|23|-12|-9|18|86|12|41|-23|20|17
T N Newsprint,https://www.screener.in/company/TNPL/,"1,027 Cr.",148,176 / 121,3.93,335,2.70 %,6.41 %,11.2 %,10.0,0.69,1.37,0.05 %,-1.01 %,10.4 %,9.59 %,5.33 %,-0.28 %,-3.57 %,-14.0 %,-14.0 %,37.7 %,0.00 %,0.70,0.00 %,27.8 Cr.,20.8 Cr.,27.8 Cr.,Commodities,Forest Materials,"Paper, Forest & Jute Products",Paper & Paper Products,5.74,240.30,6.77,8.10,0.37|-6.2|3.2|-1.07|1.17|0.98|34.72|0.83,596,570,404|620|284|833|819|241|423|1111|809|419|570|596,12.80,24|23|25|13|16|18|9|9|19|16|10|10,,4.28|4.93|5.37|5.39|5.05|5.08|4.96|5.01,14.22|12.94|12.38|12.02|11.36|11.25|10.54|9.53,25|20|20|-82|55|32|-32|194|9|13|560|11,2136|2418|2958|3098|4083|3471|2768|4020|5180|4690|4491|4645,167|260|265|-42|94|130|-65|14|388|208|4|248
Sh. Digvijay Cem,https://www.screener.in/company/SHREDIGCEM/,"1,013 Cr.",68.5,97.2 / 53.9,56.2,24.7,1.46 %,6.40 %,6.86 %,10.0,2.75,2.19,0.12 %,0.13 %,9.42 %,7.89 %,3.34 %,3.48 %,1.10 %,-24.3 %,-24.8 %,-15.0 %,0.00 %,1.41,4.51 %,14.8 Cr.,22.2 Cr.,37.9 Cr.,Commodities,Construction Materials,Cement & Cement Products,Cement & Cement Products,6.83,7.95,-6.97,10.23,0.03|-0.33|1.24|0.93|0.69|-0.47|0.54|0.46,-411,135,25|21|31|102|-2|94|95|57|86|96|135|-411,13.60,4.3|9|2.6|12|6|21|21|19|14|18|8|9,,0.77|0.64|1.12|1.1|0.42|1.04|0.38|0.5,0.89|0.96|1.08|1.99|2.25|4.01|1.29|1.42,0|0|0|0|0|38|66|91|101|50|88|59,411|474|315|413|436|470|503|629|725|792|725|749,4|5|-9|13|2|56|54|55|58|88|25|25
Primo Chemicals,https://www.screener.in/company/PRIMO/consolidated/,517 Cr.,21.4,27.5 / 16.1,33.2,16.8,0.00 %,6.40 %,3.78 %,2.00,0.56,2.12,0.23 %,0.00 %,12.3 %,12.4 %,2.70 %,0.40 %,-7.32 %,-52.1 %,-52.1 %,4.19 %,0.00 %,0.32,0.00 %,0.00 Cr.,0.00 Cr.,0.00 Cr.,Commodities,Chemicals,Chemicals & Petrochemicals,Commodity Chemicals,4.68,6.07,1.05,4.16,0.53|0.09|-0.02|0.17|0.17|0.04|0.25|0.19,65,64,53|70|150|14|64|65,14.36,-6|19|27|1.8|12|12,,0.11|0.12|0.11|0.11|0.08|0.08|0.09|0.32,1.92|1.92|1.92|1.92|1.92|1.92|1.92|1.92,0|0|0|0|0|0,223|449|701|392|549|558,8|59|137|-25|4|15
Lokesh Mach.,https://www.screener.in/company/LOKESHMACH/,752 Cr.,345,386 / 138,170,114,0.00 %,6.38 %,1.76 %,10.0,1.47,1.32,0.00 %,0.00 %,18.4 %,12.5 %,1.87 %,0.24 %,-4.47 %,-23.4 %,-26.2 %,-2.88 %,15.3 %,0.74,-4.43 %,0.00 Cr.,0.00 Cr.,0.00 Cr.,Industrials,Capital Goods,Industrial Manufacturing,Industrial Products,1.01,2.15,0.63,0.63,1.87|-2.14|0.07|0.23|0.32|0.32|1.08|0.47,-13,21,24|17|21|30|31|11|9|23|32|17|21|-13,14.20,23|12|21|16|16|10|17|15|12|14|12|18,,0|0|0|0|0|0|0|0,,79|34|0|0|0|0|0|0|0|0|0|0,118|121|132|175|190|126|150|201|239|293|228|209,1|2|2|5|7|-5|4|6|10|14|1|4
PVP Ventures,https://www.screener.in/company/PVP/consolidated/,"1,544 Cr.",59.3,71.9 / 23.0,101,8.38,0.00 %,6.37 %,-2.24 %,10.0,1.07,1.51,-0.37 %,0.00 %,21.2 %,-27.7 %,-8.06 %,-6.88 %,-20.1 %,%,%,13.8 %,0.00 %,1.18,0.00 %,0.00 Cr.,0.00 Cr.,0.00 Cr.,Consumer Discretionary,Realty,Realty,"Residential, Commercial Projects",11,-3,-4,-3,-0.1|-0.02|-0.06|0.01|-0.12|-0.14|-0.01|0.46,-23,20,66|28|48|-8|-13|17|6|-13|327|0|20|-23,-11.80,-21|2.4|29|-15|-120|-47|-76|15|74|-141|-28|21,,0.02|0|0.04|0.04|0.25|0.62|0.5|0.13,0.15|0.15|0.15|0.1|0|0|0|0,0|0|0|0|0|0|0|0|0|0|0|0,53|144|156|58|37|44|18|49|176|8|27|90,-33|0|8|-62|-116|-93|-81|-95|238|66|-9|-10
Chemcon Special.,https://www.screener.in/company/CHEMCON/,793 Cr.,216,295 / 125,28.1,132,3.00 %,6.35 %,4.70 %,10.0,4.31,15.5,-0.13 %,0.00 %,12.6 %,15.9 %,9.63 %,11.8 %,-7.47 %,-24.9 %,-24.9 %,-16.4 %,0.00 %,0.11,0.00 %,23.8 Cr.,0.00 Cr.,7.69 Cr.,Commodities,Chemicals,Chemicals & Petrochemicals,Specialty Chemicals,11,6,5,6,1.73|2.41|1.08|1.74|1.57|1.39|1.74|2.99,42,38,7|5|10|14|11|12|65|74|13|12|38|42,18.80,12|10|10|29|22|27|33|32|23|10|16|13,,0.25|0.25|0.32|0.3|0.27|0.32|0.38|0.25,0.27|0.27|0.27|0|0|0|0|0,0|0|0|0|0|0|0|0|27|0|0|101,63|97|88|158|303|262|243|257|303|267|207|240,3|3|3|26|43|49|56|63|55|19|24|24
H T Media,https://www.screener.in/company/HTMEDIA/consolidated/,551 Cr.,23.7,31.3 / 17.5,4.53,69.6,0.00 %,6.32 %,0.87 %,2.00,0.44,3.73,-0.01 %,0.00 %,7.23 %,3.31 %,1.08 %,0.04 %,1.76 %,27.2 %,27.2 %,17.3 %,0.00 %,0.47,0.00 %,0.00 Cr.,0.00 Cr.,0.00 Cr.,Consumer Discretionary,"Media, Entertainment & Publication",Media,Print Media,44,-10,-24,-4,-0.33|-0.26|1.76|-0.57|-0.17|-1|-0.58|1.33,99,57,409|210|306|309|73|38|203|14|-47|-53|57|99,-0.00,11|14|12|16|-0.2|7|-11|1.9|-8|-4.2|3.3|7,,0|0.01|0.02|0.02|0.09|0.07|0.01|0,0.05|0.54|0.54|0.05|0.05|0.05|0.05|0.05,5|5|5|3|-77|0|0|0|0|0|0|0,2282|2502|2452|2299|2199|2083|1117|1500|1711|1695|1746|1803,216|219|219|352|16|-345|-65|19|-252|-91|14|-49
Axita Cotton,https://www.screener.in/company/AXITA/,306 Cr.,7.99,12.2 / 6.18,78.6,1.70,0.63 %,6.32 %,2.97 %,1.00,3.37,3.82,-0.30 %,0.00 %,0.27 %,0.23 %,0.51 %,0.09 %,-12.2 %,-51.9 %,-51.8 %,-12.6 %,0.00 %,0.28,-0.02 %,1.91 Cr.,0.00 Cr.,1.49 Cr.,Consumer Discretionary,Textiles,Textiles & Apparels,Other Textile Products,3.59,-2.34,2.60,0.04,0.02|-0.03|-0.05|0.04|0|0.07|-0.06|0.09,1,45,1|-11|6|4|9|7|-13|45|1,1.68,2.3|1.4|0.8|1.5|1.2|4.2|2.5|0.2|0.3,,1.96|1.8|2.04|2.64|3.74|5.01|5.62|5.32,,0|0|0|0|6|12|13|0|101,123|213|484|619|818|548|1102|653|370,1|0|0|4|15|17|20|1|2
GeeCee Vent.,https://www.screener.in/company/GEECEE/consolidated/,778 Cr.,372,399 / 216,17.1,399,0.54 %,6.29 %,5.19 %,10.0,1.74,34.9,0.00 %,0.00 %,70.1 %,45.8 %,55.4 %,34.9 %,23.4 %,53.4 %,53.4 %,32.5 %,0.00 %,0.00,0.00 %,4.18 Cr.,4.18 Cr.,3.35 Cr.,Consumer Discretionary,Realty,Realty,"Residential, Commercial Projects",8.41,23.57,4.94,10.24,6|9.33|1.86|1.6|4.9|2.36|11.27|3.61,-91,221,15|-2|-147|-23|7|155|-92|5|68|-21|221|-91,45.80,14|23|32|16|28|47|38|28|38|47|46|70,,0.1|0.15|0.03|0.03|0.01|0|0|0,0|0|0|0.1|0.11|0.13|0.13|0.13,21|9|0|11|0|0|39|0|36|11|9|10,57|144|94|201|150|45|42|96|40|97|136|76,13|36|28|31|36|16|10|19|12|37|47|42
Vardhman Hold.,https://www.screener.in/company/VHL/consolidated/,"1,077 Cr.","3,377","4,290 / 2,870",4.28,"11,799",0.15 %,6.28 %,5.91 %,10.0,14.9,"5,324",0.00 %,0.00 %,83.8 %,72.8 %,"1,765 %","1,133 %",27.7 %,-1.85 %,-1.85 %,10.8 %,0.00 %,0.00,0.00 %,1.60 Cr.,1.60 Cr.,1.60 Cr.,Financial Services,Financial Services,Finance,Investment Company,98,54,54,46,154.72|206.05|218.49|196.08|144.51|168.29|168.01|307.32,-6,-6,-34|2|6|-95|82|-5|1|-3|-6|-6,69.00,72|97|89|68|53|89|91|26|71|73|84,,0.06|0.07|0.06|0.06|0.05|0.05|0.05|0.05,0.13|0.06|0.06|0.06|0.06|0.07|0.07|0.07,1|1|1|1|0|1|0|1|1|1|1,13|70|28|9|12|20|33|6|15|23|12,159|303|179|202|160|130|429|228|185|258|216
Remi Edelstahl,https://www.screener.in/company/513043/,324 Cr.,256,269 / 118,109,55.1,0.00 %,6.24 %,3.72 %,10.0,1.73,2.75,0.00 %,0.00 %,5.82 %,5.90 %,1.52 %,1.89 %,1.66 %,143 %,132 %,58.0 %,0.00 %,0.76,0.00 %,0.00 Cr.,0.00 Cr.,0.00 Cr.,Industrials,Capital Goods,Industrial Products,Iron & Steel Products,0.45,1.11,0.39,1.03,1.15|0.76|0.38|0.19|0.94|0.33|0.88|0.36,-22,23,-8|17|6|-14|7|19|-5|5|8|-5|23|-22,5.40,6|-0.7|-3.4|5|6|7|6|6|4|5|6|6,,,0.09|0.09|0.09|0.09|0.09|0.09|0.08|0.08,0|0|0|0|0|0|0|0|0|0|0|0,168|98|64|59|125|105|82|106|135|117|139|142,-2|-6|-4|-2|0|0|0|1|0|1|3|3
Softtech Enginee,https://www.screener.in/company/SOFTTECH/consolidated/,728 Cr.,526,526 / 213,144,124,0.00 %,6.21 %,2.90 %,10.0,1.96,3.31,0.00 %,0.00 %,24.2 %,23.6 %,4.01 %,1.38 %,26.7 %,7.83 %,-2.74 %,4.43 %,0.00 %,0.23,0.00 %,0.00 Cr.,0.00 Cr.,0.00 Cr.,Information Technology,Information Technology,IT - Software,Computers - Software & Consulting,1.16,2.72,1.17,0.33,0.36|0.13|0.03|0.69|0.13|1.02|1.74|0.75,31,28,4|-6|5|12|7|19|28|31,26.40,25|25|29|27|30|27|24|24,,0.07|0.07|0.07|0.05|0|0|0|0,,6|0|0|0|0|0|0|0,63|58|42|57|65|79|95|133,7|6|3|5|4|3|1|5
Fundviser Capit.,https://www.screener.in/company/530197/consolidated/,320 Cr.,405,484 / 180,74.9,81.3,0.00 %,6.19 %,1.85 %,10.0,3.11,8.65,0.77 %,0.00 %,2.47 %,7.75 %,0.60 %,7.99 %,%,%,%,%,0.00 %,0.05,0.00 %,0.00 Cr.,0.00 Cr.,Cr.,Financial Services,Financial Services,Finance,Investment Company,3.05,0.70,1.90,-0.59,-0.07|3.73|-0.56|0.88|-0.08|2.4|-0.14|3.81,-42,-4,-4|-42,5.25,8|2.5,,0|0|0|0|0|1.05|8.92|9.69,0.55|0.48|0.48|0.42|0.42|0.42|0.32|0.32,0|0,33|131,3|3
Genus Paper & Bo,https://www.screener.in/company/GENUSPAPER/,293 Cr.,11.4,19.4 / 8.65,21.0,19.1,0.00 %,6.17 %,3.00 %,1.00,1.26,1.33,0.00 %,0.00 %,8.41 %,8.02 %,1.55 %,0.95 %,12.8 %,45.2 %,45.2 %,15.6 %,0.00 %,0.93,0.00 %,0.00 Cr.,0.00 Cr.,0.00 Cr.,Commodities,Forest Materials,"Paper, Forest & Jute Products",Paper & Paper Products,3.52,3.80,2.13,4.49,0.02|0.06|0.12|0.16|0.17|0.08|0.15|0.14,61,27,41|7|16|10|64|9|41|32|21|69|27|61,6.74,9|8|7|10|7|11|9|5|3.7|9|8|8,,0.2|0|0.02|0.01|0|0|0|0,0.04|0.04|0.04|0.04|0.04|0.04|0.04|0.04,0|0|0|0|0|0|0|0|0|0|0|0,288|314|306|346|431|254|286|440|655|651|849|940,10|5|7|15|8|9|8|8|-14|6|8|15
Excel Industries,https://www.screener.in/company/EXCELINDUS/consolidated/,"1,205 Cr.",958,"1,265 / 800",16.9,"1,355",1.43 %,6.17 %,4.62 %,5.00,1.93,46.2,-0.09 %,0.01 %,10.4 %,12.4 %,6.94 %,7.60 %,0.14 %,-1.82 %,-1.82 %,1.53 %,0.00 %,0.00,-0.83 %,17.3 Cr.,17.3 Cr.,16.8 Cr.,Commodities,Chemicals,Chemicals & Petrochemicals,Specialty Chemicals,29,12,8,21,28.38|4.93|9.87|26.86|16.86|6.71|9.77|23.44,53,62,44|46|31|119|135|110|91|109|125|72|62|53,11.40,15|14|9|21|30|19|16|20|12|3|12|10,,1.56|2.17|2.05|2.08|2.01|2.01|1.94|1.85,6.97|7|6.98|6.98|7.06|7.07|7.07|7.08,20|22|38|21|15|13|20|18|18|41|20|23,482|448|462|599|825|702|749|1178|1090|826|978|1095,41|26|20|74|153|96|71|161|80|17|85|76
PNB Gilts,https://www.screener.in/company/PNBGILTS/,"1,425 Cr.",79.2,105 / 58.6,14.1,95.0,2.53 %,6.15 %,11.0 %,10.0,3.68,1.10,-0.11 %,0.00 %,91.5 %,96.9 %,10.6 %,13.7 %,11.4 %,60.2 %,60.2 %,-17.2 %,0.00 %,14.6,0.00 %,36.0 Cr.,18.0 Cr.,32.4 Cr.,Financial Services,Financial Services,Finance,Investment Company,81,13,54,-45,6.37|-0.56|4.17|8.89|-2.52|2.99|0.72|4.48,"-2,540",-197,-366|-1088|1213|-800|-3843|-3898|2483|-4564|-4638|-2875|-197|-2540,90.40,96|95|96|83|96|96|97|94|72|97|97|92,,0.1|0.29|0.35|0.53|0.77|0.3|0.18|0.07,0|0|0|0|0|0|0|0,31|57|27|1277|48|29|40|54|0|26|8|20,410|343|500|402|508|882|1052|756|1230|1577|1676|1699,88|34|167|1|53|186|454|166|-77|69|233|182
Sigachi Indust.,https://www.screener.in/company/SIGACHI/consolidated/,"1,131 Cr.",29.6,44.4 / 16.6,50.3,13.6,0.34 %,6.14 %,5.78 %,1.00,1.44,2.51,-0.06 %,0.00 %,11.2 %,20.5 %,6.88 %,14.4 %,16.5 %,%,-15.7 %,-26.4 %,20.0 %,0.31,0.00 %,3.82 Cr.,3.82 Cr.,3.41 Cr.,Healthcare,Healthcare,Pharmaceuticals & Biotechnology,Pharmaceuticals,8.15,7.65,-0.01,10.53,0.65|0.64|0.35|-2.63|0.28|0.01|0.2|0.18,-43,27,8|14|12|30|6|29|13|27|-43,18.00,12|20|18|20|21|19|19|20|11,,1.58|0.16|0.08|2.89|3.1|3.33|1.31|1.25,,4|2|4|0|8|6|5|-5,101|129|139|193|250|302|399|488|478,7|19|20|30|40|44|57|70|-83
Shalby,https://www.screener.in/company/SHALBY/consolidated/,"1,487 Cr.",138,275 / 126,37.8,93.1,0.00 %,6.12 %,2.45 %,10.0,1.16,2.43,0.11 %,0.05 %,12.7 %,12.4 %,1.91 %,-1.49 %,12.4 %,-28.3 %,-28.3 %,-10.7 %,0.00 %,0.59,0.00 %,0.00 Cr.,0.00 Cr.,7.31 Cr.,Healthcare,Healthcare,Healthcare Services,Hospital,10,18,1,7,0.31|-0.17|-1.02|0.83|0.78|0.16|1.7|1,-0,-4,60|14|43|55|79|19|68|20|-4|0,15.60,25|19|22|21|18|17|21|17|17|19|12|13,,5.37|4.65|4.54|5.21|4.63|4.47|4.36|4.47,0.09|0.14|0.18|0.19|0.19|0.19|0.25|0.3,0|0|0|0|17|20|25|20|19|15|0|0,275|290|324|378|462|487|431|699|805|934|1087|1141,25|36|29|39|32|28|42|54|68|84|2|35
Hampton Sky,https://www.screener.in/company/HAMPTON/consolidated/,225 Cr.,8.22,22.4 / 7.01,,5.03,0.00 %,6.07 %,3.84 %,1.00,3.05,-5.12,-0.37 %,0.00 %,28.7 %,12.7 %,30.7 %,10.7 %,-31.6 %,-48.9 %,-50.8 %,%,3.55 %,0.46,0.00 %,0.00 Cr.,0.00 Cr.,Cr.,Consumer Discretionary,Realty,Realty,"Residential, Commercial Projects",-2.11,-5.93,-2.17,-10.05,0.39|0.45|0.05|-0.04|-0.26|-0.08|-0.2|-0.08,-25,-40,0|6|-4|-1|8|7|3|-3|-20|-15|-40|-25,11.98,-267|47|-1.4|45|3.6|6|10|3.5|15|-0.6|13|29,,4.24|4.42|4.41|4.41|4.41|4.41|4.41|4.04,0|0|0|0|0|0|0|0,0|0|0|0|0|0|0|0|0|0|0|0,1|9|11|3|14|14|13|50|185|72|237|59,-2|4|-1|1|2|2|2|2|40|5|25|18
Sahasra Electro.,https://www.screener.in/company/SAHASRA/consolidated/,840 Cr.,336,369 / 188,59.2,94.1,0.30 %,6.04 %,6.22 %,10.0,2.59,3.52,0.12 %,-0.97 %,13.2 %,8.48 %,8.74 %,-2.50 %,%,%,%,%,0.00 %,0.28,0.00 %,0.00 Cr.,0.00 Cr.,Cr.,Industrials,Capital Goods,Industrial Products,Other Industrial Products,6,6,-4,2,2.19|-1.4|1.69|3.99,-10,-6,-6|-10,10.50,8|13,,3.5|0.47|0|0.12,8.42|3.04|1.86|0.89,0|0,96|139,-2|12
Sicagen India,https://www.screener.in/company/SICAGEN/consolidated/,209 Cr.,52.8,74.8 / 42.1,10.1,125,1.90 %,6.03 %,3.81 %,10.0,2.35,3.30,0.00 %,0.00 %,4.10 %,4.01 %,1.91 %,1.71 %,2.83 %,16.7 %,16.7 %,47.3 %,0.00 %,0.32,0.00 %,3.96 Cr.,3.96 Cr.,2.73 Cr.,Services,Services,Commercial Services & Supplies,Trading & Distributors,6.93,4.46,4.93,4.14,1.05|1.06|1|1.15|1.05|1.25|1.13|1.75,44,33,2|-3|-41|-12|20|-37|31|-2|15|25|33|44,3.46,0.2|-1.2|0.5|0.1|0.4|1.6|1.6|2.7|3|3.5|4|4.1,,2.42|2.42|2.42|2.85|2.42|2.47|2.47|2.47,0.6|0.58|0.58|0.58|0.58|0.58|0.58|0.58,36|224|32|206|1218|550|-74|-162|13|23|23|22,645|601|711|738|820|699|542|836|895|795|891|973,7|1|7|1|0|0|-3|-1|18|11|17|18
Kanoria Chem.,https://www.screener.in/company/KANORICHEM/consolidated/,805 Cr.,184,191 / 55.7,13.2,131,0.00 %,5.95 %,22.1 %,5.00,0.92,2.85,0.01 %,0.00 %,7.27 %,4.33 %,11.5 %,-11.3 %,-14.6 %,114 %,114 %,46.2 %,29.6 %,0.51,0.00 %,0.00 Cr.,0.00 Cr.,0.87 Cr.,Industrials,Capital Goods,Industrial Manufacturing,Industrial Products,26,32,4,92,-3.18|-3.82|-8.33|-1.79|21.39|0.81|7.24|6.03,66,13,13|12|30|27|22|31|82|83|26|38|13|66,4.88,4.7|6|3.8|4.1|6|2.8|9|5|4.6|3.5|4.3|7,,0.05|0.05|0.07|0.06|0.04|0.04|0.04|0.05,0.08|0.08|0.08|0.08|0.08|0.08|0.08|0.08,53|-91|-44|47|-22|0|0|64|0|0|0|0,531|565|702|837|1072|1005|1095|1369|1578|1475|754|981,12|-7|-24|12|-20|-32|16|2|-13|-55|-108|113
Ebix,https://www.screener.in/company/EBIX/consolidated/,408 Cr.,19.0,48.5 / 16.0,,-91.8,0.00 %,5.95 %,%,1.00,0.77,0.41,-1.86 %,-0.17 %,4.13 %,4.93 %,-19.5 %,-20.7 %,%,%,%,%,0.00 %,17.8,2.10 %,0.00 Cr.,0.00 Cr.,Cr.,Consumer Discretionary,Automobile and Auto Components,Automobiles,2/3 Wheelers,82,-55,-326,-154,0.06|0.66|0.51|-20|-7.81|-10.36|-1.73|-1.54,-23,-220,0|-220|-23,13.00,30|4.9|4.1,,24.21|22.63|22.52|22.47|22.49|17.8|16.21|14.35,1.9|1.83|1.81|1.61|1.3|0.96|0.93|0.76,0|0|0,2|1509|2438,0|-312|-453
Sukhjit Starch,https://www.screener.in/company/SUKHJITS/consolidated/,506 Cr.,162,231 / 137,14.8,182,0.62 %,5.88 %,1.47 %,5.00,1.37,2.48,0.00 %,0.00 %,5.77 %,7.46 %,0.57 %,2.27 %,-0.33 %,-49.3 %,-49.3 %,-16.1 %,0.00 %,0.61,0.07 %,3.12 Cr.,3.12 Cr.,9.37 Cr.,Fast Moving Consumer Goods,Fast Moving Consumer Goods,Agricultural Food & other Products,Other Agricultural Products,12,15,3,4,4.02|3.45|0.9|1.6|1.38|1|4.67|3.89,4,68,65|86|40|11|126|-61|116|144|41|78|68|4,9.20,12|11|8|9|12|7|9|14|10|9|7|6,,0.06|0.01|0|0|0|0.02|0|0,0|0|0|0|0|0|0|0,16|16|20|21|27|9|21|21|20|25|8|12,532|565|652|701|742|799|699|1159|1447|1375|1498|1432,23|22|18|23|42|33|21|73|63|50|40|27
Avonmore Capital,https://www.screener.in/company/AVONMORE/consolidated/,352 Cr.,12.5,20.8 / 9.04,22.8,13.7,0.00 %,5.87 %,3.62 %,1.00,3.24,19.0,-0.02 %,0.00 %,8.34 %,22.5 %,11.4 %,20.9 %,-3.41 %,-50.8 %,-50.8 %,-8.09 %,0.00 %,0.06,0.00 %,0.00 Cr.,0.00 Cr.,0.00 Cr.,Financial Services,Financial Services,Finance,Non Banking Financial Company (NBFC),17,-7,15,6,0.61|0.01|0.2|0.14|0.16|0.32|-0.34|0.4,15,-7,-2|-80|7|-25|16|14|-4|-1|19|42|-7|15,,,,0|0.21|0.06|0.04|0.01|0.02|0.06|0.04,0.01|0.01|0.01|0.01|0.01|0.01|0.01|0.01,0|0|0|0|0|0|0|0|0|0|0|0,,7|0|6|28|13|18|30|40|122|20|38|22
S H Kelkar & Co.,https://www.screener.in/company/SHK/consolidated/,"1,897 Cr.",137,254 / 112,40.2,98.4,0.73 %,5.85 %,3.71 %,10.0,1.27,2.42,-1.50 %,0.83 %,10.2 %,13.9 %,2.06 %,4.49 %,12.0 %,-10.9 %,-10.9 %,-17.9 %,8.30 %,0.76,0.00 %,13.8 Cr.,13.8 Cr.,15.2 Cr.,Commodities,Chemicals,Chemicals & Petrochemicals,Specialty Chemicals,45,2,33,9,2.87|1.27|7.41|1.85|0.66|2.36|0.13|3.28,263,16,62|86|102|103|77|205|195|50|197|107|16|263,13.40,14|16|17|16|13|14|18|14|13|16|14|10,,9.4|7.54|7.22|6.96|7.36|6.79|7.42|5.92,2.26|3.1|3.44|3.37|5.69|6.02|5.18|6.01,28|30|24|27|0|38|17|7|45|8|19|20,834|925|981|1021|1048|1114|1322|1564|1687|1930|2123|2368,70|73|105|94|88|36|144|149|63|124|73|69
Gloster Ltd,https://www.screener.in/company/GLOSTERLTD/consolidated/,641 Cr.,586,756 / 495,50.1,995,3.41 %,5.85 %,1.84 %,10.0,1.23,1.38,0.00 %,-0.28 %,10.6 %,6.36 %,1.40 %,-1.96 %,26.2 %,-28.5 %,-28.5 %,-12.4 %,0.00 %,0.88,0.03 %,21.9 Cr.,21.9 Cr.,32.3 Cr.,Commodities,Forest Materials,"Paper, Forest & Jute Products",Jute & Jute Products,-2.34,8.21,-0.74,7.67,-3.12|0.76|-2.12|2.74|7.01|-0.68|7.5|-2.14,-142,-99,88|56|37|9|43|126|67|38|-99|-142,10.40,14|18|17|13|14|13|12|10|6|11,,,14.61|14.61|14.61|14.61|14.55|14.5|14.36|14.08,4|5|12|42|33|29|141|90|-164|121,504|463|501|495|493|734|710|646|735|1427,35|42|45|20|41|65|54|24|-13|18
DE Nora India,https://www.screener.in/company/DENORA/,415 Cr.,782,962 / 559,34.1,244,0.51 %,5.83 %,2.25 %,10.0,2.14,,0.11 %,0.00 %,5.57 %,-1.81 %,2.31 %,-3.65 %,18.2 %,-48.2 %,-48.2 %,-13.2 %,0.00 %,0.00,0.00 %,2.12 Cr.,0.00 Cr.,0.96 Cr.,Industrials,Capital Goods,Industrial Products,Electrodes & Refractories,6.39,-0.64,2.57,3.87,6.18|-14.71|6.29|6.12|7.29|4.84|-1.21|12.04,12,3,10|14|7|2|-6|-7|16|12|14|16|3|12,19.64,17|30|8|8|1.5|22|17|31|34|29|-1.8|6,,0.09|0.1|0.14|0.03|0.01|0.02|0.72|0.83,0.22|0.22|0.22|0.22|0.22|0.22|0.22|0.22,19|18|36|31|0|0|9|3|5|6|0|23,31|51|27|27|33|48|51|74|74|74|69|122,4|12|3|2|2|8|6|15|20|19|2|9
Ace Soft. Exp.,https://www.screener.in/company/531525/consolidated/,376 Cr.,206,302 / 106,87.9,65.9,0.00 %,5.82 %,3.98 %,10.0,2.80,5.68,0.00 %,0.23 %,11.1 %,20.4 %,7.45 %,16.4 %,76.6 %,180 %,152 %,45.9 %,0.00 %,0.12,0.11 %,0.00 Cr.,0.00 Cr.,0.00 Cr.,Information Technology,Information Technology,IT - Software,Software Products,1.19,-0.34,1.74,1.83,0.48|0.68|1.25|0.69|1|0.95|-0.24|0.63,4.77,-9.79,-0.05|3.29|1.11|-0.86|-1.22|-4.05|-0.21|2.58|-0.78|-3.32|-9.79|4.77,5.99,5.24|8.94|10.2|5.51|-14.5|-32.49|-8.25|-8.49|4.26|2.7|20.41|11.09,,,0|0|0|0|0|0.6|0.6|0.83,0|0|0|0|0|0|0|0|0|0|0|0,5.92|8.05|8.43|8.71|8|9.14|8.85|9.78|10.32|23.72|31.55|56.81,0.47|1.18|1.04|1.03|-0.16|-2.72|-0.95|-0.81|0.12|5.35|5.6|4.45
Medicamen Biotec,https://www.screener.in/company/MEDICAMEQ/consolidated/,445 Cr.,328,454 / 210,41.0,203,0.30 %,5.82 %,3.95 %,10.0,2.54,4.92,-0.03 %,0.40 %,10.5 %,8.88 %,4.96 %,4.04 %,12.0 %,-13.4 %,-15.4 %,-6.47 %,0.00 %,0.18,0.00 %,1.36 Cr.,1.27 Cr.,1.28 Cr.,Healthcare,Healthcare,Pharmaceuticals & Biotechnology,Pharmaceuticals,1.85,4.45,1.64,2.12,1.15|2.73|1.9|1.59|1.97|1.61|2.85|1.56,-33,-8,4|13|13|4|-6|-7|-8|-33,14.00,14|16|17|21|17|13|9|10,,0.06|0.06|0.12|0|0.05|0.02|0.1|0.07,1.17|0.87|0.69|0.64|0.59|0.44|0|0.4,10|5|10|8|9|12|18|14,123|125|113|115|141|179|163|198,12|13|12|15|15|9|7|10
Dhanlaxmi Bank,https://www.screener.in/company/DHANBANK/,"1,163 Cr.",29.5,36.8 / 19.4,10.1,38.3,0.00 %,5.81 %,7.15 %,10.0,4.87,1.16,-1.21 %,0.00 %,59.6 %,57.9 %,6.41 %,5.03 %,14.3 %,28.3 %,28.3 %,22.5 %,0.00 %,13.4,0.00 %,0.00 Cr.,0.00 Cr.,0.00 Cr.,Financial Services,Financial Services,Banks,Private Sector Bank,25,43,24,23,0.65|0.5|0.73|0.31|0.59|0.61|1.1|0.63,631,-5,-605|-298|-99|-203|-144|554|-90|139|216|17|-5|631,,,,4.97|6.95|15.26|15.52|15.27|15.32|15.42|14.21,0.07|0.16|0.05|0.05|0.05|0.05|0.05|0.05,0|0|0|0|0|0|0|0|0|0|0|0,,-241|-209|12|-25|12|66|37|36|49|58|67|103
Niyogin Fintech,https://www.screener.in/company/538772/consolidated/,618 Cr.,55.6,73.6 / 30.2,,29.2,0.00 %,5.79 %,-0.12 %,10.0,1.67,0.96,0.00 %,0.05 %,1.81 %,-0.98 %,0.16 %,-5.36 %,37.9 %,25.5 %,25.6 %,14.3 %,0.00 %,0.69,0.43 %,0.00 Cr.,0.00 Cr.,0.00 Cr.,Financial Services,Financial Services,Finance,Non Banking Financial Company (NBFC),-5.01,1.11,0.48,0.63,-0.44|-0.51|-0.03|-0.14|0.03|0.01|0.06|-0.24,-81,-86,-104|110|-70|-58|-37|-86|-81,,,,15.92|14.08|19.4|19.39|19.53|19.53|19.53|19.53,1.05|1.05|1.79|1.79|1.93|1.9|1.99|2.04,0|0|0|0|0|0|0,,-25|-7|-8|-28|-25|-16|0
Dreamfolks Servi,https://www.screener.in/company/DREAMFOLKS/consolidated/,345 Cr.,64.8,160 / 56.0,,58.9,0.00 %,5.77 %,3.76 %,2.00,4.90,-11.2,-0.50 %,0.02 %,0.47 %,6.89 %,1.76 %,4.99 %,-5.12 %,-45.6 %,-46.0 %,24.0 %,0.00 %,0.04,0.00 %,0.00 Cr.,0.00 Cr.,2.12 Cr.,Services,Services,Transport Infrastructure,Airport & Airport services,-14,-13,-8,11,3.03|3.23|2.8|3.99|2.11|-1.48|-2.46|-2.57,8,57,18|22|6|-12|50|22|57|8,7.30,9|12|-0.4|8|13|8|7|0.5,,3.55|2.52|0.98|0.66|0.01|0.01|0.6|0.1,7.84|7.59|3.49|3.09|0|0|0|0.02,0|0|0|0|0|15|0|0,248|367|106|282|773|1135|1292|661,15|32|-1|16|73|69|65|12
TVS Elec.,https://www.screener.in/company/TVSELECT/,752 Cr.,403,741 / 333,,51.4,0.00 %,5.75 %,1.71 %,10.0,1.14,0.72,0.33 %,0.00 %,4.31 %,2.55 %,0.36 %,-1.28 %,8.79 %,-43.2 %,-43.2 %,6.86 %,0.00 %,0.56,0.00 %,0.00 Cr.,0.00 Cr.,1.86 Cr.,Information Technology,Information Technology,IT - Hardware,Computers Hardware & Equipments,-6.62,2.85,0.41,1.55,-0.71|-0.35|-0.31|-1.9|0.83|0.22|1.53|-3.55,6,7,10|27|20|40|-6|-6|34|26|-8|14|7|6,4.88,6|2.8|0.6|0.6|0.7|4.4|4.2|9|6|2.6|2.5|4.3,,0.03|0|0.03|0.04|0.03|0.21|0.01|0.34,0.02|0.02|0.02|0.02|0.02|0.03|0.03|0.03,0|0|15|17|38|717|0|25|39|691|0|0,270|594|2519|4107|2757|259|225|308|353|366|430|455,2|4|6|16|7|0|1|15|10|0|-4|1
GHCL Textiles,https://www.screener.in/company/GHCLTEXTIL/,"1,190 Cr.",125,145 / 65.3,12.4,157,0.48 %,5.75 %,4.34 %,2.00,2.73,23.4,-0.20 %,-3.92 %,10.7 %,9.54 %,4.84 %,4.81 %,%,"1,755 %",%,%,0.00 %,0.09,0.00 %,5.74 Cr.,4.78 Cr.,3.06 Cr.,Consumer Discretionary,Textiles,Textiles & Apparels,Other Textile Products,39,28,13,16,2.16|0.98|1.49|1.41|1.67|1.38|2.89|4.12,5,162,0|0|0|58|162|5,9.67,8|10|11,,15.95|16.57|15.67|15.65|15.68|13.36|13.44|13.24,6.17|6.23|5.98|6.08|5.87|5.87|5.01|1.09,0|0|19|9|8,0|0|0|1054|1161|1319,0|0|0|25|56|70
Alankit,https://www.screener.in/company/ALANKIT/consolidated/,210 Cr.,7.74,13.7 / 6.41,11.0,11.7,0.00 %,5.72 %,3.84 %,1.00,1.92,9.07,-0.20 %,0.04 %,2.92 %,11.0 %,3.75 %,7.85 %,3.29 %,-16.7 %,-21.8 %,-8.84 %,0.00 %,0.06,0.00 %,0.00 Cr.,0.00 Cr.,0.57 Cr.,Services,Services,Commercial Services & Supplies,Diversified Commercial Services,5.32,2.39,8.03,4.49,0.12|0.19|0.16|0.19|0.16|0.28|0.08|0.19,-22,49,2|18|2|28|19|-9|-2|2|-49|10|49|-22,7.58,-27|28|25|28|16|15|17|9|4|11|11|2.9,,0.37|0.37|0.38|0.38|0.37|0.45|0.58|0.38,0.01|0.01|0.01|0.01|0.01|0.01|0.01|0.05,193|39|22|13|20|20|29|121|0|0|0|0,3|31|85|105|130|156|115|128|312|236|301|343,0|4|13|22|14|14|11|3|-35|22|22|21
Robust Hotels,https://www.screener.in/company/RHL/,310 Cr.,180,278 / 160,11.6,429,0.00 %,5.71 %,3.46 %,10.0,5.83,3.38,-0.01 %,0.00 %,34.0 %,30.9 %,17.0 %,15.4 %,11.7 %,-23.5 %,-23.5 %,%,0.00 %,0.20,0.00 %,0.00 Cr.,0.00 Cr.,0.00 Cr.,Consumer Discretionary,Consumer Services,Leisure Services,Hotels & Resorts,6.12,7.75,7.08,5.84,1.32|1.46|5.95|2.33|3.38|4.09|4.48|3.54,46,54,28|1|2|27|29|54|46,22.00,20|-4.7|-10|28|27|31|34,,0|0.02|0|0|0|0|0.01|0,0.22|0.22|0.22|0.22|0.22|0.22|0.22|0.22,0|0|0|0|0|0|0,93|25|41|106|122|136|148,-21|-34|-35|55|5|16|25
Som Distilleries,https://www.screener.in/company/SDBL/consolidated/,"1,415 Cr.",68.1,143 / 61.8,,37.4,0.00 %,5.68 %,1.87 %,2.00,1.02,0.12,-1.02 %,0.00 %,6.97 %,12.3 %,1.28 %,7.34 %,15.1 %,-38.1 %,-39.6 %,18.4 %,0.00 %,0.27,0.00 %,0.00 Cr.,0.00 Cr.,0.37 Cr.,Fast Moving Consumer Goods,Fast Moving Consumer Goods,Beverages,Breweries & Distilleries,1.56,-56.69,5.49,19.50,0.96|0.97|1.1|2.02|0.92|0.22|-2.67|0.02,211,42,88|81|4|41|36|9|14|73|42|211,9.80,15|17|13|10|-3.3|5|13|12|12|7,,0.56|0.9|1.6|1.47|0.72|0.95|1.2|0.18,0.01|0.02|0.09|0.05|0|0|0|0,29|16|25|0|0|0|3|0|0|0,245|351|393|460|288|365|807|1281|1443|1229,14|25|20|15|-38|-10|60|86|104|10
Innomet Advanced,https://www.screener.in/company/INNOMET/,364 Cr.,281,294 / 63.2,232,33.2,0.00 %,5.68 %,3.73 %,10.0,3.45,3.82,-0.08 %,-0.05 %,10.4 %,15.5 %,2.92 %,5.75 %,32.2 %,-21.3 %,-52.3 %,2.70 %,0.00 %,0.35,-1.70 %,0.00 Cr.,0.00 Cr.,0.00 Cr.,Commodities,Metals & Mining,Diversified Metals,Diversified Metals,-0.44,2.02,0.16,1.71,0.68|1.97|1.32|0.12|1.56|-0.34,9.26,-18.47,-0.13|-0.18|3.53|2.62|-18.47|9.26,15.13,9.11|7.62|24.6|17.51|15.53|10.41,,1.03|4.28|2.82|2.36|2.28,0.57|1.02|1.65|3.38|3.33,0|0|0|0|0|0,12.3|22.18|23.29|24.9|32.52|53.81,0.2|0.55|3.22|2.52|1.87|1.57
Crest Ventures,https://www.screener.in/company/CREST/consolidated/,"1,041 Cr.",366,430 / 298,31.5,459,0.27 %,5.67 %,3.75 %,10.0,3.55,3.09,0.00 %,0.00 %,56.4 %,66.5 %,30.1 %,44.1 %,-37.5 %,-50.9 %,-50.9 %,73.4 %,0.00 %,0.22,0.09 %,2.83 Cr.,2.82 Cr.,2.54 Cr.,Financial Services,Financial Services,Finance,Non Banking Financial Company (NBFC),11,9,10,4,6.02|5.06|2.72|8.85|1.31|3.37|2.93|3.99,46,-14,-12|-17|-8|-12|-43|-47|-2|-104|-680|-7|-14|46,,,,1.42|1.43|1.5|1.63|1.63|1.63|1.71|1.71,,4|2|3|1|3|3|48|12|1|5|3|6,,23|37|39|95|45|45|3|12|396|62|90|48
Cons. Finvest,https://www.screener.in/company/CONSOFINVT/,978 Cr.,302,320 / 152,18.0,358,0.37 %,5.65 %,4.95 %,10.0,7.63,,0.11 %,0.00 %,99.1 %,99.2 %,86.8 %,157 %,-46.9 %,-44.3 %,-44.3 %,44.5 %,0.00 %,0.00,0.00 %,4.75 Cr.,3.65 Cr.,1.68 Cr.,Financial Services,Financial Services,Finance,Non Banking Financial Company (NBFC),13,14,12,16,14.57|4.7|7.08|3.91|4.85|3.7|4.25|4.02,-1,10,-2|-66|-20|57|7|5|12|-7|8|14|10|-1,,,,3.6|4.05|4.29|4.15|4.16|4.18|2.58|2.69,0.02|0.02|0.02|0.02|0.02|0.02|0.02|0.02,0|0|0|0|0|0|0|0|0|0|3|9,,1|46|-3|-9|-7|6|9|1|313|46|108|54
Gillanders Arbut,https://www.screener.in/company/GILLANDERS/consolidated/,223 Cr.,105,130 / 76.0,12.8,121,0.00 %,5.65 %,2.95 %,10.0,1.05,2.45,0.00 %,0.00 %,5.42 %,5.80 %,1.72 %,2.87 %,-1.37 %,25.5 %,25.5 %,20.0 %,0.00 %,0.58,0.00 %,0.00 Cr.,0.00 Cr.,0.00 Cr.,Fast Moving Consumer Goods,Fast Moving Consumer Goods,Agricultural Food & other Products,Tea & Coffee,2.52,-3.89,4.54,14.26,10.06|6.11|0.96|-2.56|6.68|2.13|-1.82|1.18,14,8,38|40|47|69|102|73|68|69|48|33|8|14,2.34,4.9|0.7|4|7|9|4.3|7|7|2.7|-9|6|5,,0|0|0|0|0|0|0|0,0.31|0.31|0.31|0.31|0.31|0.31|0.31|0.31,0|0|0|0|0|0|0|0|0|0|0|0,863|817|681|665|751|660|431|406|449|363|443|431,-9|-55|-19|-9|0|-15|-16|16|15|-49|27|9
TCC Concept,https://www.screener.in/company/TCC/consolidated/,"1,185 Cr.",49.8,138 / 39.4,18.0,69.1,0.00 %,5.65 %,5.35 %,2.00,1.10,2.67,0.00 %,-0.01 %,54.3 %,72.4 %,36.2 %,50.6 %,431 %,325 %,%,%,0.00 %,0.18,0.00 %,0.00 Cr.,0.00 Cr.,Cr.,Consumer Discretionary,Consumer Services,Retailing,Internet & Catalogue Retail,13,31,14,10,0.52|0.58|0.96|0.53|0.59|0.59|1.23|0.52,113,23,-2|8|23|113,64.25,88|43|72|54,,0.1|1.47|1.61|1.74|0.87|2.09|2.63|2.63,3.52|0.86|1.23|1.43|1.51|2.17|2.27|2.26,0|0|0|0,1|77|83|179,1|20|42|65
RSWM Ltd,https://www.screener.in/company/RSWM/consolidated/,"1,038 Cr.",220,240 / 120,14.5,289,0.00 %,5.62 %,3.83 %,10.0,1.04,1.56,-0.23 %,0.09 %,6.22 %,4.33 %,1.12 %,-0.86 %,6.32 %,-19.5 %,-19.5 %,56.7 %,0.00 %,1.24,0.00 %,0.00 Cr.,0.00 Cr.,21.2 Cr.,Consumer Discretionary,Textiles,Textiles & Apparels,Other Textile Products,20,34,2,7,-3.73|-1.96|0.32|1.78|1.58|0.51|7.18|4.17,435,426,438|339|222|166|263|231|320|210|89|-76|426|435,6.12,12|14|11|8|6|7|8|11|7|2.3|4.3|6,,1.52|1.62|1.5|1.23|1.21|1.24|1.2|0.97,0.27|0.65|0.45|0.45|0.45|0.45|0.43|0.52,27|26|28|22|0|0|0|24|19|-112|0|0,2983|2933|2987|2940|2962|2771|2326|3817|3789|4058|4826|4554,86|112|104|21|-38|-13|21|246|123|-21|-40|52
HP Adhesives,https://www.screener.in/company/HPAL/,319 Cr.,34.8,53.0 / 26.3,136,20.4,1.15 %,5.61 %,4.03 %,2.00,3.06,1.42,-0.01 %,0.00 %,5.27 %,10.3 %,3.01 %,7.19 %,2.19 %,-14.2 %,-14.2 %,-12.1 %,0.00 %,0.02,0.00 %,3.67 Cr.,3.67 Cr.,2.02 Cr.,Commodities,Chemicals,Chemicals & Petrochemicals,Specialty Chemicals,-0.84,-2.39,1.50,3.55,0.45|0.43|0.45|0.46|0.39|0.16|-0.26|-0.09,7,17,1|11|-10|-5|22|17|7,8.60,5|10|7|8|13|10|5,,0.1|0.03|0.16|0.04|0.02|0.01|0.02|0.01,3.28|2.86|2.82|1.34|0|0|0|0,0|0|0|0|13|21|53,85|118|165|233|236|248|249,-5|10|6|11|21|18|7
Asian Hotels (E),https://www.screener.in/company/AHLEAST/consolidated/,234 Cr.,136,189 / 124,21.9,106,0.74 %,5.60 %,-3.08 %,10.0,0.22,3.25,0.00 %,0.00 %,30.6 %,26.3 %,-5.38 %,15.4 %,9.26 %,%,%,12.2 %,0.00 %,2.34,0.00 %,0.00 Cr.,1.73 Cr.,2.07 Cr.,Consumer Discretionary,Consumer Services,Leisure Services,Hotels & Resorts,4.32,7.50,-52.63,-6.98,1.75|2.79|5.82|-3.78|-4.04|-30.44|4.34|2.5,22,0,40|40|37|18|34|71|-7|3|9|-385|0|22,20.74,23|25|23|20|22|19|-13|-4.3|23|28|26|31,,0|0.14|0|0|0|0|0|0,0.22|0.22|0.22|0.22|0.22|0.22|0.22|0.22,-10|36|-66|-50|81|0|0|0|18|14|10|0,188|193|195|190|202|185|54|51|94|108|113|122,-39|-7|-4|-6|4|-8|-33|-34|25|32|18|-59
Seshasayee Paper,https://www.screener.in/company/SESHAPAPER/consolidated/,"1,575 Cr.",250,311 / 210,15.9,324,0.80 %,5.60 %,4.10 %,2.00,2.41,16.9,-0.34 %,-0.01 %,5.61 %,6.35 %,4.83 %,6.22 %,-6.35 %,-40.7 %,-40.7 %,-4.95 %,0.00 %,0.00,0.16 %,12.0 Cr.,15.0 Cr.,21.7 Cr.,Commodities,Forest Materials,"Paper, Forest & Jute Products",Paper & Paper Products,32,26,19,22,4.51|2.64|4.29|2.45|3.55|2.96|4.13|5.06,92,-61,105|112|200|225|273|165|-7|276|329|202|-61|92,13.80,9|11|19|19|22|23|14|12|26|19|6|6,,13.11|13.05|13.06|13.03|13.02|12.99|12.94|12.6,0.08|0.08|0.1|0.1|0.1|0.1|0.1|0.09,31|17|10|15|13|13|14|14|9|11|14|15,998|1008|1108|1105|1326|1184|782|1355|2083|1802|1754|1710,16|36|132|123|192|182|106|110|396|271|109|83
Orient Bell,https://www.screener.in/company/ORIENTBELL/,580 Cr.,393,435 / 241,27.4,219,0.25 %,5.58 %,3.80 %,10.0,1.51,9.55,0.02 %,0.00 %,5.76 %,4.26 %,1.76 %,0.39 %,-1.05 %,-17.8 %,-18.2 %,13.1 %,0.00 %,0.10,0.00 %,1.47 Cr.,0.73 Cr.,1.16 Cr.,Consumer Discretionary,Consumer Durables,Consumer Durables,Ceramics,8.43,6.12,3.00,2.70,0.77|0.59|1.65|-0.45|1.84|2.04|4.16|5.73,47,34,47|42|51|27|41|64|19|44|34|40|34|47,5.88,7|7|9|7|6|5|7|9|7|3.1|4.3|6,,0.22|0.31|0.26|0.22|0.18|0.18|0.19|0.21,0.02|0.03|0.03|0.03|0.03|0.03|0.03|0.03,14|11|5|2|8|0|10|5|7|1216|30|13,675|685|637|655|571|492|502|654|705|674|660|683,5|6|14|40|9|7|7|31|22|0|2|11
Aarey Drugs,https://www.screener.in/company/AAREYDRUGS/,315 Cr.,102,104 / 50.3,75.6,53.0,0.00 %,5.58 %,2.75 %,10.0,1.81,1.75,0.23 %,-0.13 %,1.52 %,0.61 %,0.84 %,0.85 %,4.08 %,1.74 %,-1.95 %,-12.8 %,0.00 %,0.33,5.08 %,0.00 Cr.,0.00 Cr.,0.00 Cr.,Healthcare,Healthcare,Pharmaceuticals & Biotechnology,Pharmaceuticals,1.02,1.56,0.57,1.02,0.57|0.25|0.17|0.48|0.36|0.2|0.55|0.36,10,10,3|6|1|-20|1|3|5|0|-1|-3|10|10,1.46,0.6|0.4|2.4|2.2|2.2|1.1|1.3|2.3|1.8|1.1|0.6|1.5,,2.34|2.34|1.97|1.13|3.86|4.18|4.81|4.41,0|0|0|0|0|1.62|1.62|1.49,0|0|0|0|4|0|0|0|0|0|0|0,213|246|396|349|354|298|348|493|419|396|474|472,1|1|5|6|7|6|7|7|4|5|4|4
Rama Steel Tubes,https://www.screener.in/company/RAMASTEEL/consolidated/,700 Cr.,4.28,11.3 / 3.43,54.1,2.92,0.00 %,5.57 %,2.99 %,1.00,1.80,2.26,-3.01 %,0.00 %,1.51 %,2.77 %,0.97 %,1.54 %,-5.61 %,-22.2 %,-26.2 %,-4.78 %,0.00 %,0.27,-1.71 %,0.00 Cr.,0.00 Cr.,0.17 Cr.,Industrials,Capital Goods,Industrial Products,Iron & Steel Products,5.44,3.79,1.78,1.00,0.03|0.04|0.04|0.03|0.01|0.01|0.03|0.03,-109,51,3|5|-7|5|-17|30|25|-35|-96|18|51|-109,3.84,3|6|8|6|3.3|2.5|3.9|5|3.9|6|2.8|1.5,,0.17|0.07|0.44|0.46|5.45|5.73|5.71|2.7,0|0|0|0|0|0|0|0,0|0|0|0|0|0|0|3|0|0|0|0,192|242|260|377|504|353|470|768|1337|1047|1048|1124,1|6|9|13|8|0|12|27|27|30|23|11
Davangere Sugar,https://www.screener.in/company/DAVANGERE/,349 Cr.,2.06,5.50 / 1.74,42.9,3.53,0.00 %,5.52 %,1.99 %,1.00,1.96,1.38,8.89 %,0.00 %,20.2 %,24.2 %,3.56 %,5.08 %,-5.16 %,-13.8 %,-13.8 %,27.8 %,0.00 %,0.50,-6.68 %,0.00 Cr.,0.00 Cr.,0.00 Cr.,Fast Moving Consumer Goods,Fast Moving Consumer Goods,Diversified FMCG,Diversified FMCG,0.94,1.95,2.62,2.63,0.01|0.05|0.01|0.01|0.02|0.02|0.01|0.01,-47,-5,68|6|-30|59|6|-68|81|2|-5|-47,22.60,13|-3.7|27|16|7|28|20|21|24|20,,0|0|0.01|0|6.99|6.99|0|15.88,0|0|0|0|0|0|0.02|0,0|0|0|0|0|0|0|0|0|0,173|64|114|203|145|124|280|217|215|239,-2|-9|3|2|2|6|13|12|11|9
Pavna Industries,https://www.screener.in/company/PAVNAIND/consolidated/,219 Cr.,15.7,42.5 / 13.2,28.9,14.6,0.00 %,5.49 %,2.64 %,1.00,1.37,2.47,-0.26 %,0.00 %,9.85 %,10.9 %,2.07 %,2.32 %,-6.38 %,-12.2 %,-16.1 %,-5.79 %,0.00 %,0.55,0.00 %,0.00 Cr.,0.00 Cr.,0.24 Cr.,Consumer Discretionary,Automobile and Auto Components,Auto Components,Auto Components & Equipments,0.88,2.31,3.02,1.68,0.22|0.06|0.12|-0.15|0.09|0.22|0.17|0.06,-1,6,-5|-8|-21|18|6|6|-1,10.20,10|9|10|9|11|11|10,,0.03|0.13|6.18|6.38|6.06|5.73|5.06|4.8,,0|0|0|15|0|0|0,180|218|312|359|314|306|295,4|7|9|9|12|8|5
Valiant Organics,https://www.screener.in/company/VALIANTORG/consolidated/,"1,196 Cr.",427,429 / 195,23.7,271,0.00 %,5.47 %,3.50 %,10.0,1.01,4.59,-0.07 %,0.00 %,11.8 %,7.42 %,3.52 %,-1.16 %,-11.1 %,-32.6 %,-33.3 %,-26.1 %,0.00 %,0.34,-0.02 %,0.00 Cr.,0.00 Cr.,2.44 Cr.,Commodities,Chemicals,Chemicals & Petrochemicals,Specialty Chemicals,29,16,4,6,-4.63|1.98|1.5|2.93|2.02|1.3|5.61|10.36,92,56,76|161|113|-31|238|84|56|92,11.60,26|27|27|18|16|5|7|12,,1.34|0.82|0.37|0.21|0.21|0.22|0.28|0.21,0.08|0|0|0|0|0|0|0,6|11|12|8|3|0|0|0,692|675|755|1153|1052|723|719|739,121|126|131|128|103|-8|-3|33
Indokem,https://www.screener.in/company/INDOKEM/consolidated/,"1,729 Cr.",620,930 / 440,772,23.1,0.00 %,5.45 %,1.69 %,10.0,1.76,1.67,0.00 %,0.00 %,2.83 %,4.30 %,0.62 %,1.75 %,1.78 %,40.6 %,38.9 %,%,0.00 %,0.42,0.00 %,0.00 Cr.,0.00 Cr.,Cr.,Commodities,Chemicals,Chemicals & Petrochemicals,Specialty Chemicals,1.07,0.34,0.40,0.41,0|0.27|1.37|0.25|0.15|0.15|0.13|0.38,-4,5,1|-5|1|0|-10|-4|2|4|5|-4,-6.54,4.3|10|-5|6|-4.1|-41|1.8|-0.6|4.3|2.8,,,0.2|0.2|0.2|0.2|0.2|0.2|0.2|0.2,0|0|0|0|0|0|0|0|0|0,68|68|67|69|52|28|161|165|178|169,1|1|-3|-3|-10|-10|-1|-6|3|2
Zuari Industries,https://www.screener.in/company/ZUARIIND/consolidated/,782 Cr.,262,416 / 210,6.77,"1,196",0.38 %,5.45 %,2.71 %,10.0,0.64,1.52,-0.05 %,-0.02 %,6.76 %,5.12 %,10.9 %,-7.80 %,3.04 %,-27.5 %,-27.5 %,28.3 %,0.00 %,0.75,0.00 %,2.98 Cr.,2.98 Cr.,2.97 Cr.,Fast Moving Consumer Goods,Fast Moving Consumer Goods,Agricultural Food & other Products,Sugar,0.05,-31.61,-26.43,164.29,-4.84|-8.31|-6.95|0.02|55.34|-8.69|-10.41|0.2,144,-1,-288|-12|109|-125|-45|126|109|62|269|71|-1|144,4.52,0.5|-2.8|4.8|-1.1|-17|-34|-1.1|1.7|2.9|6|5|7,,1.46|1.41|1.3|1.33|2.46|1.11|1.15|1.1,0.87|0.85|0.66|1.01|1.01|1.15|1.23|1.21,-11|-7|-11|-9|-2|-1|-7|-8|1|0|-3|3,520|553|603|550|774|771|834|722|955|838|970|1045,-26|-38|-20|-41|-148|-396|-98|-35|309|713|-94|106
Chaman Metallics,https://www.screener.in/company/CMNL/,268 Cr.,111,184 / 90.0,,39.5,0.00 %,5.37 %,-1.81 %,10.0,0.96,0.90,0.00 %,0.00 %,7.38 %,8.82 %,-0.33 %,5.63 %,33.5 %,%,%,%,0.00 %,4.62,0.00 %,0.00 Cr.,0.00 Cr.,0.00 Cr.,Commodities,Metals & Mining,Ferrous Metals,Sponge Iron,-2,-3,4,6,3.84|4.26|3.71|1.48|2.56|1.5|-1.06|-0.67,46,-52,0|10|-6|8|-6|12|20|-52|46,9.00,8|0|8|8|11|10|9|7,,,,0|0|0|0|0|0|0|0|0,0|11|58|141|185|228|189|172|541,-2|0|4|5|8|17|13|10|-4
AYM Syntex,https://www.screener.in/company/AYMSYNTEX/,"1,665 Cr.",283,330 / 142,88.6,100,0.00 %,5.35 %,1.13 %,10.0,1.15,1.76,0.20 %,0.02 %,6.80 %,8.05 %,0.48 %,0.85 %,-2.17 %,-5.69 %,-10.4 %,-18.9 %,0.00 %,0.32,-0.13 %,0.00 Cr.,0.00 Cr.,0.00 Cr.,Consumer Discretionary,Textiles,Textiles & Apparels,Other Textile Products,8.67,9.03,1.48,-0.39,0.78|0.58|0.35|-0.61|-0.07|0.25|1.54|1.48,151,108,91|120|59|25|88|79|100|50|118|64|108|151,8.00,10|13|13|8|7|9|10|11|7|7|8|7,,0.03|3.47|3.76|3.81|3.28|3.16|3.42|3.62,0.05|0.4|0.03|0.02|0.41|0.41|0.46|0.48,0|0|0|0|0|0|0|0|0|0|0|0,829|794|779|850|992|1028|947|1491|1458|1358|1489|1365,43|48|41|8|6|17|14|51|7|2|12|7
CL Educate,https://www.screener.in/company/CLEDUCATE/consolidated/,298 Cr.,54.8,103 / 35.5,,46.6,0.00 %,5.30 %,-6.44 %,5.00,1.08,0.63,-0.09 %,0.00 %,8.75 %,6.22 %,-3.10 %,-2.24 %,23.4 %,%,%,-10.1 %,0.00 %,1.08,0.00 %,0.00 Cr.,0.00 Cr.,0.00 Cr.,Consumer Discretionary,Consumer Services,Other Consumer Services,Education,-1.66,-10.39,-16.93,5.19,0.65|-0.49|-3.03|-0.71|0.96|-3.08|-1.9|-0.28,79,16,20|5|129|-126|17|30|26|33|24|26|16|79,8.40,13|11|9|3.6|8|-1.6|-6|10|9|8|6|9,,8.24|8.2|8.12|7.99|8|7.87|7.89|7.8,0|0|0.02|0|0|0|0|0,0|0|0|0|7|-3|0|0|0|0|0|0,273|273|263|289|339|309|182|209|291|312|358|548,21|21|16|6|20|-53|-13|14|23|16|-11|-26
Empower India,https://www.screener.in/company/EMPOWER/consolidated/,277 Cr.,2.38,2.83 / 1.03,14.3,2.77,0.00 %,5.29 %,5.75 %,1.00,1.94,,0.00 %,0.00 %,0.86 %,-0.02 %,11.7 %,4.21 %,151 %,383 %,383 %,178 %,0.00 %,0.11,0.00 %,0.00 Cr.,0.00 Cr.,0.00 Cr.,Information Technology,Information Technology,IT - Software,Computers - Software & Consulting,1.49,13.94,1.07,2.83,0.02|0.01|0|0|0.02|0.01|0.12|0.01,-49,18,15|8|5|-10|-1|14|-23|-16|-1|-6|18|-49,0.92,0.2|-0.1|6|0.2|-20|-483|-1.4|1.9|3.2|0|0.9,,0.03|0.03|0.03|0.03|0.03|0.03|0.03|0.03,,0|0|0|0|0|0|0|0|0|0|0|0,107|103|90|28|1|0|0|6|10|117|124|153,0|0|0|0|0|-13|-8|0|0|7|5|18
Sintercom India,https://www.screener.in/company/SINTERCOM/,212 Cr.,77.1,130 / 63.0,128,37.4,0.00 %,5.29 %,1.40 %,10.0,1.75,1.55,0.04 %,0.00 %,17.3 %,17.2 %,1.42 %,0.74 %,7.00 %,182 %,182 %,17.9 %,5.90 %,0.52,0.00 %,0.00 Cr.,0.00 Cr.,0.00 Cr.,Consumer Discretionary,Automobile and Auto Components,Auto Components,Auto Components & Equipments,0.49,0.53,0.37,0.27,0.04|0.15|0.02|0.09|0.1|0.13|0.19|0.18,6,-3,2|12|12|21|13|-5|-1|10|1|-3|6,15.20,20|23|20|24|22|14|8|10|15|17|17|17,,0.03|0.03|0.03|0.03|0.03|0.03|0|0.04,,0|0|0|0|0|0|0|0|0|0|0|0,38|63|65|74|83|54|47|60|82|88|90|101,-1|1|1|5|6|-3|-5|-4|0|1|1|1
Zee Media,https://www.screener.in/company/ZEEMEDIA/consolidated/,480 Cr.,7.32,13.3 / 6.65,142,3.58,0.00 %,5.27 %,3.00 %,1.00,0.65,0.86,3.71 %,-0.07 %,13.9 %,-2.90 %,0.88 %,-18.6 %,1.75 %,29.4 %,29.4 %,-43.1 %,0.00 %,0.37,-0.44 %,0.00 Cr.,0.00 Cr.,0.00 Cr.,Consumer Discretionary,"Media, Entertainment & Publication",Entertainment,TV Broadcasting & Software Production,-12,-27,53,-16,-0.8|-0.36|-0.59|-0.14|-0.25|0.84|-0.42|-0.18,98,64,-18|34|95|66|59|164|123|230|146|77|64|98,8.62,7|14|22|19|23|29|34|30|8|-6|-2.9|14,,8.78|12.06|13.65|15.97|16|15|16.04|19.75,0|4.24|4.22|4.25|4.25|4.19|4.19|4.12,0|-78|0|0|0|0|0|0|0|0|0|0,544|543|450|573|687|632|649|867|721|638|622|759,-43|-5|-16|28|-6|-271|76|-118|-69|-98|-119|2
Kuantum Papers,https://www.screener.in/company/KUANTUM/,687 Cr.,78.8,121 / 65.0,19.0,141,3.17 %,5.24 %,3.45 %,1.00,0.66,2.01,-0.01 %,0.00 %,14.9 %,22.3 %,3.85 %,10.6 %,-5.84 %,-38.2 %,-38.2 %,64.7 %,0.00 %,0.71,0.00 %,21.8 Cr.,26.2 Cr.,20.1 Cr.,Commodities,Forest Materials,"Paper, Forest & Jute Products",Paper & Paper Products,6.23,14.34,9.78,5.77,3.43|2.4|2.99|1.38|0.66|1.12|1.64|0.71,219,177,32|57|73|131|136|75|80|48|375|298|177|219,21.80,13|12|19|21|20|16|7|14|29|29|22|15,,0.08|0.15|0.08|0|0|0.02|0.05|0.04,0|0|0|0|0|0|0|0,3|4|3|3|6|3|0|0|19|14|23|52,499|526|608|704|793|745|404|830|1310|1211|1107|1093,25|25|59|73|78|72|-13|13|136|184|115|42
Galaxy Bearings,https://www.screener.in/company/526073/,290 Cr.,913,"1,096 / 412",78.3,346,0.00 %,5.24 %,3.04 %,10.0,2.14,3.52,0.00 %,0.00 %,9.64 %,18.5 %,4.89 %,13.0 %,-17.1 %,-40.8 %,-40.8 %,-15.6 %,0.00 %,0.16,0.00 %,0.00 Cr.,0.00 Cr.,0.00 Cr.,Industrials,Capital Goods,Industrial Products,Abrasives & Bearings,2.99,1.08,1.79,-2.15,14.87|4.81|13.02|8.14|-6.76|5.63|3.4|9.4,19.79,-1.91,3.41|3.73|6.45|3.18|-1.55|14.07|6.81|2.09|24.22|5.27|-1.91|19.79,16.05,16|13.25|16.11|11.77|14.1|14.77|18.59|17.73|17.78|16.6|18.52|9.64,,0.21|0.27|0.27|0.27|0.27|0.22|0.12|0.12,0.36|0.36|0.36|0.36|0.36|0.36|0.36|0.36,0|0|0|0|0|0|0|0|0|0|0|0,43.3|36.69|43.38|52.35|74.34|48.2|62.67|104.09|118.68|127.12|104.22|67.51,2.87|1.6|2.98|3.61|6.59|5.6|7.86|13.29|15.95|18.84|13.71|3.31
Majestic Auto,https://www.screener.in/company/MAJESAUT/consolidated/,378 Cr.,363,501 / 274,13.0,643,6.89 %,5.24 %,3.51 %,10.0,7.43,9.92,0.00 %,0.00 %,13.2 %,43.7 %,64.3 %,13.6 %,-10.6 %,81.1 %,81.1 %,2.44 %,0.00 %,0.02,0.00 %,62.4 Cr.,10.4 Cr.,19.2 Cr.,Services,Services,Commercial Services & Supplies,Diversified Commercial Services,18,-3,5,76,7.22|-2.9|-7.45|12.61|72.82|5.24|-2.53|17.43,-7,100,-17|20|24|44|99|40|41|17|32|79|100|-7,46.60,-17|0.4|25|36|54|62|70|61|50|65|44|13,,0.02|0.02|0.02|0.02|0.02|0.02|0.02|0.02,0.03|0.03|0.03|0.03|0.03|0.03|0.03|0.03,0|0|0|0|0|0|39|0|206|49|153|68,114|138|57|56|117|69|57|49|50|83|64|35,24|11|-10|-3|45|-21|22|11|5|33|9|93
Bluspring Enter.,https://www.screener.in/company/BLUSPRING/consolidated/,"1,844 Cr.",123,140 / 42.0,122,44.8,0.00 %,5.22 %,-0.53 %,10.0,1.33,1.60,-0.02 %,-0.07 %,1.60 %,2.37 %,-0.16 %,-0.97 %,%,%,%,%,0.00 %,0.20,-0.11 %,0.00 Cr.,0.00 Cr.,Cr.,Services,Services,Commercial Services & Supplies,Diversified Commercial Services,-1.59,3.82,-23.24,3.52,-0.32|0.35|-1.34|0.28|-0.03,52,-22,-84|-84|-22|52,2.45,2.9|2.9|2.4|1.6,,8.83|5.83|5.49|5.71|5.69,8.41|8.95|8.81|8.71|8.64,0|0|0|0,2682|2682|3484|3382,-156|-156|-179|-23
Best Agrolife,https://www.screener.in/company/BESTAGRO/consolidated/,656 Cr.,18.5,34.4 / 12.3,22.2,21.7,0.54 %,5.15 %,1.11 %,1.00,1.53,1.71,0.03 %,0.02 %,7.96 %,11.0 %,0.67 %,3.85 %,-10.4 %,-64.7 %,-64.6 %,-26.6 %,0.00 %,0.58,0.00 %,3.55 Cr.,7.09 Cr.,5.91 Cr.,Commodities,Chemicals,Fertilizers & Agrochemicals,Pesticides & Agrochemicals,41,-37,-13,39,2.67|-0.68|-0.62|0.56|1.1|-0.36|-1.05|1.15,97,228,-14|-41|13|-60|-180|36|228|97,12.60,0.5|-1.4|6|14|18|12|11|8,,8.03|5.11|5.8|5.75|5.75|5.63|5.53|5.56,2.67|2.74|2.74|2.74|2.11|2.11|2.11|2.13,0|798|12|5|4|7|10|40,127|151|905|1211|1746|1873|1814|1257,0|0|37|105|192|106|70|9
Goodricke Group,https://www.screener.in/company/500166/,504 Cr.,234,250 / 142,10.4,141,0.86 %,5.11 %,6.31 %,10.0,1.38,10.1,0.07 %,0.00 %,2.43 %,2.07 %,2.26 %,0.79 %,-3.16 %,217 %,217 %,-1.51 %,0.00 %,0.06,0.00 %,4.32 Cr.,0.00 Cr.,2.16 Cr.,Fast Moving Consumer Goods,Fast Moving Consumer Goods,Agricultural Food & other Products,Tea & Coffee,41,-29,8,44,27.9|-7.47|-16.93|1.48|20.15|3.72|-13.52|18.92,68,43,22|68|60|24|40|40|18|67|10|-25|43|68,0.56,6|2|7|6|4.1|3.9|5|3.2|1.1|-6|2.1|2.4,,0|0|0|0|0|0|0.18|0.25,,44|-71|29|31|91|0|33|123|0|0|0|17,602|733|679|731|749|791|892|823|882|824|929|801,22|-12|33|32|9|16|20|5|0|-69|20|26
Forbes & Co,https://www.screener.in/company/502865/consolidated/,441 Cr.,342,463 / 242,36.3,155,0.00 %,5.11 %,1.67 %,10.0,1.18,27.2,0.00 %,0.25 %,9.98 %,13.0 %,4.60 %,55.3 %,17.7 %,28.9 %,28.9 %,-38.4 %,98.2 %,0.03,0.00 %,0.00 Cr.,0.00 Cr.,16.8 Cr.,Consumer Discretionary,Consumer Durables,Consumer Durables,Household Appliances,3.60,-1.97,4.19,6.33,3.98|7.36|79.72|3.77|4.91|3.25|-1.53|2.79,-6,-11,98|120|67|170|207|229|366|201|55|-20|-11|-6,-5.08,3.6|1.2|3.5|4.6|5|1.1|12|10|-63|4.6|13|10,,11.3|10.16|8.24|8.24|8.24|8.24|8.24|8.24,0.1|0.1|0.19|0.19|0.19|0.19|0.11|0.36,0|0|4|-17|93|0|0|0|44|0|0|0,3546|3231|2999|2822|2853|2731|932|515|47|125|199|76,37|-48|89|-32|-3|-338|-117|4229|192|-4|123|13
VTM,https://www.screener.in/company/VTMLTD/,478 Cr.,47.5,103 / 39.2,43.3,31.3,1.79 %,5.09 %,4.09 %,1.00,2.15,7.58,0.00 %,-0.04 %,7.49 %,19.4 %,3.42 %,12.3 %,21.2 %,25.8 %,25.8 %,9.30 %,0.00 %,0.24,0.00 %,7.54 Cr.,4.02 Cr.,4.40 Cr.,Consumer Discretionary,Textiles,Textiles & Apparels,Other Textile Products,1.93,0.90,3.38,2.32,0.97|1.81|1.21|0.46|0.23|0.34|0.09|0.19,1,-38,-3|33|17|1|10|25|11|7|22|-12|-38|1,11.60,8|9|7|9|9|10|11|12|8|12|19|7,,,0|0.45|1.31|1.31|1.31|1.75|1.71|1.71,32|32|37|39|35|30|25|24|31|22|9|67,168|154|150|165|160|161|143|194|209|208|345|372,8|9|8|8|10|12|10|15|9|18|45|11
PropshareTitania,https://www.screener.in/company/544462/consolidated/,482 Cr.,"10,80,000","11,90,000 / 10,45,000",831,"9,57,689",6.61 %,5.09 %,-2.51 %,"10,60,000",6.64,19.8,%,%,55.9 %,%,-17.8 %,%,%,%,%,%,0.00 %,0.00,%,26.9 Cr.,0.00 Cr.,Cr.,Consumer Discretionary,Realty,Realty,Real Estate Investment Trusts (REITs),5.98,-11.91,7.08,-0.57,-1266.67|15733.33|-26466.67|13288.89,10.89,0.00,0|10.89,55.94,55.94,,,,0|-496.67,0|30.39,-0.02|-5.41
Delta Corp,https://www.screener.in/company/DELTACORP/consolidated/,"1,562 Cr.",58.3,86.5 / 48.3,10.1,84.1,0.86 %,5.08 %,3.52 %,1.00,1.27,16.0,-0.43 %,0.00 %,19.8 %,26.6 %,12.6 %,-2.38 %,-10.6 %,-30.9 %,-31.0 %,43.3 %,0.00 %,0.02,0.00 %,13.4 Cr.,33.5 Cr.,29.4 Cr.,Consumer Discretionary,Consumer Services,Leisure Services,Amusement Parks/ Other Recreation,-213,16,14,25,1.01|1.33|6.15|1.1|0.94|0.53|0.61|-7.94,135,49,84|117|131|228|101|319|57|127|154|170|49|135,29.00,22|35|36|41|40|37|5|23|38|37|27|20,,1.25|1.02|1.48|2.69|2.14|1.64|1.61|1.18,8.61|8.36|7.75|6.27|2.62|0.24|0.24|0.24,-232|12|11|17|9|22|-111|50|13|14|13|16,300|375|455|608|798|773|419|616|964|848|730|688,-28|36|71|155|196|185|-26|68|262|245|249|85
Indag Rubber,https://www.screener.in/company/509162/consolidated/,308 Cr.,117,147 / 77.4,22.5,88.0,2.04 %,5.07 %,4.44 %,2.00,1.72,13.4,0.00 %,0.00 %,3.93 %,0.84 %,3.76 %,2.03 %,%,%,%,-1.69 %,0.00 %,0.08,0.00 %,6.30 Cr.,6.30 Cr.,Cr.,Consumer Discretionary,Automobile and Auto Components,Auto Components,Tyres & Rubber Products,5.04,1.83,2.34,2.86,1.34|0.18|0.41|0.51|1.23|1.05|1.02|1.93,9,3,8|17|0|10|15|8|18|3|9,4.18,16|12|9|9|9|0.2|7|0.8|3.9,,0|0|0|0|0|0|0|0,0|0|0|0|0|0|0|0,29|40|59|47|248|304|49|96|62,185|168|173|187|170|167|251|228|215,22|16|11|14|3|2|16|5|8
SEPC,https://www.screener.in/company/SEPC/consolidated/,"1,002 Cr.",5.23,13.7 / 4.63,37.2,10.2,0.00 %,5.03 %,3.18 %,10.0,2.54,2.34,0.08 %,0.00 %,7.36 %,10.7 %,5.17 %,5.80 %,40.7 %,35.7 %,35.8 %,17.5 %,79.4 %,0.18,-7.00 %,0.00 Cr.,0.00 Cr.,0.00 Cr.,Industrials,Construction,Construction,Civil Construction,-11,14,15,8,0.01|0.02|0.05|0.09|0.04|0.08|0.07|-0.06,-263,-133,-299|12|28|302|-7|-50|-72|21|-121|-133|-263,-0.40,-12|5|1.1|1.9|5|4.9|-10|-11|-15|6|11|7,,0.76|0.64|0.65|0.68|0.62|0.6|0.96|1.04,19|19.15|19.14|15.75|14.52|14.55|13.91|13.91,0|0|0|0|0|0|0|0|0|0|0|0,548|548|744|829|1202|1208|583|329|379|561|598|1054,-266|-204|-137|-2|31|-77|-179|-264|-5|23|25|54
Nahar Capital,https://www.screener.in/company/NAHARCAP/consolidated/,414 Cr.,248,320 / 191,3.48,960,0.61 %,5.03 %,3.98 %,5.00,0.70,145,0.00 %,0.00 %,73.1 %,79.2 %,131 %,107 %,13.2 %,-16.0 %,-16.0 %,0.70 %,0.00 %,0.01,0.00 %,2.51 Cr.,2.51 Cr.,3.01 Cr.,Financial Services,Financial Services,Finance,Investment Company,67,18,13,20,6.23|3.88|12.67|6.86|12.17|7.81|10.86|40.27,11,-0,8|4|-8|-23|29|138|-55|-69|-23|-13|0|11,68.00,90|69|90|68|61|25|88|81|76|31|79|73,,0.34|0.36|0.32|0.32|0.32|0.31|0.31|0.31,0.02|0.37|0.37|0.37|0.37|0.37|0.36|0.36,13|6|4|13|10|23|4|2|2|21|5|4,24|18|30|27|24|18|46|42|33|52|46|48,19|40|63|19|25|4|61|226|107|12|50|63
Subam Papers,https://www.screener.in/company/544267/consolidated/,561 Cr.,204,244 / 127,171,145,0.00 %,5.02 %,3.00 %,10.0,1.32,1.21,0.00 %,0.38 %,7.68 %,12.3 %,1.54 %,4.96 %,4.74 %,187 %,48.5 %,-54.0 %,0.00 %,0.42,-0.18 %,0.00 Cr.,0.00 Cr.,0.00 Cr.,Industrials,Capital Goods,Industrial Products,Packaging,-0.52,-2.46,-0.51,5.78,1.98|1.99|2.55|0.06|-0.88|-0.13,35,32,20|32|-3|69|42|32|35,10.40,13|18|12|6|14|12|8,,6.13|2.31|1.32|0.31|0.19|0.19,5.06|3.66|3.05|3.44|4.58|4.96,0|0|0|0|0|0|0,243|268|329|508|494|539|584,23|23|26|0|33|27|9
Dhampur Bio,https://www.screener.in/company/DBOL/consolidated/,772 Cr.,116,139 / 69.0,30.2,155,1.29 %,4.98 %,2.61 %,10.0,1.16,1.82,-0.25 %,0.03 %,6.32 %,7.24 %,1.26 %,0.85 %,-4.31 %,-37.9 %,-37.9 %,%,0.00 %,1.03,0.13 %,9.96 Cr.,8.30 Cr.,11.6 Cr.,Fast Moving Consumer Goods,Fast Moving Consumer Goods,Agricultural Food & other Products,Sugar,37,46,17,-16,-3.52|-1.03|6.75|-3.31|-2.41|2.55|6.97|5.54,220,130,0|-246|368|-101|130|220,8.20,12|8|8|7|6,,0.83|0.66|0.54|0.43|0.35|0.45|0.54|0.29,1.35|0.45|0.45|0.45|0.45|0.79|0.79|0.82,0|0|21|36|56|40,0|1564|2408|1864|1862|2109,0|102|111|46|15|25
Mac Charles(I),https://www.screener.in/company/MCCHRLS-B/consolidated/,858 Cr.,655,799 / 512,,-8.01,0.00 %,4.96 %,-143 %,10.0,3.16,0.59,0.00 %,0.00 %,71.8 %,-290 %,-59.6 %,"-1,137 %",114 %,%,%,%,0.00 %,10.3,0.00 %,0.00 Cr.,0.00 Cr.,0.00 Cr.,Consumer Discretionary,Consumer Services,Leisure Services,Hotels & Resorts,-19,-15,-63,-17,-18.21|-17.19|-27.87|-15.98|-12.64|-48.43|-11.71|-14.82,-65,-113,19|0|21|28|23|36|7|-18|-15|-21|-113|-65,-62.20,26|36|47|40|15|-4.6|47|38|-20|-111|-290|72,,,0.02|0.02|0.02|0.02|0.02|0.02|0.02|0.02,40|38|45|60|47|0|0|0|0|0|0|0,53|59|72|78|31|30|23|22|11|11|10|110,26|35|29|22|28|-17|1|111|43|-66|-106|-116
RPP Infra Proj.,https://www.screener.in/company/RPPINFRA/consolidated/,267 Cr.,53.8,142 / 53.0,129,108,0.93 %,4.94 %,1.74 %,10.0,1.56,1.15,-0.10 %,-0.01 %,1.01 %,6.89 %,0.62 %,4.61 %,12.8 %,-29.6 %,-36.1 %,-14.6 %,26.8 %,0.20,0.00 %,0.00 Cr.,0.00 Cr.,0.00 Cr.,Industrials,Construction,Construction,Civil Construction,2.77,-13.13,0.68,13.82,3.82|3.81|2.35|2.19|2.79|0.14|-2.65|0.56,7,8,19|37|34|70|-29|58|52|33|38|44|8|7,4.06,13|15|13|13|11|9|7|3.2|4.3|4.8|7|1,,0.48|0.8|0.52|0.4|0.09|0|0.12|0.02,0|0|0.01|0.01|0.02|0.01|0.01|0,7|6|5|10|0|0|0|0|0|0|0|0,266|314|366|499|581|600|513|802|1040|1353|1439|1495,17|19|23|12|23|18|16|5|29|57|65|7
IFGL Refractori.,https://www.screener.in/company/IFGLEXPOR/consolidated/,"1,435 Cr.",199,340 / 120,33.5,163,1.08 %,4.92 %,3.22 %,10.0,2.18,5.13,0.00 %,-0.26 %,7.23 %,7.85 %,1.94 %,2.60 %,11.0 %,-22.8 %,-22.8 %,-11.0 %,0.00 %,0.18,0.00 %,15.5 Cr.,25.2 Cr.,23.3 Cr.,Industrials,Capital Goods,Industrial Products,Electrodes & Refractories,17,14,-3,13,1.68|-0.3|1.17|1.5|1.76|-0.43|1.98|2.37,63,28,28|41|109|150|139|4|6|152|28|63,9.20,13|13|12|10|15|11|11|9|8|7,,0.18|0.13|0.12|0.04|0.03|0.04|0.03|0.03,14|13.72|13.62|13.54|13.51|13.51|13.27|13.01,1|15|18|46|55|33|32|31|59|45,766|835|950|917|1022|1260|1386|1639|1653|1894,50|47|50|19|66|77|79|82|43|35
Peninsula Land,https://www.screener.in/company/PENINLAND/consolidated/,510 Cr.,15.4,37.6 / 13.8,,2.15,0.00 %,4.91 %,-16.0 %,2.00,0.87,0.26,-0.11 %,0.00 %,2.48 %,4.81 %,-17.3 %,-11.7 %,-48.0 %,%,%,13.1 %,0.00 %,4.24,0.00 %,0.00 Cr.,0.00 Cr.,0.00 Cr.,Consumer Discretionary,Realty,Realty,"Residential, Commercial Projects",-7.72,-118.32,-11.98,-18.56,0.11|-0.29|-0.87|-0.15|-0.56|-0.36|-3.56|-0.23,57,-44,-691|-111|-178|343|375|574|189|346|300|180|-44|57,12.46,-10|-58|-45|-22|-113|-78|-13|21|11|23|4.8|2.5,,0.26|0.27|0.27|0.23|0.14|0.11|0.14|0.03,0.34|0.34|0.34|0.34|0.33|0.33|0.33|0.33,-98|-12|0|0|0|0|0|0|0|0|0|0,167|114|270|498|328|481|264|434|993|566|252|140,-11|-49|-222|-452|-599|-512|-32|-111|96|128|-36|-154
BF Investment,https://www.screener.in/company/BFINVEST/consolidated/,"1,677 Cr.",445,587 / 315,4.30,"2,267",2.25 %,4.86 %,3.65 %,5.00,42.4,,0.04 %,0.00 %,83.9 %,88.5 %,369 %,354 %,34.7 %,2.84 %,2.84 %,1.10 %,0.00 %,0.00,0.00 %,0.00 Cr.,0.00 Cr.,0.00 Cr.,Financial Services,Financial Services,Finance,Holding Company,146,114,89,40,9.56|1.86|-0.88|10.21|10.61|23.73|30.33|38.76,33,21,0|51|-2|-25|-3|-6|6|0|9|21|33,83.60,8|7|71|76|73|65|78|82|85|89|84,,0.75|0.77|0.74|0.75|0.66|0.66|0.66|0.7,0.01|0.22|0.22|0.02|0.28|0.14|0.14|0.14,0|0|0|0|0|0|0|0|0|0|0,983|1074|11|19|22|16|20|31|43|63|76,132|135|160|126|144|267|198|259|434|222|282
Sundaram Brake,https://www.screener.in/company/SUNDRMBRAK/,274 Cr.,696,920 / 458,76.3,259,0.09 %,4.85 %,2.54 %,10.0,1.39,2.45,0.00 %,0.00 %,2.69 %,4.13 %,0.74 %,1.47 %,-0.97 %,36.4 %,36.4 %,-15.7 %,0.00 %,0.45,0.00 %,0.26 Cr.,0.59 Cr.,0.33 Cr.,Consumer Discretionary,Automobile and Auto Components,Auto Components,Auto Components & Equipments,0.48,7.47,-1.24,-3.12,3.74|2.26|3.35|-1.35|-7.93|-3.15|18.99|1.22,21,0,-1|8|19|4|3|17|-4|-2|1|15|0|21,2.72,0.3|2.9|3.8|2.9|4|2.2|3.4|1.1|0.7|5|4.1|2.7,,0.01|0.02|0|0.01|0|0|0|0,,0|0|0|0|0|0|0|0|0|8|11|10,237|228|228|247|286|258|237|295|355|352|352|345,-15|0|2|4|7|3|6|0|-5|10|5|3
Gayatri Projects,https://www.screener.in/company/GAYAPROJ/consolidated/,"1,148 Cr.",24.7,27.3 / 11.0,9.19,32.4,0.00 %,4.85 %,%,2.00,1.93,11.6,16.1 %,-2.07 %,-0.03 %,0.55 %,-1.21 %,33.8 %,-5.93 %,25.8 %,25.8 %,%,4.89 %,0.51,19.6 %,0.00 Cr.,0.00 Cr.,0.00 Cr.,Industrials,Construction,Construction,Civil Construction,37,-111,"2,157",-3,-1.07|-0.11|8.48|-0.03|-0.18|115.23|-5.93|0.8,490,305,-24|470|234|213|516|361|228|-695|-863|-110|305|490,-11.28,23|12|15|15|15|10|11|-13|-72|28|0.6|0,,3.92|3.92|1.91|1.91|1.91|1.91|1.91|17.99,1.07|1.07|2.75|2.75|2.75|2.75|2.75|0.68,-10|-26|0|0|0|0|0|0|0|0|0|0,1501|1726|2115|2912|3463|3439|3901|3102|1017|680|450|847,-48|-27|0|-20|160|-58|43|-958|-1504|41|124|2042
Allcargo Logist.,https://www.screener.in/company/ALLCARGO/consolidated/,"1,664 Cr.",11.1,16.2 / 7.10,36.2,3.83,9.90 %,4.83 %,0.88 %,2.00,1.06,1.48,-0.71 %,-0.47 %,11.4 %,10.3 %,0.24 %,1.89 %,-51.5 %,-79.7 %,-82.4 %,-55.7 %,0.00 %,1.21,0.00 %,0.00 Cr.,315 Cr.,113 Cr.,Services,Services,Transport Services,Logistics Solution Provider,14,20,2,9,0.17|-0.06|0.25|-0.09|0.09|0.01|0.13|0.09,314,275,416|440|359|308|324|319|330|850|1583|-146|275|314,7.52,9|9|8|6|7|7|6|7|6|3.6|10|11,,10.99|10.9|11.17|8.83|8.83|8.2|7.27|6.56,2.75|2.25|2.23|2.25|2.25|3.17|2.29|1.82,11|21|21|29|36|33|28|8|13|66|485|0,5629|5641|5583|6049|6895|7346|10498|19062|18051|12969|1961|2058,249|248|238|174|248|234|95|965|653|140|65|8
Hypersoft Tech.,https://www.screener.in/company/539724/consolidated/,"1,286 Cr.",152,230 / 51.2,314,25.9,0.00 %,4.83 %,3.70 %,10.0,1.22,178,0.00 %,0.00 %,7.03 %,5.34 %,5.68 %,2.61 %,%,%,%,%,0.00 %,0.00,0.00 %,0.00 Cr.,0.00 Cr.,Cr.,Information Technology,Information Technology,IT - Software,Computers - Software & Consulting,10,3,-2,0,0|-1.1|0.31|1.2,-13.05,0.35,0.35|-13.05,6.19,5.34|7.03,,,,0|0,8.05|72.07,0.21|4.09
Shah Metacorp,https://www.screener.in/company/SHAH/consolidated/,326 Cr.,3.28,5.85 / 2.56,24.7,3.09,0.00 %,4.82 %,5.17 %,1.00,20.6,7.21,1.04 %,0.93 %,0.84 %,6.34 %,5.84 %,5.51 %,73.4 %,94.7 %,40.4 %,15.6 %,0.00 %,0.78,3.36 %,0.00 Cr.,0.00 Cr.,0.00 Cr.,Industrials,Capital Goods,Industrial Products,Iron & Steel Products,3.52,8.14,0.72,0.80,0.04|0.05|0.06|0.03|0.01|0.01|0.08|0.04,,-47,-7|-3|4|20|8|4|-19|-21|0|-32|-47,-9.50,8|1.5|7|-2.8|-6|-20|-651|-48|-10|3.7|6|0.8,,0|0|0|0|0.01|0|1.09|1.04,0|0|0.05|0.04|0.04|0.04|1.02|0.97,0|0|0|0|0|0|0|0|0|0|0|0,182|164|173|95|148|65|13|20|40|97|176|208,0|-13|-6|-18|-20|-14|-74|-6|2|4|33|12
National Standar,https://www.screener.in/company/NATIONSTD/,220 Cr.,110,"2,338 / 98.3",19.6,141,0.00 %,4.79 %,3.49 %,10.0,97.0,,0.00 %,0.00 %,-30.7 %,0.72 %,47.3 %,59.1 %,5.58 %,5.40 %,5.40 %,3.90 %,0.00 %,0.00,0.00 %,0.00 Cr.,0.00 Cr.,0.00 Cr.,Consumer Discretionary,Realty,Realty,"Residential, Commercial Projects",2.54,1.16,3.25,4.26,2.4|1.08|1.8|0.5|2.13|1.62|0.58|1.27,-6,-8,54|78|-12|-20|7|2|1|3|13|-1|-8|-6,10.54,44|48|53|29|-36|-15|10|58|9|16|0.7|-31,,,,0|0|0|0|0|0|0|0|0|0|0|0,148|184|111|35|14|5|17|25|17|21|22|20,42|61|41|11|5|7|11|25|8|15|13|10
NIBE,https://www.screener.in/company/NIBE/consolidated/,"1,995 Cr.","1,287","1,850 / 810",,233,0.10 %,4.79 %,1.94 %,10.0,1.48,0.23,2.80 %,0.23 %,9.43 %,11.8 %,0.01 %,5.41 %,65.2 %,25.2 %,15.9 %,%,0.00 %,0.34,-1.93 %,1.94 Cr.,1.79 Cr.,Cr.,Industrials,Capital Goods,Aerospace & Defense,Aerospace & Defense,-12,28,-19,-10,6.38|1.45|5.34|1.31|-5.82|-11.76|19.56|-7.23,-35,25,-31|18|25|-35,11.25,11|13|12|9,,8.27|8.72|7.81|4.77|5.99|8.67|10.59|11.47,0.46|0.45|0.59|0.7|0.35|0.35|0.55|0.58,7|7|7|34,105|282|507|474,2|19|27|0
Camlin Fine,https://www.screener.in/company/CAMLINFINE/consolidated/,"1,869 Cr.",97.3,234 / 95.6,,54.2,0.00 %,4.78 %,3.75 %,1.00,1.27,0.61,-0.03 %,-2.28 %,6.85 %,14.0 %,1.88 %,-9.23 %,0.82 %,-13.8 %,-16.2 %,-11.8 %,16.2 %,0.69,0.00 %,0.00 Cr.,0.00 Cr.,0.00 Cr.,Commodities,Chemicals,Chemicals & Petrochemicals,Specialty Chemicals,-34,86,-37,-15,-5.33|-0.22|-0.04|-0.53|-0.76|-1.89|4.59|-1.65,82,23,46|72|-9|-15|-9|86|117|145|51|139|23|82,11.40,15|19|6|2.2|8|13|16|11|13|12|14|7,,0.81|0.76|1.47|2.88|2.11|2.12|0.94|0.91,4.23|3.38|3.83|4.14|5.48|7.77|7.7|5.42,8|12|0|0|0|0|0|0|0|0|0|0,558|489|534|721|892|1049|1187|1412|1682|1454|1629|1723,55|36|-4|-24|3|30|65|60|40|-105|-158|24
Shivalik Rasayan,https://www.screener.in/company/SHIVALIK/consolidated/,597 Cr.,372,484 / 206,43.6,380,0.13 %,4.76 %,2.18 %,5.00,2.01,3.54,-3.28 %,0.01 %,12.8 %,13.1 %,4.88 %,7.10 %,16.2 %,-15.8 %,-18.1 %,-9.22 %,0.00 %,0.20,-0.83 %,0.79 Cr.,0.79 Cr.,0.76 Cr.,Commodities,Chemicals,Fertilizers & Agrochemicals,Pesticides & Agrochemicals,4.50,7.18,3.67,4.31,2.58|3.39|2.62|1.02|1.94|1.71|2.88|2.16,-34,-9,4|12|8|-7|-8|6|59|11|-19|-8|-9|-34,16.40,7|9|15|16|14|16|19|22|19|15|13|13,,4.33|4.28|4.36|4.38|3.9|4.2|1.2|0.92,0.88|0.64|0.56|0.48|0.12|0|0.02|0.01,0|0|4|3|5|2|4|3|3|6|5|6,41|110|123|155|171|186|198|215|234|273|312|368,2|3|8|15|21|22|25|34|30|18|22|18
Zim Laboratories,https://www.screener.in/company/ZIMLAB/consolidated/,727 Cr.,136,145 / 59.3,197,55.4,0.00 %,4.76 %,1.59 %,10.0,1.45,1.38,0.03 %,1.27 %,8.02 %,11.5 %,1.16 %,3.15 %,-2.06 %,-43.7 %,-45.5 %,-18.5 %,0.00 %,0.43,0.01 %,0.00 Cr.,0.00 Cr.,0.00 Cr.,Healthcare,Healthcare,Pharmaceuticals & Biotechnology,Pharmaceuticals,-4.02,3.74,4.40,-0.42,0.49|0.82|1|-0.38|-0.09|0.9|0.7|-0.75,50,41,22|32|37|35|22|32|49|38|16|41|50,11.20,-4.4|11|13|13|13|8|13|12|13|11|12|8,,0|0.21|0.01|0.03|0|0.02|0|0.03,0|0.24|0.24|0.24|0.24|0.2|0.07|1.34,0|16|4|4|5|0|0|0|0|0|0|0,266|269|235|273|335|278|307|333|399|367|379|374,-22|5|19|19|15|3|7|15|24|17|12|6
Chandrima Mercan,https://www.screener.in/company/540829/,459 Cr.,13.8,17.2 / 4.12,184,3.02,0.00 %,4.73 %,3.96 %,1.00,40.9,,0.00 %,0.00 %,6.13 %,2.40 %,5.16 %,2.50 %,52.5 %,485 %,171 %,16.1 %,0.00 %,0.06,0.00 %,0.00 Cr.,0.00 Cr.,0.00 Cr.,Services,Services,Commercial Services & Supplies,Trading & Distributors,0.05,-2.20,0.41,4.23,0.02|0.01|-0.03|0.01|0.13|0.01|-0.07|0,-57.51,-38.26,0|-2.31|-0.06|-0.58|0.08|-0.52|-0.23|3.17|-3.53|5.41|-38.26|-57.51,3.43,-60|-10.34|-0.38|-1.54|-26.49|0.05|0.05|8.51|2.4|6.13,,,,0|0|0|0|0|0|0|0|0|0,0.05|0.29|2.64|0.65|0|0|13.97|19.81|21.88|19.39|29.19|77.54,0.01|0.01|0.03|0|0.01|0|-3.7|0.02|0.02|0.26|0.73|4
Om Infra,https://www.screener.in/company/OMINFRAL/consolidated/,754 Cr.,78.3,144 / 71.5,23.4,79.2,0.64 %,4.70 %,2.73 %,1.00,1.50,2.68,0.00 %,0.00 %,5.65 %,2.83 %,4.11 %,3.11 %,-14.5 %,48.2 %,48.2 %,18.5 %,0.00 %,0.11,0.00 %,4.82 Cr.,3.85 Cr.,3.18 Cr.,Industrials,Construction,Construction,Civil Construction,11,6,8,7,0.41|0.48|1.54|-0.1|0.65|0.84|0.67|1.19,-4,6,62|128|-18|90|-10|-21|17|19|25|83|6|-4,6.90,17|30|19|22|18|8|19|14|4.7|7|2.8|6,,0.06|0.03|0.04|0.02|0.11|0.11|0.11|0.11,3.92|4.06|4.06|4.06|4.06|4.06|4.06|4.06,7|10|15|9|15|13|43|9|37|0|11|23,335|239|244|306|213|187|236|313|799|1114|713|500,28|29|13|39|16|15|9|26|13|47|36|21
Hardwyn India,https://www.screener.in/company/HARDWYN/,626 Cr.,9.16,20.2 / 7.61,52.5,5.93,0.00 %,4.70 %,3.18 %,1.00,2.14,15.9,-0.33 %,0.00 %,12.7 %,12.2 %,7.94 %,7.62 %,8.75 %,12.1 %,12.0 %,37.0 %,0.00 %,0.02,0.00 %,0.00 Cr.,0.00 Cr.,0.00 Cr.,Consumer Discretionary,Consumer Durables,Consumer Durables,"Furniture, Home Furnishing",2.72,3.42,1.64,4.15,0.06|0.06|0.03|0.05|0.06|0.02|0.05|0.04,7,1,-7|-9|6|-4|0|4|2|1|7,10.80,0.6|0.6|4.2|3.6|6|11|12|12|13,,0.07|0.91|0.01|0.01|0.63|0.64|0.22|0.31,,0|0|0|0|0|0|0|0|0,18|42|12|57|84|124|135|141|160,0|0|0|2|3|9|10|11|13
Rushil Decor,https://www.screener.in/company/RUSHIL/,506 Cr.,17.3,32.8 / 12.5,21.2,22.2,0.29 %,4.68 %,1.27 %,1.00,1.15,2.06,-0.16 %,0.00 %,8.27 %,11.8 %,0.95 %,5.14 %,0.72 %,-52.8 %,-54.4 %,-10.7 %,0.00 %,0.40,0.00 %,14.7 Cr.,2.87 Cr.,4.44 Cr.,Consumer Discretionary,Consumer Durables,Consumer Durables,Plywood Boards/ Laminates,2.03,10.23,5.67,5.97,0.42|0.42|0.45|-0.47|0.2|0.19|0.35|0.07,89,108,37|33|28|50|19|47|77|-7|115|41|108|89,12.80,10|12|16|16|11|11|10|12|18|14|12|8,,1.95|1.96|1.35|1.18|1.24|1.23|1.29|1.13,0|0.07|0.06|0.06|0.06|0.06|0.06|0.06,0|10|3|2|5|3|7|4|1|6|6|179,276|297|306|344|344|336|335|624|838|844|891|856,-1|7|25|31|14|23|14|23|78|43|48|8
Vascon Engineers,https://www.screener.in/company/VASCONEQ/consolidated/,703 Cr.,30.4,74.6 / 26.8,24.7,49.6,0.00 %,4.68 %,2.22 %,10.0,1.91,3.34,-0.18 %,0.00 %,5.64 %,8.18 %,2.62 %,4.00 %,-2.37 %,-36.6 %,-37.9 %,19.6 %,0.00 %,0.26,0.00 %,0.00 Cr.,0.00 Cr.,2.19 Cr.,Consumer Discretionary,Realty,Realty,"Residential, Commercial Projects",2.01,5.72,9.28,11.43,0.46|3.34|1.54|0.99|0.51|0.41|0.25|0.09,-122,5,78|38|28|10|56|38|70|33|104|-22|5|-122,7.90,-15|6|-1.1|1.4|1.6|11|-2.5|3.5|12|10|8|6,,0.55|0.54|0.72|0.5|1.89|0.48|0.51|0.33,0|0|0|0|0|0|0|0,0|0|0|0|0|0|0|0|6|8|0|0,623|588|490|539|524|521|506|657|1019|764|1077|949,-145|9|1|5|5|40|-40|36|99|68|130|49
Dwarikesh Sugar,https://www.screener.in/company/DWARKESH/,763 Cr.,41.2,59.9 / 32.1,52.6,44.7,0.24 %,4.62 %,3.77 %,1.00,2.33,2.71,-0.67 %,0.53 %,6.20 %,8.35 %,2.20 %,1.71 %,-12.6 %,-33.6 %,-33.2 %,-19.3 %,0.00 %,0.41,0.00 %,1.85 Cr.,9.26 Cr.,17.3 Cr.,Fast Moving Consumer Goods,Fast Moving Consumer Goods,Agricultural Food & other Products,Sugar,-26,57,15,-33,-1.3|0.58|2.5|-0.51|-1.76|0.83|3.1|-1.39,129,61,-151|37|141|298|-250|11|296|339|314|13|61|129,10.20,8|14|23|10|12|10|11|15|10|12|8|6,,2.31|1.64|2|1.9|1.74|1.68|1.68|1.01,0|0|0.03|0|0|0.11|0.22|0.75,0|0|12|0|20|26|26|24|36|0|40|6,1128|794|1190|1430|1084|1336|1839|1979|2103|1710|1359|1402,-17|39|156|101|95|73|92|155|105|84|23|31
Zenotech Lab.,https://www.screener.in/company/532039/,270 Cr.,44.2,54.9 / 33.6,,15.6,0.00 %,4.59 %,-1.15 %,10.0,3.40,,0.00 %,0.00 %,21.1 %,32.9 %,-2.52 %,6.69 %,0.93 %,%,%,1.89 %,0.00 %,0.00,0.00 %,0.00 Cr.,0.00 Cr.,0.00 Cr.,Healthcare,Healthcare,Pharmaceuticals & Biotechnology,Pharmaceuticals,-0.46,-3.15,1.93,-0.84,0.22|0.28|0.2|0.16|-0.14|0.32|-0.52|-0.08,10.20,9.54,-7.72|-4.8|1.64|-16.25|-14.04|11.38|5.74|17.67|20.66|11.82|9.54|10.2,38.57,-491.67|-372.33|-462.22|-70.65|-26.94|34.51|28.42|47.74|48.82|42.3|32.94|21.07,,,0.01|0.01|0.01|0.01|0.01|0.01|0.01|0.01,0|0|0|0|0|0|0|0|0|0|0|0,4.08|2.06|2.25|11.14|13.03|26.02|22.45|36.57|42.42|40.83|43.05|43.61,-30.41|-19.14|-19.87|-11.85|-3.13|10.78|-1.22|22.18|11.59|8.3|5.61|-1.07
Tarsons Products,https://www.screener.in/company/TARSONS/consolidated/,"1,629 Cr.",306,375 / 164,138,119,0.00 %,4.59 %,2.44 %,2.00,1.01,1.79,-0.72 %,-0.09 %,28.0 %,28.3 %,3.66 %,7.46 %,%,%,%,-75.9 %,0.00 %,0.62,0.00 %,0.00 Cr.,0.00 Cr.,Cr.,Healthcare,Healthcare,Healthcare Equipment & Supplies,Medical Equipment & Supplies,-1.44,4.18,5.04,3.32,1.93|0.99|1.92|0.33|0.62|0.95|0.79|-0.27,118,114,68|83|103|114|118,37.20,45|51|34|28|28,,8.04|7.51|9.53|9.14|5.82|2.46|0.87|0.15,0.21|0.51|0.3|0.04|0.08|0|0.19|0.1,0|0|25|0|0,229|301|296|392|423,69|101|43|30|14
Igarashi Motors,https://www.screener.in/company/IGARASHI/,"1,361 Cr.",432,558 / 271,83.0,148,0.30 %,4.58 %,2.61 %,10.0,1.10,2.94,0.37 %,1.53 %,9.62 %,11.4 %,1.40 %,2.88 %,9.68 %,32.4 %,32.4 %,-13.9 %,0.00 %,0.31,0.00 %,4.09 Cr.,7.87 Cr.,3.65 Cr.,Consumer Discretionary,Automobile and Auto Components,Auto Components,Auto Components & Equipments,6.77,1.59,3.50,4.54,2.47|1.64|0.97|0.8|1.44|1.11|0.51|2.15,94,94,59|64|82|94|164|90|41|73|34|50|94|94,9.60,21|24|24|24|19|15|14|8|9|10|11|10,,0.9|1.3|1.15|0.94|0.12|0.1|0.13|0.5,1.73|1.79|2.28|2.08|2.21|2.13|2.12|3.65,28|26|27|19|27|13|18|0|60|33|33|34,385|445|516|671|606|534|533|556|656|725|838|866,49|64|75|95|57|30|26|1|5|10|24|12
Epack Durable,https://www.screener.in/company/EPACK/consolidated/,"1,722 Cr.",179,390 / 175,,99.8,0.00 %,4.54 %,0.33 %,10.0,1.02,0.92,0.06 %,-1.32 %,5.67 %,7.13 %,0.17 %,2.54 %,7.18 %,-54.4 %,-62.9 %,-27.4 %,3.92 %,0.77,-0.74 %,0.00 Cr.,0.00 Cr.,0.00 Cr.,Consumer Discretionary,Consumer Durables,Consumer Durables,Household Appliances,12,0,3,-22,-0.88|0.26|3.93|2.39|-2.31|0.27|0|1.23,-140,31,47|-29|19|257|31|-140,7.00,6|7|7|8|7|6,,1.97|1.31|1.58|0.41|1.48|0.26|0.28|0.34,10.58|8.98|6.57|5.55|5.91|7.06|6.56|5.24,0|0|0|0|0|0,736|924|1539|1420|2171|1894,8|17|32|35|55|3
Munjal Showa,https://www.screener.in/company/MUNJALSHOW/,503 Cr.,126,162 / 109,19.0,170,3.58 %,4.53 %,3.31 %,2.00,1.89,291,0.02 %,0.00 %,1.76 %,1.37 %,1.70 %,-1.14 %,1.97 %,0.24 %,0.24 %,-0.05 %,0.00 %,0.00,0.00 %,18.0 Cr.,18.0 Cr.,18.0 Cr.,Consumer Discretionary,Automobile and Auto Components,Auto Components,Auto Components & Equipments,11,-0,11,3,0.51|1.5|2.23|2.07|0.68|2.73|-0.01|2.81,-21,37,55|65|83|96|41|66|-18|30|6|11|37|-21,1.56,8|8|7|7|5|4.3|2.2|0.8|2.5|1.3|1.4|1.8,,1.83|1.8|2.2|1.51|1.38|0.17|0.09|0.11,0.01|0.01|0.01|0.01|0.01|0.01|0.01|0.01,21|26|26|23|29|42|69|148|56|58|62|82,1643|1502|1460|1581|1669|1288|1085|1060|1241|1173|1250|1315,76|61|61|78|63|43|26|12|32|31|29|22
India Motor Part,https://www.screener.in/company/IMPAL/,"1,330 Cr.","1,066","1,239 / 928",13.6,"1,850",3.10 %,4.53 %,3.83 %,10.0,7.06,,-2.84 %,-1.34 %,7.60 %,7.81 %,10.4 %,9.57 %,5.76 %,11.0 %,11.0 %,16.8 %,0.00 %,0.00,1.40 %,41.2 Cr.,37.4 Cr.,31.7 Cr.,Consumer Discretionary,Automobile and Auto Components,Auto Components,Trading - Auto components,22,33,17,26,18.11|13.06|19.17|16.35|20.43|13.77|26.81|17.39,5,18,20|32|23|13|15|2|90|-3|31|27|18|5,8.40,7|6|7|7|8|7|9|9|9|8|8|8,,7.88|7.89|7.89|3.77|3.6|3.6|3.6|0.76,2.49|2.49|2.49|1.38|1.34|1.34|1.34|0,38|28|28|29|37|26|25|29|41|46|45|43,512|502|519|476|512|519|518|628|708|741|789|837,31|27|32|31|40|49|50|57|74|74|84|97
T.V. Today Netw.,https://www.screener.in/company/TVTODAY/consolidated/,652 Cr.,109,158 / 93.5,23.9,149,2.74 %,4.49 %,2.11 %,5.00,2.81,22.7,-0.49 %,0.02 %,3.83 %,10.1 %,2.32 %,7.45 %,-2.71 %,-41.7 %,-41.7 %,-32.2 %,0.00 %,0.02,0.00 %,0.00 Cr.,17.9 Cr.,101 Cr.,Consumer Discretionary,"Media, Entertainment & Publication",Entertainment,TV Broadcasting & Software Production,10,9,-0,-2,1.39|1.46|1.03|1.23|-0.33|-0.02|1.51|1.72,10,122,78|-36|120|152|125|201|166|235|41|15|122|10,12.96,28|28|25|29|27|25|25|26|15|10|10|3.8,,3.7|3.84|4.72|5.15|5.21|5.14|4.53|4.04,10.97|10.73|9.44|8.85|7.9|3.1|0.07|0.09,11|16|12|11|10|95|11|10|473|90|24|0,477|582|652|721|742|857|783|930|878|936|993|809,81|62|100|119|131|139|132|182|88|56|75|14
Oriental Aromat.,https://www.screener.in/company/OAL/consolidated/,"1,730 Cr.",514,560 / 227,325,197,0.10 %,4.47 %,0.50 %,5.00,1.59,1.38,0.02 %,0.00 %,6.60 %,10.1 %,0.32 %,3.71 %,6.49 %,-44.8 %,-44.8 %,-49.6 %,0.00 %,0.61,0.00 %,1.68 Cr.,1.68 Cr.,2.36 Cr.,Commodities,Chemicals,Chemicals & Petrochemicals,Specialty Chemicals,2.51,3.99,-1.92,0.74,4.39|2.12|0.42|0.15|0.22|-0.57|1.19|0.75,2,-34,16|-23|181|17|-1|-22|142|-34|2,8.00,13|13|15|17|22|11|6|6|10|7,,0.05|0.08|0.07|0.02|0.03|0.03|0|0.02,0|0|0|0|0|0|0|0,3|7|6|10|8|9|9|18|5|51,458|506|755|760|709|873|854|842|928|1031,28|25|57|86|102|53|20|9|34|3
Cosmo Ferrites,https://www.screener.in/company/523100/,220 Cr.,183,255 / 90.0,,19.2,0.00 %,4.46 %,-5.98 %,10.0,0.64,0.90,0.00 %,0.00 %,6.25 %,2.56 %,-1.45 %,-6.58 %,-2.79 %,%,%,%,0.00 %,3.00,0.00 %,0.00 Cr.,0.00 Cr.,0.00 Cr.,Industrials,Capital Goods,Industrial Manufacturing,Industrial Products,0.99,0.26,-1.32,-0.57,-1.64|-0.37|-1.29|0.04|-0.47|-1.1|0.22|0.82,12,4,4|0|3|-6|8|-1|-4|15|-2|10|4|12,10.52,6|9|9|1.6|2.5|-5|10|27|10|7|2.6|6,,,0.06|0.22|0.22|0.46|0.22|0.22|0.22|0.22,0|0|0|0|0|0|0|0|0|0|0,54|59|66|78|78|55|64|114|107|98|86|99,-2|0|-1|-2|-8|-10|2|14|2|-2|-6|-2
Mukand,https://www.screener.in/company/MUKANDLTD/consolidated/,"1,948 Cr.",135,154 / 114,3.08,105,1.48 %,4.44 %,5.57 %,10.0,1.38,4.56,-0.01 %,-0.07 %,3.51 %,5.83 %,1.41 %,1.41 %,-4.23 %,29.6 %,29.6 %,15.7 %,0.00 %,1.11,0.00 %,43.4 Cr.,28.9 Cr.,30.4 Cr.,Industrials,Capital Goods,Industrial Products,Iron & Steel Products,57,555,10,10,1.75|1.03|0.75|2.01|0.68|0.71|38.41|3.97,-441,180,19|135|319|894|-56|150|-328|-102|106|65|180|-441,3.48,12|12|13|6|4|2.6|-18|5|-3.1|6|6|3.5,,0.22|0.2|0.28|0.14|0.18|0.28|0.26|0.25,1.1|1.1|1.1|1.1|1.1|1.1|1.1|1.03,0|0|0|0|0|0|-7|12|17|28|38|7,3016|2953|2713|3436|3689|2923|2726|4643|5568|5175|4890|4890,12|-6|-11|821|-115|-240|-204|176|172|104|76|604
Fino Payments,https://www.screener.in/company/FINOPB/,"1,127 Cr.",135,339 / 110,46.1,96.8,0.00 %,4.41 %,6.76 %,10.0,2.84,1.28,-1.02 %,-0.40 %,-436 %,-707 %,21.1 %,47.4 %,37.8 %,-6.95 %,-6.95 %,5.89 %,0.00 %,4.86,0.00 %,0.00 Cr.,0.00 Cr.,0.00 Cr.,Financial Services,Financial Services,Banks,Other Bank,-14,7,12,15,2.54|2.78|2.88|2.13|1.84|1.47|0.85|-1.65,-307,76,-84|-32|207|-20|57|76|-307,,,,4.21|3.7|4.08|2.54|2.67|2.69|1.33|0.31,6.14|6.08|3.52|3.04|3.35|0.45|0.4|0,0|0|0|0|0|0|0|0|0,,-67|-62|-32|20|43|65|86|93|52
Wardwizard Foods,https://www.screener.in/company/539132/,241 Cr.,9.39,13.2 / 7.40,55.9,3.17,0.00 %,4.40 %,1.73 %,1.00,1.34,1.78,0.00 %,0.00 %,3.32 %,-5.80 %,0.59 %,-14.5 %,214 %,29.2 %,28.4 %,41.7 %,0.00 %,0.46,0.00 %,0.00 Cr.,0.00 Cr.,0.00 Cr.,Fast Moving Consumer Goods,Fast Moving Consumer Goods,Food Products,Other Food Products,1.31,2.99,-0.60,0.62,-0.23|-0.14|0.03|-0.07|0.02|-0.02|0.12|0.05,-3,-2,-2|0|0|0|0|0|0|0|-50|-10|-2|-3,-64.92,-97|-160|-6|3.3,,,,0|0|0|0|0|0|0|0|0|0|0,0|0|0|0|0|0|0|0|8|17|93|237,0|0|0|0|0|0|0|0|-9|-33|-14|1
Madala Holdings,https://www.screener.in/company/532344/,274 Cr.,186,280 / 158,161,76.6,0.00 %,4.37 %,2.42 %,10.0,84.2,11.1,0.00 %,0.00 %,59.9 %,58.6 %,19.7 %,61.2 %,-24.1 %,-22.7 %,-19.3 %,-11.3 %,0.00 %,0.00,0.00 %,0.00 Cr.,0.00 Cr.,0.00 Cr.,Consumer Discretionary,Realty,Realty,Real Estate related services,3.43,-7.21,3.62,1.86,1.52|1.15|1.43|3|1.26|2.45|-4.87|2.32,8.27,-3.45,1.73|4.46|5.18|4.33|4.51|4.64|-69.24|20.44|28.07|8.04|-3.45|8.27,42.79,-81.12|-163.86|-185.6|38.88|34.19|33.51|36.14|10.82|20.27|64.4|58.56|59.91,,,,0|217.77|0|0|0|0|0|0|0|0|0|0,4.98|3.68|2.5|14.48|18.37|22.41|18.9|74.2|31.53|13.51|12.74|13.77,1.21|0.95|7.58|5.48|6.33|7.72|10.85|16.72|6.05|9.88|8.64|2.71
Exxaro Tiles,https://www.screener.in/company/EXXARO/consolidated/,280 Cr.,6.25,10.3 / 5.71,68.2,6.25,0.00 %,4.31 %,1.02 %,1.00,1.70,1.45,0.00 %,0.00 %,8.18 %,7.49 %,0.93 %,0.08 %,-1.27 %,-28.9 %,-28.9 %,-32.6 %,0.00 %,0.33,0.00 %,0.00 Cr.,0.00 Cr.,0.00 Cr.,Consumer Discretionary,Consumer Durables,Consumer Durables,Ceramics,2.07,0.20,0.63,1.20,-0.01|0.03|0.08|0.02|0.03|0.01|0|0.05,33,23,38|25|23|5|23|33,9.80,19|15|11|8|7|8,,5.52|5.12|4.57|4.52|4.02|4.02|4.02|4.02,,0|0|0|0|0|0,254|325|317|301|303|305,15|18|7|2|0|3
Trejhara Solutio,https://www.screener.in/company/TREJHARA/consolidated/,319 Cr.,132,285 / 128,24.6,123,0.00 %,4.28 %,3.31 %,10.0,1.52,10.2,-0.01 %,0.00 %,5.50 %,6.24 %,6.31 %,3.66 %,85.1 %,28.4 %,27.2 %,-17.2 %,0.00 %,0.08,0.00 %,0.00 Cr.,0.00 Cr.,0.12 Cr.,Information Technology,Information Technology,IT - Software,Computers - Software & Consulting,4.79,3.22,1.21,3.57,0.89|0.45|0.59|0.46|2.46|0.51|1.28|2,-5,5,-16|36|16|0|17|19|-123|5|-5,15.40,17|21|17|27|25|13|27|6|6,,1.38|1.38|1.43|1.78|1.39|0.05|0.02|0.01,0|0|0|0|0|0|0|0,0|5|0|0|5|0|0|0|0,88|77|58|54|58|22|23|116|142,7|12|7|11|11|-299|20|4|9
DCM Nouvelle,https://www.screener.in/company/DCMNVL/consolidated/,337 Cr.,180,199 / 95.6,11.3,176,0.00 %,4.27 %,1.15 %,10.0,1.32,3.31,0.00 %,0.00 %,5.44 %,5.44 %,0.17 %,0.37 %,5.92 %,-35.7 %,-35.7 %,%,0.00 %,1.00,0.00 %,0.00 Cr.,0.00 Cr.,0.00 Cr.,Consumer Discretionary,Textiles,Textiles & Apparels,Other Textile Products,28,4,-2,-2,4.11|-0.92|2.96|1.2|-1.04|-0.59|2.37|14.98,51,66,87|48|-46|66|51,7.24,19|3.6|3.6|5|5,,0.34|0.45|0.82|0.83|0.56|0.61|0.55|0.55,1.87|1.88|1.65|1.65|1.65|1.65|1.58|1.58,0|0|0|0|0,909|864|1081|1076|1027,123|12|-4|6|2
Popular Vehicles,https://www.screener.in/company/PVSL/consolidated/,703 Cr.,98.8,163 / 78.5,,88.2,0.00 %,4.27 %,-8.28 %,2.00,1.04,0.87,-0.04 %,-0.16 %,2.94 %,2.86 %,-0.82 %,-0.37 %,9.39 %,%,%,%,0.00 %,2.24,0.02 %,0.00 Cr.,0.00 Cr.,0.71 Cr.,Consumer Discretionary,Automobile and Auto Components,Automobiles,Auto Dealer,1.37,-4.96,0.67,0.57,1.06|-1.37|-1.93|-1.23|0.08|0.09|-0.7|0.19,100,151,-47|339|95|70|109|80|151|100,3.92,3.4|3.4|5|4.7|4.5|4.6|2.9|2.9,,14.52|12.85|12.66|10.88|10.58|10.43|10.32|10.28,12.98|12.19|11.73|10.49|10.57|10.2|10|9.84,0|0|0|0|0|5|0|0,3902|3172|2894|3466|4875|5616|5541|6381,21|12|32|34|64|76|-10|-12
C P S Shapers,https://www.screener.in/company/CPS/,274 Cr.,"1,185","1,349 / 695","3,421",97.0,0.00 %,4.25 %,0.41 %,10.0,3.23,1.34,0.00 %,0.00 %,6.76 %,6.17 %,0.26 %,0.55 %,-4.83 %,-68.1 %,-80.8 %,-43.7 %,0.00 %,0.30,-0.83 %,0.00 Cr.,0.00 Cr.,0.00 Cr.,Consumer Discretionary,Textiles,Textiles & Apparels,Garments & Apparels,2.16,-2.03,0.65,-0.48,40.6|3.9|-0.38|-2.29|2.94|-9.18|9.48,-1.43,-2.55,-0.28|1.05|1.98|1.12|-2.56|-2.55|-1.43,8.84,-2.57|11.56|9.16|13.29|8.84|6.17|6.76,,,2.77|3.06|3.06|2.12|0|0|0|0,0|0|0|0|0|0|0,15.16|14.1|26.19|36.18|35.53|30.79|31.19,-1.68|0.31|1.57|2.46|0.74|0.17|0.13
Agribio Spirits,https://www.screener.in/company/539546/consolidated/,338 Cr.,311,340 / 201,78.9,64.7,0.10 %,4.24 %,4.27 %,10.0,3.96,12.3,0.07 %,0.00 %,0.56 %,5.38 %,6.32 %,13.2 %,35.6 %,5.76 %,-5.83 %,8.60 %,6.58 %,0.21,0.00 %,0.33 Cr.,0.26 Cr.,0.22 Cr.,Fast Moving Consumer Goods,Fast Moving Consumer Goods,Beverages,Breweries & Distilleries,1.21,0.90,1.10,1.08,1.57|1.17|0.64|0.9|0.99|1.01|0.83|1.11,-3.14,-11.98,-0.35|6.05|0.22|-11.79|-11.98|-3.14,-19.40,-110.53|3.95|3.66|5.38|0.56,,0|0|0|0|0|0|0.09|0.16,,0|0|15.61|4.85|9.73|11.22,0|0.19|18.48|21.06|20.08|46.04,1.36|1.57|2.46|3.17|2.65|2.91
Nutricircle,https://www.screener.in/company/530219/,300 Cr.,270,411 / 173,999,6.23,0.00 %,4.23 %,4.72 %,10.0,42.9,,0.00 %,0.00 %,1.63 %,5.19 %,1.69 %,4.44 %,109 %,42.3 %,26.4 %,15.1 %,0.00 %,0.16,4.11 %,0.00 Cr.,0.00 Cr.,0.00 Cr.,Fast Moving Consumer Goods,Fast Moving Consumer Goods,Food Products,Other Food Products,0.04,0.02,0.18,0.06,-6.25|-0.11|0.78|0.03|0.06|0.18|0.02|0.04,-2.44,-3.97,-0.26|-0.42|-0.19|-0.74|-0.31|-0.25|-0.23|-0.35|-0.75|-1.56|-3.97|-2.44,-36.31,-391.3|2|-109.09|-124|-20|-44.37|5.19|1.63,,,,0|0|0|0|0|0|0|0|0|0|0|0,0|0.23|0.5|0|0|0.22|0|0.25|1.95|2.84|2.7|17.75,-0.27|-0.88|0.02|-0.2|-1.04|-0.24|-0.36|-0.3|-0.34|-1.25|0.12|0.3
Star Paper Mills,https://www.screener.in/company/STARPAPER/,248 Cr.,159,178 / 116,8.01,454,1.57 %,4.18 %,3.66 %,10.0,3.09,36.9,-0.04 %,0.00 %,4.51 %,8.45 %,6.19 %,8.73 %,-5.94 %,-30.0 %,-30.0 %,7.96 %,47.2 %,0.01,0.00 %,0.00 Cr.,5.46 Cr.,5.00 Cr.,Commodities,Forest Materials,"Paper, Forest & Jute Products",Paper & Paper Products,11,-1,8,13,9.3|4.94|3.21|8.21|8.34|5.27|-0.83|7.05,29,15,15|12|39|36|31|18|29|19|47|26|15|29,10.30,5|10|22|21|13|14|9|10|16|13|8|4.5,,1.76|1.69|1.69|1.71|1.68|1.68|1.68|1.64,0|0|0|0.01|0.01|0.01|0.01|0.01,0|0|5|7|7|10|22|15|12|10|13|0,271|272|324|347|378|341|233|331|493|444|436|410,16|16|60|54|53|37|18|37|66|64|41|33
Beekay Steel Ind,https://www.screener.in/company/BEEKAY/consolidated/,820 Cr.,430,507 / 320,18.8,549,0.23 %,4.18 %,1.40 %,10.0,1.45,3.33,0.00 %,0.00 %,8.06 %,11.4 %,1.23 %,4.43 %,1.36 %,-47.2 %,-47.2 %,-28.8 %,0.00 %,0.32,0.17 %,1.91 Cr.,1.91 Cr.,1.91 Cr.,Industrials,Capital Goods,Industrial Products,Iron & Steel Products,38,-20,14,12,17.18|10.76|2.85|16.34|6.1|7.26|-10.54|19.96,146,147,0|45|37|48|56|81|96|-104|408|129|147|146,13.00,12|13|12|14|19|15|15|17|15|14|11|8,,,,12|10|6|3|4|2|2|1|2|1|2|5,519|519|721|978|965|812|874|1296|1128|1000|1076|1175,16|19|34|71|99|79|81|158|105|130|89|37
Walchan. Inds.,https://www.screener.in/company/WALCHANNAG/,"1,376 Cr.",203,316 / 131,,52.9,0.00 %,4.17 %,-4.41 %,2.00,1.08,0.94,1.91 %,-0.29 %,5.36 %,-27.4 %,-5.86 %,-35.8 %,-5.11 %,22.0 %,23.3 %,13.0 %,49.2 %,0.61,0.00 %,0.00 Cr.,0.00 Cr.,0.00 Cr.,Industrials,Capital Goods,Industrial Manufacturing,Industrial Products,1.18,2.94,4.66,-11.90,-1.99|-3.09|-8.32|-1.53|-1.75|0.69|0.43|0.17,-11,16,-38|0|63|50|146|59|71|28|76|11|16|-11,-4.90,2.4|8|12|19|22|12|6|8|-11|0.5|-27|5,,0.31|0.52|0.64|0.36|0.38|0.46|0.47|2.38,0.28|0.15|0.14|0.7|0.8|0.8|0.78|0.49,-12|0|0|0|0|0|0|0|0|0|0|0,638|802|398|398|364|298|326|299|322|302|259|275,-12|-72|-80|-26|-2|-65|-57|-38|20|-42|-86|-15
Yamuna Syndicate,https://www.screener.in/company/540980/consolidated/,808 Cr.,"26,290","37,500 / 24,800",8.82,"41,964",1.90 %,4.17 %,4.09 %,100,20.8,,0.00 %,0.00 %,2.22 %,1.93 %,75.7 %,136 %,0.29 %,-16.8 %,-16.8 %,-14.7 %,0.00 %,0.00,0.00 %,15.4 Cr.,15.4 Cr.,11.8 Cr.,Services,Services,Commercial Services & Supplies,Trading & Distributors,5.06,33.87,31.93,20.42,1377.36|316.85|1067.99|127.52|664.28|1038.71|1101.82|164.61,-5,-8,-46|8|9|13|3|8|-3|-4|-1|-4|-8|-5,2.36,1.4|2.1|2|2.3|2.7|2.7|3.6|3.3|2.6|1.8|1.9|2.2,,,0.01|0.01|0.01|0.01|0.01|0.01|0.01|0.01,1|1|1|1|2|8|6|11|11|10|17|30,55|45|47|56|66|51|55|63|68|64|65|69,54|55|72|76|66|69|116|54|91|124|88|52
KCP Sugar &Inds.,https://www.screener.in/company/KCPSUGIND/consolidated/,332 Cr.,29.3,36.5 / 21.1,8.69,40.5,0.34 %,4.13 %,2.45 %,1.00,2.74,6.22,-0.11 %,0.00 %,0.33 %,3.81 %,4.28 %,2.84 %,-3.53 %,-0.47 %,-0.47 %,-13.2 %,0.00 %,0.28,0.61 %,0.00 Cr.,1.13 Cr.,1.36 Cr.,Fast Moving Consumer Goods,Fast Moving Consumer Goods,Agricultural Food & other Products,Sugar,46,-15,7,0,1.79|-3.33|-1.96|1.69|0.04|0.6|-1.34|4.08,-31,48,15|15|50|-70|-52|27|17|114|7|42|48|-31,3.28,-4.7|4.7|13|-12|13|1.4|0.1|4.4|1.9|6|3.8|0.3,,0.07|0.02|0.02|0|0.02|0.01|0.11|0,,-8|24|18|10|7|-18|5|32|4|3|8|0,426|402|442|351|359|393|329|319|290|346|310|260,-14|12|57|12|16|-6|23|4|58|66|14|11
IL&FS Inv.Manag.,https://www.screener.in/company/IVC/consolidated/,248 Cr.,7.90,11.2 / 6.00,61.0,6.07,15.2 %,4.11 %,1.95 %,2.00,5.02,,0.00 %,0.00 %,12.5 %,27.6 %,7.41 %,32.4 %,-4.96 %,-31.4 %,-31.4 %,-13.3 %,0.00 %,0.00,0.00 %,22.0 Cr.,8.79 Cr.,18.1 Cr.,Financial Services,Financial Services,Capital Markets,Asset Management Company,1.21,3.96,-2.93,3.53,0.03|0.1|0.39|0.03|0.09|-0.06|0.07|0.06,21.42,-8.90,98.85|92.05|28.29|-3.8|75.22|-22.59|10.74|6.43|-0.48|-6.1|-8.9|21.42,22.40,52.97|49.44|23.56|27.85|26.92|-51.36|14.77|25.52|24.25|22.2|27.56|12.46,,0|0.02|0|0.06|0|0.04|0|0,,55.9|67.2|307.39|123.64|-62.73|-135.95|119.87|161.26|209.72|217.44|66.87|569.52,197.56|189|110.78|115.65|100.87|44.86|56.87|56.34|75.1|65|44.01|64.47,73.1|56.11|6.85|17.67|-13.67|-19.68|9.57|13.12|17|12.05|14.25|4.78
Satia Industries,https://www.screener.in/company/SATIA/,685 Cr.,68.5,83.8 / 50.6,,109,0.58 %,3.94 %,3.83 %,1.00,1.71,2.43,-0.21 %,0.00 %,8.62 %,18.0 %,2.82 %,7.82 %,-8.26 %,-40.3 %,-40.3 %,-3.69 %,0.00 %,0.29,0.00 %,4.00 Cr.,4.00 Cr.,4.80 Cr.,Commodities,Forest Materials,"Paper, Forest & Jute Products",Paper & Paper Products,-17,6,28,-25,1.23|1.98|3.54|3.16|-2.45|2.8|0.58|-1.71,233,285,40|43|112|120|167|150|154|160|282|363|285|233,18.80,17|12|17|19|22|22|23|21|22|24|18|9,,1.82|0.88|1.03|0.85|0.84|0.72|0.73|0.52,0|0.06|0.06|0.07|0.07|0.07|0.07|0.07,13|0|4|4|3|2|2|2|2|5|3|10,392|433|540|631|738|809|587|891|1880|1718|1505|1452,8|13|46|69|88|92|50|101|192|211|119|41
Hind.Composites,https://www.screener.in/company/HINDCOMPOS/consolidated/,559 Cr.,379,550 / 346,32.0,775,0.53 %,3.94 %,2.97 %,5.00,1.69,160,0.02 %,0.00 %,14.8 %,18.1 %,8.83 %,12.6 %,9.88 %,6.73 %,6.73 %,17.6 %,0.00 %,0.00,0.00 %,2.95 Cr.,2.95 Cr.,2.95 Cr.,Consumer Discretionary,Automobile and Auto Components,Auto Components,Auto Components & Equipments,8.68,11.70,6.67,5.28,6.29|7.43|4.11|5.05|3.58|4.52|7.92|5.88,21,30,6|10|50|3|3|9|22|16|40|30|21,15.60,20|22|17|12|10|14|14|14|17|18|15,,0|0|0|0|0|0|0|0.02,0.01|0.01|0.01|0.01|0.01|0.01|0.01|0.01,3|1|3|17|28|15|14|11|9|8|9,153|166|199|197|178|185|233|283|298|325|375,19|23|23|18|10|20|22|27|34|35|31
Pakka,https://www.screener.in/company/PAKKA/consolidated/,374 Cr.,78.6,170 / 69.0,26.9,94.5,0.00 %,3.85 %,1.44 %,10.0,1.40,2.59,-0.12 %,4.01 %,8.61 %,15.4 %,1.82 %,9.65 %,-4.44 %,-48.1 %,-50.8 %,%,76.9 %,0.66,-2.38 %,0.00 Cr.,0.00 Cr.,3.24 Cr.,Commodities,Forest Materials,"Paper, Forest & Jute Products",Paper & Paper Products,5.89,3.07,7.08,-2.11,4.28|1.98|0.71|-0.34|-0.47|1.58|0.68|1.24,,11,32|51|47|11,17.20,22|20|20|15|9,,0.37|0.63|0.49|0.19|0.21|0.14|0.17|0.05,0.37|8.24|8.58|8.58|8.02|8.02|8.02|12.03,20|20|0|0|0,291|408|405|406|356,36|46|43|38|6
Snowman Logistic,https://www.screener.in/company/SNOWMAN/,589 Cr.,35.2,57.5 / 30.5,251,24.1,1.42 %,3.77 %,1.04 %,10.0,1.33,1.06,-0.09 %,0.00 %,15.0 %,16.2 %,0.70 %,0.99 %,13.1 %,-27.6 %,-27.6 %,143 %,0.00 %,0.78,0.00 %,8.35 Cr.,16.7 Cr.,10.9 Cr.,Services,Services,Transport Services,Logistics Solution Provider,4.55,5.54,-1.87,-2.91,0.04|-0.04|0.23|0.15|-0.17|-0.11|0.33|0.27,98,65,52|39|49|37|53|56|71|69|86|88|65|98,19.40,23|22|19|23|25|26|27|25|21|20|16|15,,2.44|2.52|2.56|3.07|3.23|3.12|3.05|2.96,1.16|1.16|1.16|1.16|1.16|0.84|0.84|0.84,34|0|0|0|0|0|0|0|94|131|294|253,203|225|189|194|233|240|237|286|418|503|553|604,25|21|-5|-4|10|-15|0|2|13|13|6|3
Haryana Fin. Co.,https://www.screener.in/company/530927/,"1,246 Cr.",60.0,94.0 / 55.1,164,10.8,0.00 %,3.74 %,3.45 %,10.0,3.56,,0.00 %,0.00 %,61.2 %,-96.5 %,76.5 %,-97.9 %,63.3 %,151 %,151 %,49.4 %,0.00 %,0.00,0.00 %,0.00 Cr.,0.00 Cr.,0.00 Cr.,Financial Services,Financial Services,Finance,Financial Institution,-0.40,-0.22,8.56,-0.33,-0.07|-0.03|0.01|-0.01|-0.02|0.41|-0.01|-0.02,-0.28,-5.21,-6.54|-4.4|-7.39|-6.84|7.53|-0.82|-5.81|-9.52|-4.97|-3.24|-5.21|-0.28,,,,,0.09|0.09|0.09|0.09|0.09|0.09|0.09|0.09,0|0|0|0|0|0|0|0|0|0|0|0,,51.83|3.55|-3.84|-4.45|6.01|-1.85|1.57|21.72|0.72|25.44|-0.01|7.73
PPAP Automotive,https://www.screener.in/company/PPAP/consolidated/,341 Cr.,241,380 / 176,83.7,242,1.04 %,3.64 %,-4.66 %,10.0,0.75,1.27,0.18 %,0.00 %,9.18 %,10.4 %,-2.59 %,1.17 %,3.52 %,%,%,%,0.00 %,0.61,-0.16 %,3.53 Cr.,3.52 Cr.,2.60 Cr.,Consumer Discretionary,Automobile and Auto Components,Auto Components,Auto Components & Equipments,0.87,45.45,0.07,-0.05,2.03|1.15|1.72|-1.61|-0.04|0.05|32.2|0.61,33,52,41|70|78|59|36|26|21|30|41|52|33,8.40,17|19|21|19|14|10|8|7|8|10|9,,5.76|5.67|5.67|5.65|5.65|5.69|5.66|5.84,,20|15|16|19|23|67|-266|-35|-13|50|8,319|343|398|404|359|322|422|511|523|554|567,14|28|39|34|18|2|-1|-6|-13|7|43
Kinetic Engg.,https://www.screener.in/company/500240/consolidated/,599 Cr.,223,365 / 175,,55.4,0.00 %,3.61 %,1.42 %,10.0,2.03,-1.03,-0.05 %,0.01 %,3.24 %,3.01 %,1.03 %,-3.03 %,5.23 %,-15.7 %,-23.8 %,%,0.00 %,0.47,0.00 %,0.00 Cr.,0.00 Cr.,Cr.,Consumer Discretionary,Automobile and Auto Components,Auto Components,Auto Components & Equipments,-13,0,0,-0,0.97|1.41|0.26|0.27|-0.03|0.08|0.1|-4.27,-19,-22,15|11|-22|-19,0.44,-18|9|5|3|3.2,,7.2|7.12|5.69|4.71|4.67|3.7|3.28|3.23,0.01|0.01|0.01|0.01|0.01|0.72|0.68|0.69,0|0|0|0|0,354|135|143|142|158,-88|3|5|6|1
Genus Prime,https://www.screener.in/company/532425/consolidated/,327 Cr.,41.9,59.8 / 16.3,53.9,145,0.00 %,3.60 %,3.27 %,2.00,1.24,8.41,12.3 %,2.19 %,85.8 %,-18.2 %,95.3 %,-18.2 %,168 %,654 %,654 %,170 %,0.00 %,0.19,-19.3 %,0.00 Cr.,0.00 Cr.,0.00 Cr.,Commodities,Chemicals,Chemicals & Petrochemicals,Commodity Chemicals,1.45,3.99,0.06,0.35,-0.01|0|-0.01|0.02|0.29|0.1|2.65|0.19,0.85,0.00,-5.96|3.84|1.88|-2.02|0.37|8.39|-0.03|9.84|-0.01|-0.01|0|0.85,-165.84,-800|0|-122.22|-69.57|-12.5|-22.73|-4.55|-869.57|-18.18|85.85,,0|0|0|0|0|0|0|12.3,0|0|0|0|0|0|0|2.19,0|0|0|0|0|0|0|0|0|0|0,0|0.03|0|0.21|0.18|0.23|0.24|0.22|0.22|0.23|0.22|4.24,-0.38|-0.24|-0.12|0|-0.22|-0.16|-0.03|-0.36|-0.01|-2|-0.04|4.36
DCM Shriram Intl,https://www.screener.in/company/DCMSIL/consolidated/,611 Cr.,70.3,105 / 49.5,252,42.9,0.57 %,3.57 %,2.75 %,2.00,1.99,2.17,-0.29 %,-0.06 %,3.70 %,15.1 %,2.32 %,11.0 %,%,%,%,%,0.00 %,0.20,0.00 %,3.48 Cr.,0.00 Cr.,Cr.,Consumer Discretionary,Textiles,Textiles & Apparels,Other Textile Products,0.03,-18.22,3.89,-2.63,3060|1898|644|-526|0.45|-2.09|0,39,51,51|39,9.35,15|3.7,,1.49|1.49|1.2,12.72|12.61|12.55,0|-25,574|451,63|-14
Asian Star Co.,https://www.screener.in/company/ASTAR/consolidated/,"1,292 Cr.",807,827 / 485,39.0,"1,036",0.19 %,3.56 %,2.51 %,10.0,3.16,2.76,0.00 %,0.00 %,2.21 %,2.80 %,1.40 %,1.44 %,-13.7 %,-22.6 %,-22.6 %,-9.29 %,0.00 %,0.30,0.00 %,2.40 Cr.,2.40 Cr.,2.40 Cr.,Consumer Discretionary,Consumer Durables,Consumer Durables,"Gems, Jewellery And Watches",12,-0,9,12,10.73|7.52|-2.8|12.08|7.31|6.11|-0.25|7.53,90,230,152|118|63|278|128|105|116|-176|94|-66|230|90,2.96,4.3|4|3.8|4.5|5|3.9|2.5|3|3.4|3.4|2.8|2.2,,,4.21|4.21|4.21|4.21|4.21|4.21|4.21|4.21,3|3|4|2|2|4|4|3|3|3|6|6,3221|3302|3494|3905|3642|3051|2544|4423|4478|3523|2956|2882,82|74|66|109|116|63|64|94|83|78|42|40
Baroda Rayon,https://www.screener.in/company/500270/,291 Cr.,127,148 / 100,14.8,172,0.00 %,3.55 %,5.08 %,10.0,3.48,245,0.00 %,0.00 %,31.3 %,27.5 %,31.6 %,26.4 %,1.86 %,-56.1 %,-56.1 %,16.6 %,0.00 %,0.45,0.00 %,0.00 Cr.,0.00 Cr.,0.00 Cr.,Consumer Discretionary,Realty,Realty,"Residential, Commercial Projects",18,5,4,6,2.37|1.86|10.63|3.1|2.64|1.85|2.11|8.06,-4,42,77|-6|-133|-3|-9|-4|-17|-85|22|-3|42|-4,119.00,406|12|27|31,,0.01|0.01|0.01|0.01|0.01|0.01|0.01|0.01,1.02|1.02|1.01|1.01|1.01|1|0.92|0.92,0|0|0|0|0|0|0|0|0|0|0|0,0|0|0|0|0|0|0|0|58|77|100|62,-4|-4|0|-40|-6|18|-124|375|273|34|40|22
Asian Hotels (N),https://www.screener.in/company/ASIANHOTNR/,"1,598 Cr.",375,424 / 248,119,216,0.00 %,3.52 %,0.57 %,10.0,0.60,0.52,0.00 %,0.28 %,13.3 %,26.4 %,1.00 %,-21.7 %,10.1 %,26.8 %,26.4 %,15.0 %,0.00 %,0.36,0.00 %,0.00 Cr.,0.00 Cr.,0.00 Cr.,Consumer Discretionary,Consumer Services,Leisure Services,Hotels & Resorts,-3.54,32.00,-56.47,-63.53,-26.71|46.42|89.54|-6.97|-32.66|-29.03|7.51|-0.83,-156,437,27|42|82|104|101|109|47|15|43|72|437|-156,17.76,19|30|33|31|30|22|-27|4.8|21|24|26|13,,5.26|5.26|5.26|5.26|5.64|5.65|2.58|2.58,3.74|3.72|3.7|3.7|3.7|3.7|1.69|1.97,0|0|0|0|0|0|0|0|0|0|0|0,233|241|251|274|274|252|73|131|256|298|318|341,-48|3|-16|-2|-33|-63|-695|-125|-85|-88|187|-102
India Power Corp,https://www.screener.in/company/DPSCLTD/consolidated/,697 Cr.,7.16,13.3 / 6.84,54.4,9.15,0.70 %,3.49 %,1.45 %,1.00,0.84,1.88,-0.01 %,0.00 %,0.49 %,-11.5 %,1.88 %,1.13 %,3.11 %,-6.95 %,-6.95 %,-13.3 %,67.6 %,0.14,-0.18 %,0.00 Cr.,4.87 Cr.,3.90 Cr.,Utilities,Power,Power,Integrated Power Utilities,4.14,1.85,3.78,3.05,0.03|0.03|0.03|-0.02|0.03|0.04|0.02|0.04,75,79,22|49|108|105|215|92|33|-4|68|85|79|75,-0.62,13|14|-33|13|10|10|13|1.6|-1.2|7|-11|0.5,,0.12|0.14|0.15|0.14|0.14|0.13|0.13|0.12,0.12|0.12|0.12|0.12|0.12|0.12|0.12|0.12,20|13|3|25|30|37|19|32|31|28|69|0,718|720|833|736|526|481|525|582|623|650|620|683,25|38|182|20|16|13|26|15|16|17|7|13
GTPL Hathway,https://www.screener.in/company/GTPL/consolidated/,641 Cr.,57.0,120 / 50.6,80.3,102,3.51 %,3.47 %,1.44 %,10.0,0.50,1.23,-0.19 %,0.00 %,11.0 %,12.4 %,0.36 %,1.42 %,11.8 %,-49.1 %,-49.1 %,-38.9 %,0.00 %,0.44,0.00 %,22.5 Cr.,22.5 Cr.,36.0 Cr.,Consumer Discretionary,"Media, Entertainment & Publication",Entertainment,TV Broadcasting & Software Production,1.37,-13.93,11.56,7.40,1.14|0.9|0.95|0.94|0.82|0.98|-1.34|0.21,360,452,209|225|266|412|284|394|548|396|583|455|452|360,15.60,24|21|23|27|27|19|21|22|18|15|12|11,,8.64|8.61|8.39|8.4|8.41|8.35|7.37|7.18,0|0|0|0|0|0|0|0,0|7|24|18|60|43|24|23|39|42|47|143,623|736|908|1091|1246|2384|2467|2414|2664|3212|3477|3719,20|4|26|56|25|88|210|219|125|112|49|12
Jattashankar Ind,https://www.screener.in/company/514318/,255 Cr.,580,652 / 201,139,44.4,0.00 %,3.43 %,1.79 %,10.0,19.4,,0.00 %,0.00 %,0.43 %,-17.3 %,0.26 %,-16.5 %,102 %,28.6 %,28.6 %,16.3 %,0.00 %,0.00,0.00 %,0.00 Cr.,0.00 Cr.,0.00 Cr.,Fast Moving Consumer Goods,Fast Moving Consumer Goods,Agricultural Food & other Products,Other Agricultural Products,0.92,0.57,0.31,0.03,0.27|-0.93|-0.71|0.25|0.07|0.71|1.3|2.1,-20,2,1|3|4|2|1|0|2|1|0|0|2|-20,-1.54,9|7|7|9|10|3.5|3|4.5|2.9|1.5|-17|0.4,,,0.01|0.01|0.01|0.01|0.01|0.01|0.01|0.01,0|0|0|0|0|0|0|0|0|0|0|0,32|36|37|27|20|17|15|19|16|16|8|129,3|2|2|2|2|1|1|1|1|4|-1|1
Ucal,https://www.screener.in/company/UCAL/consolidated/,305 Cr.,138,164 / 77.0,,147,0.00 %,3.43 %,-5.29 %,10.0,0.98,1.06,0.00 %,0.00 %,6.11 %,4.96 %,-2.15 %,-4.90 %,0.60 %,%,%,%,0.00 %,0.57,0.00 %,0.00 Cr.,0.00 Cr.,1.77 Cr.,Consumer Discretionary,Automobile and Auto Components,Auto Components,Auto Components & Equipments,5.84,-13.15,-9.69,-4.47,0.22|2.86|-9.31|-2.72|-2.02|-4.38|-5.95|2.64,91,15,92|81|98|78|130|134|10|81|78|39|15|91,6.40,12|11|13|15|14|12|10|9|7|5|5|6,,0|0.06|0|0|0|0|0|0,0.01|0.01|0.01|0.01|0.01|0.01|0.01|0.01,18|50|31|22|43|0|15|13|520|0|0|0,737|723|791|820|870|732|687|782|823|723|802|838,25|16|36|101|46|21|29|35|1|-25|-16|-33
Gem Aromatics,https://www.screener.in/company/GEMAROMA/consolidated/,779 Cr.,149,274 / 133,,86.1,0.00 %,3.43 %,0.39 %,2.00,2.16,-0.09,-0.31 %,0.00 %,11.1 %,17.6 %,0.39 %,10.6 %,-4.80 %,-68.3 %,-89.7 %,-70.9 %,0.00 %,0.34,0.43 %,0.00 Cr.,0.00 Cr.,0.00 Cr.,Commodities,Chemicals,Chemicals & Petrochemicals,Specialty Chemicals,-7.87,1.01,-4.99,-2.58,2.08|1.59|5.89|1.7|-0.49|-0.96|0.19|-1.51,30,-25,0|-5|15|40|-25|30,15.60,10|16|16|17|18|11,,2.02|0.79|1.06|0.75,6.56|4.59|4.81|4.81,0|0|0|0|0|0,306|314|425|452|504|366,23|31|45|50|53|1
Fairchem Organic,https://www.screener.in/company/FAIRCHEMOR/,799 Cr.,634,847 / 428,52.8,209,0.16 %,3.33 %,2.19 %,10.0,1.65,5.46,-0.01 %,-1.19 %,4.70 %,8.02 %,1.34 %,4.13 %,-10.8 %,-47.8 %,-47.2 %,-31.5 %,0.00 %,0.32,0.00 %,0.00 Cr.,9.76 Cr.,9.24 Cr.,Commodities,Chemicals,Chemicals & Petrochemicals,Specialty Chemicals,10,4,-0,1,3.08|2.7|0.45|0.9|0.59|-0.08|2.93|7.95,42,-17,31|40|40|50|74|-17|42,10.14,16|17|16|11|11|8|4.7,,6.36|6.31|6.31|6.28|6.18|6.34|6.35|6.34,5.16|5.16|5.69|5.77|5.77|5.42|3.99|2.8,0|11|25|22|24|44|0,306|397|643|648|621|538|460,35|42|68|44|40|22|6
Magson Retail,https://www.screener.in/company/MAGSON/consolidated/,273 Cr.,180,214 / 100,321,66.4,0.00 %,3.31 %,1.54 %,10.0,1.68,2.39,-1.21 %,0.68 %,2.43 %,0.56 %,0.78 %,0.80 %,19.4 %,-30.4 %,-46.9 %,-79.5 %,0.00 %,0.10,-7.47 %,0.00 Cr.,0.00 Cr.,0.12 Cr.,Fast Moving Consumer Goods,Fast Moving Consumer Goods,Food Products,Packaged Foods,1,0,0,0,1.62|2.84|1.15|2.43|0.33|0.41|0.11|0.5,-16,-10,2|3|1|0|-10|-16,4.80,7|7|7|7|0.6|2.4,,0|0|0|2.84|2.43|2.15|2.08|0.87,0|0|0|0|0|0|0|0.68,0|0|11|11|0|0,54|56|64|68|67|109,2|2|3|3|0|1
Deccan Cements,https://www.screener.in/company/DECCANCE/consolidated/,795 Cr.,567,"1,184 / 525",,536,0.09 %,3.31 %,2.42 %,5.00,0.83,0.84,0.35 %,0.07 %,12.1 %,6.73 %,2.81 %,1.03 %,%,%,%,%,0.00 %,1.00,0.00 %,0.70 Cr.,0.84 Cr.,Cr.,Commodities,Construction Materials,Cement & Cement Products,Cement & Cement Products,-2.84,4.72,-0.56,9.07,-2.89|0.58|5.68|10.96|6.48|-0.4|3.37|-2.03,76,-38,-38|76,9.50,7|12,,11.87|11.55|10.3|9.91|9.93|12.85|14.3|14.65,0.78|0.78|0.78|0.78|0.9|0.78|0.78|0.85,11|2,527|636,8|29
Nureca,https://www.screener.in/company/NURECA/consolidated/,330 Cr.,346,358 / 200,76.1,189,0.00 %,3.30 %,1.12 %,10.0,8.25,7.59,-0.17 %,0.00 %,0.15 %,-6.88 %,1.43 %,0.69 %,9.70 %,30.0 %,30.2 %,-45.6 %,0.00 %,0.01,0.00 %,0.00 Cr.,0.00 Cr.,0.60 Cr.,Healthcare,Healthcare,Healthcare Equipment & Supplies,Medical Equipment & Supplies,3.07,-6.09,3.73,3.63,-0.48|-2.8|2.47|0.81|3.63|3.91|-6.38|3.22,3,-19,0|-8|35|1|10|-3|-19|3,-1.78,15|10|29|22|-13|-11|-7|0.1,,0.69|0.36|1.07|0.07|0.07|0.08|0.28|0.11,0|0.04|0.04|0.04|0.04|0.04|0.24|0.24,0|0|4|7|0|0|0|0,62|99|213|256|111|92|110|147,6|6|46|45|-8|-2|1|2
Rana Sugars,https://www.screener.in/company/RANASUG/,222 Cr.,14.4,16.4 / 10.0,,37.2,0.00 %,3.29 %,-4.09 %,10.0,1.21,0.39,-0.11 %,0.00 %,2.48 %,4.30 %,-1.31 %,1.01 %,2.32 %,%,%,%,0.00 %,0.61,0.00 %,0.00 Cr.,0.00 Cr.,0.00 Cr.,Fast Moving Consumer Goods,Fast Moving Consumer Goods,Agricultural Food & other Products,Sugar,-21,28,13,-14,-0.96|0.92|2.59|-0.16|-0.92|0.83|1.81|-1.34,92,55,92|93|113|160|105|329|146|92|-84|44|55|92,6.36,3.4|16|7|3.7|3.9|6|10|13|7|5|4.3|2.5,,0|0|0.09|0.04|0|0.04|0.11|0,,0|0|0|0|0|0|0|0|0|0|0|0,698|856|1091|977|1092|1313|1222|1400|1627|1593|1745|1743,-55|17|-45|-86|-75|266|158|85|63|28|34|24
Nahar Spinning,https://www.screener.in/company/NAHARSPING/,971 Cr.,269,350 / 149,12.7,419,0.37 %,3.26 %,1.24 %,5.00,1.71,2.77,-0.08 %,0.00 %,5.03 %,4.90 %,0.58 %,0.24 %,4.78 %,-44.2 %,-44.2 %,-14.3 %,0.00 %,0.65,0.06 %,3.61 Cr.,3.61 Cr.,5.78 Cr.,Consumer Discretionary,Textiles,Textiles & Apparels,Other Textile Products,70,23,-13,-5,-4.84|0.21|6.21|4.42|-1.29|-3.58|6.49|19.36,190,93,134|163|382|-240|250|61|-85|261|609|-395|93|190,8.82,10|11|9|4.4|10|3.1|9|23|8|3.2|4.9|5,,0.11|0.12|0|0.08|0.09|0|0.08|0,0.74|0.74|0.59|0.59|0.59|0.59|0.02|0.02,18|11|12|-6|6|0|13|3|5|-7|29|17,2149|2029|2132|2133|2305|2083|2112|3594|2797|3050|3285|3218,20|51|46|-32|65|-53|41|502|111|-51|12|22
Dhunseri Invest.,https://www.screener.in/company/DHUNINV/consolidated/,611 Cr.,"1,002","1,573 / 667",6.44,"4,498",0.30 %,3.24 %,0.66 %,10.0,2.66,6.02,0.00 %,0.00 %,-20.0 %,10.6 %,12.8 %,28.6 %,14.5 %,-60.5 %,-60.5 %,-33.6 %,0.00 %,0.35,0.00 %,0.00 Cr.,1.83 Cr.,1.28 Cr.,Financial Services,Financial Services,Finance,Non Banking Financial Company (NBFC),194,4,-1,-33,87.3|80.51|-95.45|86.89|-43.89|-5.38|-8.15|218.43,137,65,4|-417|134|9|48|26|-34|383|133|65|137,,,,0.11|0.11|0.11|0.12|0.1|0.1|0.1|0.1,0.04|0.04|0.04|0.04|0.04|0.04|0.04|0.04,-1|0|1|3|27|1|1|1|3|2|0,,-62|652|149|42|-23|249|320|528|115|140|47
Den Networks,https://www.screener.in/company/DEN/consolidated/,"1,270 Cr.",26.6,36.8 / 22.5,8.57,79.3,0.00 %,3.23 %,1.17 %,10.0,8.02,109,-0.11 %,-0.09 %,7.18 %,11.2 %,4.44 %,0.38 %,-4.84 %,-39.0 %,-39.0 %,-7.63 %,0.00 %,0.01,0.00 %,0.00 Cr.,0.00 Cr.,0.00 Cr.,Consumer Discretionary,"Media, Entertainment & Publication",Entertainment,TV Broadcasting & Software Production,35,36,40,35,1.09|0.84|1.3|1.14|0.74|0.8|0.8|0.77,-17,18,61|8|202|185|42|268|218|129|139|84|18|-17,12.20,8|-19|15|22|15|16|19|16|13|14|11|7,,0.76|0.74|0.82|0.63|0.49|0.51|0.46|0.35,0.19|0.2|0.14|0.14|0.14|0.14|0.14|0.05,0|0|0|0|0|0|0|0|0|0|0|0,1130|948|1157|1285|1206|1291|1307|1226|1130|1081|1005|974,-122|-431|-188|-17|-301|59|189|171|236|213|197|166
Azad India,https://www.screener.in/company/AZADIND/consolidated/,447 Cr.,82.2,177 / 73.0,145,24.6,0.00 %,3.20 %,2.46 %,10.0,7.56,194,0.00 %,0.00 %,3.25 %,-11.8 %,3.65 %,0.33 %,%,%,%,%,0.00 %,0.00,0.00 %,0.00 Cr.,0.00 Cr.,Cr.,Industrials,Capital Goods,Industrial Products,Iron & Steel Products,0.78,1.41,0.66,0.23,0.04|-0.08|0.05|0.02|0.04|0.12|0.26|0.14,-41.67,-51.04,-1.24|-51.04|-41.67,-4.30,-11.85|3.25,,70.39|70.41|64.78|65.74|48.9|48.9|48.7|48.7,0|0|0|0|0|0|0|0,0|0|0,0|9.03|64.94,-1.21|0.03|2.37
I G Petrochems,https://www.screener.in/company/IGPL/consolidated/,"1,694 Cr.",550,590 / 315,20.8,433,0.91 %,3.11 %,0.16 %,10.0,1.26,3.70,-0.25 %,0.16 %,5.22 %,10.0 %,0.11 %,4.71 %,-6.46 %,-77.7 %,-77.7 %,-59.0 %,0.00 %,0.27,0.00 %,15.4 Cr.,30.8 Cr.,26.2 Cr.,Commodities,Chemicals,Chemicals & Petrochemicals,Commodity Chemicals,66,28,-11,-2,8.5|9.27|6.16|-4.22|-0.65|-3.53|9.12|21.58,102,261,69|94|201|139|84|183|109|233|37|261|102,11.20,12|16|23|17|7|27|22|14|5|10|5,,2.73|2.79|3.09|3.12|2.96|2.88|2.92|2.67,2.7|2.64|1.44|0.96|0.96|1.2|1.45|1.61,10|0|8|11|30|12|12|15|58|28|694,953|1037|1144|1304|1059|1124|1883|2352|2099|2206|1925,60|102|146|117|21|188|264|200|40|109|2
Panchmahal Steel,https://www.screener.in/company/PANCHMAHQ/,566 Cr.,296,384 / 254,141,79.0,1.01 %,3.10 %,-1.48 %,10.0,2.56,2.84,0.00 %,0.00 %,2.90 %,4.05 %,-0.60 %,0.87 %,-7.70 %,%,%,%,5.79 %,0.23,0.00 %,0.00 Cr.,5.72 Cr.,2.67 Cr.,Industrials,Capital Goods,Industrial Products,Iron & Steel Products,4.34,-2.12,1.23,0.55,0.93|0.87|-1.06|-1.01|0.29|0.64|-1.11|2.27,29,-5,11|3|6|14|14|7|29|38|-30|40|-5|29,5.36,2.7|-0.6|5|4.2|5|1.2|7|13|3.2|3.7|4|2.9,,,3.93|3.93|3.93|0|0|0|0|0,0|0|0|0|0|0|0|13|0|0|172|0,390|290|329|396|453|330|339|574|489|428|383|384,-4|-13|0|1|3|-32|10|59|1|3|3|-2
W S Inds.,https://www.screener.in/company/WSI/consolidated/,445 Cr.,58.6,98.0 / 52.6,150,52.1,0.00 %,3.06 %,0.80 %,10.0,3.08,1.34,-0.14 %,0.00 %,9.91 %,4.68 %,2.15 %,-7.51 %,4.72 %,-43.8 %,-54.0 %,16.3 %,2.15 %,0.17,0.02 %,0.00 Cr.,0.00 Cr.,0.00 Cr.,Industrials,Construction,Construction,Civil Construction,1.79,2.59,-2.02,0.29,0.61|-3.73|-0.24|0.23|0.06|-0.29|0.35|0.25,-5.97,-82.59,-24.01|-6.41|6.37|-14.61|-118.14|-12.29|-7.06|-16.21|-104.59|113.24|-82.59|-5.97,-5378.31,-119.82|-328.29|-1014.36|68.44|-66503.03|-26919.05|0.24|12.65|4.68|9.91,,1.06|1.07|1.08|1.08|0.98|0.76|13.67|13.53,0.11|0.14|0.14|0.14|0.11|0.11|0.09|0.09,0|0|0|0|0|0|0|0|0|0|0|0,13.47|7.07|1.95|2.25|0.33|0.21|0|0|79.67|326.38|239.04|91.5,-46.39|-44.81|-9.33|31.96|-224.21|-60.76|-8.38|-59.41|19.64|46.94|-17.75|2.21
Navkar Corporat.,https://www.screener.in/company/NAVKARCORP/,"1,338 Cr.",88.9,132 / 74.0,33.5,130,0.00 %,3.06 %,1.56 %,10.0,1.60,5.02,0.50 %,-1.63 %,17.2 %,1.90 %,4.41 %,-7.85 %,15.9 %,-27.2 %,-27.2 %,12.3 %,0.00 %,0.09,0.00 %,0.00 Cr.,0.00 Cr.,0.00 Cr.,Services,Services,Transport Services,Logistics Solution Provider,12,14,9,4,-0.15|-0.76|-1.23|0.16|0.29|0.62|0.93|0.82,77,84,67|162|108|73|128|165|114|125|126|62|84|77,14.98,37|39|38|39|32|29|21|20|20|16|1.9|17,,0.29|0.73|0.33|0.21|0.22|0.22|0.17|0.67,1.77|1.31|2.04|1.89|1.95|1.65|1.65|0.02,0|0|0|0|0|0|0|0|0|0|0|0,329|347|371|428|483|567|672|453|442|435|487|687,70|95|89|101|53|45|16|67|92|-2|-45|30
Rel. Indl. Infra,https://www.screener.in/company/RIIL/consolidated/,"1,062 Cr.",703,964 / 617,87.5,314,0.50 %,3.01 %,2.65 %,10.0,4.61,,-0.20 %,0.00 %,-17.0 %,-24.0 %,27.3 %,24.2 %,-12.6 %,4.01 %,4.01 %,5.13 %,0.00 %,0.00,0.00 %,5.28 Cr.,5.28 Cr.,5.13 Cr.,Services,Services,Transport Services,Logistics Solution Provider,2.84,3.22,3.01,3.06,2.07|1.81|2.12|2.05|2.03|1.99|2.13|1.88,-36,-3,41|16|26|12|13|1|-4|6|23|2|-3|-36,-8.16,29|22|20|18|13|9|10|7|4.2|-11|-24|-17,,1.03|0.88|1.24|1.05|0.79|0.84|0.85|0.65,0.03|0.01|0|0.01|0|0|0|0,23|32|31|49|49|47|47|54|30|40|44|43,90|102|93|89|85|80|54|65|68|58|49|45,23|17|17|11|9|10|10|8|18|13|12|12
Gretex Industrie,https://www.screener.in/company/GRETEX/consolidated/,349 Cr.,225,304 / 180,249,33.5,0.00 %,3.01 %,3.64 %,10.0,3.19,4.83,-0.21 %,-0.02 %,1.72 %,1.90 %,2.39 %,4.05 %,30.2 %,29.8 %,-15.9 %,-4.94 %,0.00 %,0.01,0.71 %,0.00 Cr.,0.00 Cr.,0.00 Cr.,Consumer Discretionary,"Media, Entertainment & Publication",Entertainment,Media & Entertainment,0.10,1.23,1.80,0.44,1.19|0.4|1.35|22.27|0.3|1.19|0.81|0.09,2.86,0.03,0.05|-2.28|-0.18|-0.28|0.4|-8.01|0.03|2.86,2.09,26.95|6.72|9.15|1.3|3.52|2.01|1.9|1.72,,0.2|0.22|0.22|0.21|0.21|0.21|0|0,0.18|0.18|0.18|0.17|0.17|0.17|0.17|0.15,0|0|0|0|0|0|0|0,3.71|2.38|9.62|13.06|25.27|34.74|35.76|55.71,0.24|-1.59|-0.32|0.54|0.66|10.04|1.52|1.33
Indian Wood Prod,https://www.screener.in/company/IWP/consolidated/,222 Cr.,34.7,51.0 / 27.0,37.6,56.8,0.58 %,3.00 %,1.26 %,2.00,1.52,2.37,0.00 %,0.00 %,6.66 %,6.93 %,1.99 %,2.30 %,7.87 %,34.3 %,34.3 %,16.8 %,0.00 %,0.19,-0.01 %,1.28 Cr.,0.96 Cr.,0.70 Cr.,Commodities,Forest Materials,"Paper, Forest & Jute Products",Forest Products,2.51,0.12,1.00,2.28,0.31|0.19|0.13|0.18|0.36|0.16|0.02|0.39,24,14,4|-14|27|-6|-6|18|3|12|10|14|24,6.40,7|13|14|16|10|7|5|6|7|7|7,,,0.31|0.31|0.31|0.31|0.31|0.31|0.31|0.31,5|3|5|8|0|31|-55|17|17|18|28,119|180|216|200|195|157|178|182|192|226|229,4|11|16|17|7|2|-1|2|4|5|5
RDB Real Estate,https://www.screener.in/company/RRECL/consolidated/,365 Cr.,139,224 / 120,,94.5,0.00 %,2.95 %,-4.54 %,10.0,1.47,0.35,0.00 %,0.00 %,9.94 %,29.4 %,-3.78 %,2.19 %,61.4 %,%,%,%,0.00 %,2.24,0.00 %,0.00 Cr.,0.00 Cr.,Cr.,Consumer Discretionary,Realty,Realty,"Residential, Commercial Projects",-13,-5,-4,-1,2.92|0.05|-3.44|0.2|-0.37|-2.08|-1.89|-5.12,-39,138,43|138|-39,37.50,29|82|29|10,,,,0|0|0|0,56|43|84|234,14|18|2|-9
Shankara Building,https://www.screener.in/company/SHANKARA/consolidated/,362 Cr.,149,255 / 98.2,69.6,185,2.01 %,2.92 %,0.71 %,10.0,1.47,1.57,-3.53 %,0.16 %,1.84 %,2.97 %,0.34 %,1.36 %,-30.3 %,-58.0 %,-58.8 %,-20.6 %,0.00 %,0.43,0.94 %,7.28 Cr.,7.28 Cr.,5.96 Cr.,Consumer Discretionary,Consumer Services,Retailing,Speciality Retail,1.54,7.35,1.23,-5.16,0.36|7.31|11.76|0.17|-2.13|0.51|3.04|0.64,-101,64,80|159|106|40|171|-30|133|70|92|10|64|-101,2.86,4.5|6|7|7|3.9|4.4|3.5|3.5|2.9|3.1|3|1.8,,7.95|5.86|5.69|10.55|12.27|10.09|6.47|2.94,4.79|5.04|5.03|10.06|10.18|4.93|4.5|4.66,10|8|11|10|10|11|0|7|9|9|9|189,1979|2036|2310|2549|2546|2640|2038|2418|4030|4828|5697|1364,23|41|59|74|33|40|14|34|63|81|77|4
TransIndia Real,https://www.screener.in/company/TREL/consolidated/,729 Cr.,29.7,33.7 / 21.5,19.0,52.1,1.69 %,2.92 %,1.56 %,2.00,0.33,28.7,-0.04 %,0.00 %,54.5 %,43.4 %,23.5 %,-9.30 %,-15.0 %,-17.2 %,%,%,0.00 %,0.00,0.40 %,0.00 Cr.,0.00 Cr.,2.46 Cr.,Services,Services,Transport Services,Logistics Solution Provider,11,10,11,9,0.27|0.36|1.32|0.3|0.36|0.44|0.4|0.47,43,85,0|118|75|85|43,52.00,55|56|43|54,,7.07|6.62|6.46|6.4|6.08|5.85|5.89|5.85,1.26|1.26|1.26|1.26|1.34|1.34|1.34|1.34,0|0|5|0|0,0|136|97|82|84,0|28|250|53|37
Team India Guar.,https://www.screener.in/company/TEAMGTY/,214 Cr.,238,335 / 209,197,54.0,0.00 %,2.89 %,1.50 %,10.0,11.2,,0.00 %,0.00 %,21.2 %,75.9 %,13.8 %,63.7 %,38.4 %,-8.50 %,-8.50 %,-35.7 %,0.00 %,0.00,0.00 %,0.00 Cr.,0.00 Cr.,0.00 Cr.,Financial Services,Financial Services,Finance,Non Banking Financial Company (NBFC),0.94,-0.69,0.17,0.67,0.56|0.64|0.8|0.62|0.75|0.19|-0.77|1.05,-36.99,-1.31,-0.02|-0.21|4.48|-0.93|-0.53|-10.56|-5.45|3.8|8.64|-0.79|-1.31|-36.99,,,,0.18|0.55|1.92|1.92|1.69|2.03|2.08|2.08,0.06|0.06|0.06|0.06|0.06|0.06|0.06|0.06,0|0|0|0|0|0|0|0|0|0|0|0,,0.19|-0.25|4.06|0.48|1.64|1.33|6.55|1.57|0.94|1.79|2.35|0.72
Asian Granito,https://www.screener.in/company/ASIANTILES/consolidated/,"1,502 Cr.",50.6,79.1 / 42.5,115,51.4,0.00 %,2.85 %,1.27 %,10.0,1.74,1.34,0.32 %,0.01 %,5.07 %,5.14 %,0.92 %,0.50 %,5.94 %,31.3 %,28.3 %,-32.2 %,0.00 %,0.29,0.00 %,0.00 Cr.,0.00 Cr.,0.79 Cr.,Consumer Discretionary,Consumer Durables,Consumer Durables,Ceramics,8.07,-32.67,18.96,16.71,0.51|-0.31|-0.26|0.51|0.7|0.88|-1.08|0.27,94,60,104|21|63|94|88|56|46|-7|-49|-82|60|94,3.34,7|9|12|12|7|10|11|8|-4.6|3.3|5|5,,2.23|1.59|1.93|1.43|1.1|1.73|1.05|1.37,0.26|0.22|0.22|0.22|0.14|0.17|0.13|0.14,0|0|9|7|9|5|3|4|0|0|0|0,846|994|1061|1156|1187|1225|1292|1564|1563|1530|1711|1858,15|26|49|57|23|46|58|92|-87|-20|10|19
Ester Industries,https://www.screener.in/company/ESTER/consolidated/,914 Cr.,87.7,133 / 68.6,,80.2,0.29 %,2.76 %,-3.53 %,5.00,1.44,1.05,-0.02 %,-0.01 %,6.76 %,11.5 %,-2.00 %,1.03 %,7.27 %,%,%,%,0.00 %,0.93,-0.40 %,2.44 Cr.,0.00 Cr.,6.83 Cr.,Industrials,Capital Goods,Industrial Products,Packaging,19,8,-12,-16,0.32|2.64|0.21|-0.73|-1.62|-1.27|0.81|1.79,89,112,83|47|23|52|68|81|146|62|58|44|112|89,7.98,33|5|4.8|8|8|9|23|15|8|-2.1|12|7,,0.1|0.04|0.08|0.17|0.03|0.06|0.05|0.03,0.44|0.01|0.01|0.01|0.04|0.13|0.16|0.15,19|0|0|38|0|0|21|20|3|0|0|-9,671|698|884|928|895|768|992|1110|1114|1063|1282|1375,129|-14|-5|8|4|5|137|137|137|-121|14|-27
Themis Medicare,https://www.screener.in/company/THEMISMED/consolidated/,"1,142 Cr.",124,148 / 65.0,,43.3,0.40 %,2.74 %,0.41 %,1.00,1.84,-2.35,-0.10 %,0.00 %,0.12 %,12.1 %,0.48 %,7.36 %,-1.15 %,-68.8 %,-68.8 %,-45.8 %,43.4 %,0.25,0.00 %,4.60 Cr.,4.60 Cr.,4.60 Cr.,Healthcare,Healthcare,Pharmaceuticals & Biotechnology,Pharmaceuticals,25,9,10,-4,1.55|0.06|-1.05|-1.54|-0.39|1.1|0.97|2.67,-3,35,19|26|-2|8|11|0|57|34|16|22|35|-3,13.62,9|16|15|12|1.2|18|21|24|19|13|12|0.1,,0.1|0.1|0.14|0.09|0.06|0.05|0.11|0.01,0.01|0.01|0.01|0.01|0.01|0.01|0.01|0.01,25|9|0|0|0|6|11|6|8|11|15|404,202|232|217|210|184|202|231|395|354|382|406|342,6|16|16|11|-11|25|36|73|57|44|30|1
Riddhi Siddhi Gl,https://www.screener.in/company/524480/consolidated/,535 Cr.,750,862 / 405,37.8,"2,117",0.40 %,2.74 %,1.30 %,10.0,4.07,2.06,2.67 %,0.00 %,-5.21 %,1.92 %,8.65 %,-10.8 %,10.9 %,-15.8 %,-15.8 %,19.3 %,0.00 %,0.19,-11.6 %,2.14 Cr.,2.14 Cr.,1.64 Cr.,Services,Services,Commercial Services & Supplies,Trading & Distributors,3.01,-32.74,-1.28,13.76,18.93|-50.56|5.09|11.05|18.99|-2.23|-45.64|4.29,-9,-28,0|-284|-34|-1|116|130|161|1|9|-28|-9,1.96,-3.9|-9|-1.3|13|8|-2.7|11|0.4|1.5|1.9|-5,,0|0|0|0|0|0|0|2.67,0.01|0.01|0.01|0.01|0.01|0.01|0.01|0.01,5|-3|0|3|0|0|32|-1|5|-18|-17,342|508|804|682|576|498|223|173|268|136|236,44|-45|9|67|24|-62|2|-85|44|-12|-12
Super Sales Ind.,https://www.screener.in/company/512527/,370 Cr.,"1,205","1,298 / 530",33.4,"1,585",0.21 %,2.73 %,0.69 %,10.0,1.60,2.85,0.00 %,0.00 %,7.75 %,5.84 %,0.89 %,-0.53 %,3.73 %,-46.3 %,-46.3 %,-15.9 %,0.00 %,0.23,0.00 %,0.77 Cr.,0.77 Cr.,1.78 Cr.,Consumer Discretionary,Textiles,Textiles & Apparels,Other Textile Products,9.00,-1.39,-0.87,4.06,4.49|-8.27|-5.27|5.73|13.22|-2.83|-4.53|29.3,9,29,43|28|36|32|24|23|21|50|65|34|29|9,11.20,16|17|16|15|9|10|15|19|13|10|6|8,,,,5|4|5|5|13|12|9|6|8|11|-44|22,221|229|233|254|296|284|267|419|368|419|404|411,16|17|15|14|6|6|9|48|28|20|-2|4
Vashu Bhagnani,https://www.screener.in/company/532011/consolidated/,422 Cr.,65.9,119 / 47.0,164,23.1,0.00 %,2.72 %,2.41 %,10.0,7.15,46.9,0.00 %,0.00 %,7.49 %,37.9 %,21.7 %,39.1 %,-32.3 %,3.26 %,-15.5 %,22.8 %,0.00 %,0.04,0.00 %,0.00 Cr.,0.00 Cr.,0.00 Cr.,Consumer Discretionary,"Media, Entertainment & Publication",Entertainment,"Film Production, Distribution & Exhibition",0.36,-2.32,3.07,1.44,0.04|-0.08|0.14|0.17|0.23|0.48|-0.36|0.06,11.32,-73.17,18.87|3.26|-2.58|-5.4|-3.23|0.28|-73.17|11.32,17.23,-2.6|54.48|24.16|12.89|7.77|20.11|37.9|7.49,,0.04|0.04|0.04|0.04|2.51|4.8|4.8|4.8,,0|0|0|0|0|0|0|0,33.04|44.33|2.98|24.52|46.49|58.07|15.99|14.42,0.14|25.24|0.62|2.8|2.87|8.09|6.25|3.13
Corporate Merch,https://www.screener.in/company/540199/,286 Cr.,45.1,414 / 38.8,213,16.5,0.00 %,2.68 %,4.45 %,10.0,4.98,,0.00 %,0.00 %,%,92.1 %,58.9 %,58.9 %,%,527 %,145 %,66.2 %,0.00 %,0.46,0.00 %,0.00 Cr.,0.00 Cr.,0.00 Cr.,Financial Services,Financial Services,Finance,Other Financial Services,-0.52,0.33,0.51,1.02,0.06|0.21|6.39|1.76|3.09|0.08|0.05|-0.08,-54.60,-74.93,-0.01|0|-0.06|0.27|-0.08|-0.1|0.12|0.02|0|-15.43|-74.93|-54.6,-16.97,11.11|10|5.26|5|0|0|5.56|0|-12.5|-170|92.1,,,,0|0|0|0|0|0|0|0,0.09|0.1|0.19|0.2|0.16|0.18|0.18|0.1|0.08|0.1|3.67|0,0|0.01|0.01|0.01|0|0|0.01|0|-0.01|-0.23|2.16|2.44
Mercury EV-Tech,https://www.screener.in/company/MERCURYEV/consolidated/,758 Cr.,39.9,51.9 / 20.0,166,14.8,0.00 %,2.64 %,1.51 %,1.00,3.37,5.54,-0.74 %,0.00 %,5.16 %,9.08 %,4.09 %,8.60 %,85.1 %,44.7 %,38.6 %,%,0.00 %,0.03,0.00 %,0.00 Cr.,0.00 Cr.,0.00 Cr.,Consumer Discretionary,Automobile and Auto Components,Automobiles,Passenger Cars & Utility Vehicles,1.65,0.30,0.89,1.72,0.09|0.23|0.08|0.07|0.09|0.05|0.02|0.09,,-44,0|-14|-15|-44,12.20,24|10|13|9|5,,0.16|1.69|1.92|1.9|1.9|2.68|2.44|1.7,,0|0|0|0|0,1|16|22|89|102,0|1|2|8|4
Jhaveri Credits,https://www.screener.in/company/531550/,226 Cr.,204,243 / 146,,127,0.00 %,2.63 %,2.62 %,10.0,8.32,-5.96,-0.61 %,0.00 %,-2.41 %,14.4 %,2.45 %,10.3 %,112 %,56.7 %,37.9 %,46.6 %,0.00 %,0.08,13.5 %,0.00 Cr.,0.00 Cr.,0.00 Cr.,Financial Services,Financial Services,Finance,Other Financial Services,-1.48,2.88,-7.17,1.23,1.56|1.18|11.77|1.32|1.3|-7.56|3.04|-1.33,-4.70,-6.88,3.91|-5.85|1.87|-1.47|-0.29|-1.33|-0.87|4.92|1.72|-7.88|-6.88|-4.7,7.11,1.71|5.64|9.43|14.96|-52.56|-43.64|-0.28|5.53|8.28|9.69|14.45|-2.41,,3.51|3.61|4.4|4.4|4.17|4.17|4.17|3.56,0.78|0.78|0|0|0|0|0|0,0|0|0|0|0|0|0|0|0|0|0|0,1.75|1.95|1.59|1.27|0.78|0.55|3.62|9.58|11.71|26.21|23.32|111.21,0.03|0.01|-0.02|0.16|-0.47|-0.26|-0.39|0.27|0.79|1.61|2.41|1.95
Kothari Products,https://www.screener.in/company/KOTHARIPRO/consolidated/,377 Cr.,63.1,101 / 55.2,38.4,194,0.00 %,2.63 %,1.90 %,10.0,3.85,2.69,0.00 %,0.00 %,-4.71 %,-9.06 %,2.12 %,-7.76 %,-10.0 %,38.2 %,38.3 %,17.2 %,0.00 %,0.09,0.00 %,0.00 Cr.,0.00 Cr.,0.00 Cr.,Services,Services,Commercial Services & Supplies,Trading & Distributors,7.50,-1.95,9.91,3.99,-20.12|1.77|1.72|3.56|0.81|1.66|-0.33|1.26,,100,295|-224|12|-781|-1272|-63|120|670|241|162|100,-2.98,2.4|2.7|2.8|1.6|2.5|-1.4|-2.7|0.3|-1.2|-0.3|-9|-4.7,,0|0|0|0|0|0|0|0,,16|13|12|8|2|0|0|0|0|0|0|0,6634|6866|6334|6367|5719|4113|3117|3397|1387|992|958|1010,74|67|76|55|124|35|-56|15|5|32|-94|33
Hathway Cable,https://www.screener.in/company/HATHWAY/consolidated/,"1,767 Cr.",9.98,15.1 / 8.76,23.3,25.2,0.00 %,2.62 %,1.90 %,2.00,1.65,119,-0.27 %,0.00 %,15.2 %,16.9 %,3.91 %,4.72 %,4.97 %,10.3 %,10.3 %,-16.3 %,0.00 %,0.00,0.00 %,0.00 Cr.,0.00 Cr.,0.00 Cr.,Consumer Discretionary,"Media, Entertainment & Publication",Entertainment,TV Broadcasting & Software Production,25,11,22,18,0.15|0.08|0.2|0.18|0.1|0.12|0.06|0.14,199,290,226|83|325|293|246|432|467|333|453|-405|290|199,17.60,14|11|15|22|20|25|28|22|17|17|17|15,,3.07|1.84|0.46|1.01|0.84|0.72|0.64|0.37,0.06|0.07|0.07|0.08|0|0|0|0,0|0|0|0|0|0|0|0|0|0|0|0,1832|1137|1344|1535|1558|1798|1732|1793|1858|1981|2040|2150,-167|-238|-193|-108|-188|105|253|130|65|99|93|82
Quest Capital,https://www.screener.in/company/500069/,254 Cr.,254,355 / 222,11.2,"1,051",0.98 %,2.58 %,1.98 %,10.0,29.0,,0.00 %,0.00 %,97.7 %,97.6 %,75.1 %,76.1 %,-0.78 %,7.65 %,7.65 %,9.57 %,0.00 %,0.00,0.00 %,2.50 Cr.,2.50 Cr.,2.50 Cr.,Financial Services,Financial Services,Capital Markets,Other Capital Market related Services,0.73,0.53,20.70,0.76,1.06|0.3|17.09|1.54|0.76|20.7|0.53|0.73,-7,38,-3|-9|-1|2|-5|-3|-4|-30|15|19|38|-7,88.40,66|81|78|29|76|51|45|74|74|98|98|98,,2.91|2.91|2.91|5.48|5.48|5.48|5.48|5.48,,14|16|16|52|16|29|17|11|13|12|13|11,7|9|15|12|17|18|46|39|32|26|26|31,4|6|9|3|13|9|15|22|19|20|20|24
National Perox.,https://www.screener.in/company/544205/,346 Cr.,602,708 / 350,18.6,630,1.16 %,2.55 %,1.76 %,10.0,3.22,19.0,0.00 %,0.00 %,8.37 %,5.71 %,2.16 %,-0.48 %,-8.41 %,-40.5 %,%,%,0.00 %,0.04,0.00 %,4.02 Cr.,0.00 Cr.,Cr.,Commodities,Chemicals,Chemicals & Petrochemicals,Commodity Chemicals,6.61,9.23,1.83,0.39,1.18|-2.64|-11.29|1.55|0.68|3.18|16.06|11.5,34,19,67|36|19|34,10.25,16|11|6|8,,0|0|0|0|0|0|0|0,0.01|0.01|0.01|0.01|0.01|0.01|0|0,0|43|0|69,377|333|287|290,40|17|-2|6
Country Club Hos,https://www.screener.in/company/CCHHL/consolidated/,213 Cr.,13.0,18.0 / 9.90,26.8,18.2,0.00 %,2.51 %,2.58 %,2.00,0.74,36.3,0.00 %,0.00 %,-22.5 %,-11.0 %,10.1 %,9.52 %,6.87 %,-14.4 %,-14.4 %,16.7 %,0.00 %,0.08,0.00 %,0.00 Cr.,0.00 Cr.,0.00 Cr.,Consumer Discretionary,Consumer Services,Leisure Services,Hotels & Resorts,0.42,-16.84,-1.31,0.13,-0.2|-0.07|0.56|0.02|0.01|-0.08|-1.03|0.03,-26,-9,28|163|83|51|89|-325|17|-16|-65|-5|-9|-26,-26.46,27|25|24|17|18|8|-7|-55|-45|1.7|-11|-23,,0.49|0.49|0.49|0.49|0.49|0.49|0.49|0.49,,0|0|0|0|0|0|0|0|0|0|0|0,497|521|453|330|265|153|48|57|64|52|46|78,27|27|5|-48|-54|-92|-49|-44|13|-5|4|-18
Saurashtra Cem.,https://www.screener.in/company/SAURASHCEM/consolidated/,596 Cr.,53.5,112 / 47.6,37.1,86.4,0.00 %,2.51 %,2.29 %,10.0,1.18,1.20,-0.08 %,0.00 %,3.16 %,2.90 %,1.31 %,-0.30 %,0.42 %,44.6 %,38.3 %,-28.3 %,0.00 %,0.11,0.00 %,0.00 Cr.,0.00 Cr.,4.44 Cr.,Commodities,Construction Materials,Cement & Cement Products,Cement & Cement Products,9.13,18.83,-10.29,-10.98,-2.83|-0.39|2.96|1.51|-0.99|-0.92|1.69|0.82,36,30,78|72|34|49|15|63|134|-8|21|155|30|36,3.58,16|12|6|9|0.8|18|17|4.4|0.4|7|2.9|3.2,,0.03|0.01|0.04|0.02|0.04|0.2|0.16|0.08,0.36|0.36|0.36|0.12|0.12|0.12|0.12|0.12,0|14|50|11|0|22|17|0|0|39|0|0,563|530|470|574|622|608|674|1451|1645|1765|1538|1666,68|44|14|62|-5|57|72|23|-22|57|7|14
Atvo Enterprises,https://www.screener.in/company/532090/,427 Cr.,39.9,45.9 / 12.0,"2,135",1.10,0.00 %,2.48 %,1.80 %,1.00,5.23,,0.00 %,0.00 %,-7.86 %,-12.1 %,3.51 %,2.47 %,23.4 %,17.3 %,17.3 %,26.5 %,0.00 %,0.00,5.29 %,0.00 Cr.,0.00 Cr.,0.00 Cr.,Consumer Discretionary,Textiles,Textiles & Apparels,Other Textile Products,0.05,0.05,0.07,0.03,0|0|0|0.01|0|0.01|0|0,0.01,0.03,0.1|0.83|-2.16|3.66|-3.3|0.99|-0.74|-6.84|1.84|-0.3|0.03|0.01,-12.41,4.81|5.29|12.9|15|-9.24|-56.67|-333.33|-12.5|-16.35|-13.21|-12.13|-7.86,,,,0|0|0|0|0|0|0|0|0|0|0,4.16|4.16|0.62|0.6|1.84|0.3|0.03|2.72|3.18|3.71|4.45|5.98,0.12|0.14|0.04|0.33|0.01|0.01|0|0.08|0.13|0.1|0.11|0.21
Polo Queen Ind.,https://www.screener.in/company/540717/consolidated/,284 Cr.,8.47,50.0 / 6.97,125,5.77,0.00 %,2.48 %,1.34 %,2.00,0.99,3.25,0.00 %,0.00 %,5.63 %,5.56 %,3.39 %,2.69 %,-0.39 %,3.17 %,3.17 %,62.0 %,0.00 %,0.06,-0.04 %,0.00 Cr.,0.00 Cr.,0.00 Cr.,Services,Services,Commercial Services & Supplies,Trading & Distributors,0.43,0.34,0.78,0.73,0.02|0.02|0.02|0.02|0.02|0.02|0.01|0.01,2.55,2.50,3.8|2.49|5.49|0.6|2.36|3|5.58|4.4|2.5|2.55,6.15,5.51|4.11|3.71|0.87|5.14|7.25|7.14|5.19|5.56|5.63,,,,0|0|0|0|0|0|0|0|0|0,61.31|71.84|51.72|17.34|32.12|56.52|76.75|68.44|80.42|75.86,1.14|1.02|0.59|-0.34|0.33|1.43|2.36|2.87|2.64|2.57
FCS Software,https://www.screener.in/company/FCSSOFT/consolidated/,241 Cr.,1.41,2.54 / 1.05,61.5,2.43,0.00 %,2.40 %,0.82 %,1.00,3.09,2.12,0.00 %,0.00 %,8.08 %,13.9 %,6.02 %,10.2 %,18.5 %,41.0 %,41.0 %,20.5 %,0.00 %,0.00,0.00 %,0.00 Cr.,0.00 Cr.,0.00 Cr.,Information Technology,Information Technology,IT - Services,IT Enabled Services,0.63,5.40,-1.97,-1.24,0.01|0.01|0|0|-0.01|-0.01|0.03|0,32.15,10.21,4.66|18.44|-9.01|68.44|-0.92|-5.24|3.86|4.38|2.27|22.66|10.21|32.15,14.94,-1.16|-11.11|-20.71|-3.7|8.39|-6.05|16.5|16.58|15.98|20.14|13.93|8.08,,0.04|0|0|0.02|0|0|0.01|0.01,,0|0|0|0|0|0|0|0|0|0|0|0,76.56|42.49|36.6|34.31|40.4|37.33|34.06|34.62|34.91|36.7|36.54|58.15,-44.96|-45.95|-45.5|-58.36|-165.71|-23.8|-12.33|-0.05|1.46|-12.05|3.73|2.62
Simplex Infra,https://www.screener.in/company/SIMPLEXINF/consolidated/,"1,988 Cr.",251,318 / 136,44.0,123,0.00 %,2.40 %,5.26 %,2.00,2.29,5.77,-0.10 %,0.78 %,5.41 %,2.11 %,3.90 %,-1.61 %,-18.3 %,27.5 %,27.1 %,15.5 %,33.1 %,1.68,0.00 %,0.00 Cr.,0.00 Cr.,0.00 Cr.,Industrials,Construction,Construction,Civil Construction,11,19,8,9,-1.89|-1.96|6.46|0.6|1.08|1|2.4|1.32,74,208,2|520|673|401|33|-19|-483|-447|-432|-83|208|74,2.12,10|12|11|11|12|2.6|0.3|0.7|0.7|2.1|2.1|5,,0.42|0.46|0.62|0.6|0.44|0.38|0.49|0.39,0.67|0|0|3.39|5.65|5.8|5.81|6.59,4|2|2|2|2|0|0|0|0|0|0|0,6202|5894|5612|5767|6117|4026|2200|2047|1874|1388|1076|1021,53|105|134|113|122|-321|-469|-527|-471|-72|12|40
Avishkar Infra,https://www.screener.in/company/508929/consolidated/,"1,271 Cr.",567,714 / 351,,5.52,0.00 %,2.34 %,-16.6 %,10.0,2.51,0.34,0.00 %,0.00 %,%,77.1 %,134 %,134 %,%,%,%,%,0.00 %,2.32,0.00 %,0.00 Cr.,0.00 Cr.,Cr.,Consumer Discretionary,Realty,Realty,"Residential, Commercial Projects",-0.35,-1.06,0.03,-0.46,1.63|-0.21|-0.21|0.01|-0.44|-0.15,5.64,-28.96,2.14|-28.96|5.64,77.08,77.08,,,0|0|0|0|0|0|0|0,0|0|0,0|2.4|0,-1.02|4.2|-2.35
Jyoti Structures,https://www.screener.in/company/JYOTISTRUC/consolidated/,"1,109 Cr.",9.29,16.9 / 7.92,17.2,3.98,0.00 %,2.25 %,10.8 %,2.00,6.00,14.0,-0.12 %,0.00 %,6.45 %,7.62 %,7.46 %,7.14 %,48.5 %,151 %,138 %,14.9 %,0.00 %,4.39,0.00 %,0.00 Cr.,0.00 Cr.,0.00 Cr.,Industrials,Capital Goods,Electrical Equipment,Heavy Electrical Equipment,19,18,17,10,0.06|0.09|0.1|0.09|0.08|0.14|0.15|0.16,-269,-177,-88|-1130|-1764|1190|-9|-4|-2|-100|-36|-19|-177|-269,-161.64,9|2.8|0.7|-973|-361|-4948|-826|0|3.8|8|6,,1.41|1.1|1.53|1.54|1.04|1.41|1.36|1.24,1.86|1.62|0.51|0.45|0.45|0.14|0.13|0.13,0|0|0|0|0|0|0|0|0|0|0|0,3636|3111|2947|324|182|16|0|4|229|451|498|751,-9|-396|-704|-4201|-1785|-2329|-1759|-42|-4|29|36|56
NIIT,https://www.screener.in/company/NIITLTD/consolidated/,"1,254 Cr.",91.6,112 / 49.0,89.3,78.5,1.09 %,2.24 %,0.87 %,2.00,1.14,25.3,-2.05 %,-0.03 %,-3.37 %,0.98 %,2.70 %,13.4 %,4.57 %,41.3 %,40.7 %,-38.2 %,0.00 %,0.01,3.90 %,13.6 Cr.,13.6 Cr.,16.8 Cr.,Consumer Discretionary,Consumer Services,Other Consumer Services,Education,7.52,-3.48,4.57,0.65,0.87|0.99|0.97|0.32|0.1|0.29|-0.32|0.59,7,29,31|70|111|88|46|51|236|288|2|9|29|7,-0.38,2.7|7|7|8|8|6|17|1|-1|0.5|1|-3.4,,13.58|13.46|12.5|12.21|11.75|11.25|10.11|8.06,11.51|11.51|11.51|11.26|11.2|11.17|11.17|11.14,0|0|0|0|97|11|25|18|212|26|29|258,953|1002|845|850|865|889|960|251|341|303|358|390,-140|70|42|64|87|1327|144|230|8|40|48|6
Blue Pearl Agri,https://www.screener.in/company/514440/,433 Cr.,7.19,105 / 7.16,413,1.02,0.00 %,2.23 %,1.69 %,1.00,3.83,,-0.20 %,0.00 %,2.74 %,2.21 %,2.06 %,1.81 %,510 %,372 %,34.7 %,%,0.00 %,0.00,0.00 %,0.00 Cr.,0.00 Cr.,0.00 Cr.,Commodities,Chemicals,Chemicals & Petrochemicals,Commodity Chemicals,0.28,0.21,0.28,0.28,1.38|1.42|-0.01|0|0|0|0|0,-0.04,-59.99,-0.01|0.03|-0.03|0.01|0.09|-0.02|-0.05|0.01|-0.05|0.2|-59.99|-0.04,-7.21,0|0|0|0|0|0|0|-9.52|-4.55|-26.92|2.21|2.74,,0|0|23.24|23.24|23.24|23.24|23.76|23.56,0.02|0.02|0|0|0|0|0|0,0|0|0|0|0,0.17|0.18|0.18|0.17|0.16|0.23|0.25|0.21|0.22|0.26|35.33|50,0|0|0|0|0|0|0|-0.02|-0.01|-0.07|0.64|1.03
Vikas Lifecare,https://www.screener.in/company/VIKASLIFE/consolidated/,225 Cr.,1.21,2.37 / 1.05,12.2,2.97,0.00 %,2.16 %,3.40 %,1.00,1.65,2.10,0.00 %,0.00 %,-23.3 %,-1.60 %,3.68 %,-0.85 %,1.61 %,46.9 %,42.7 %,35.3 %,0.03 %,0.19,0.00 %,0.00 Cr.,0.00 Cr.,0.00 Cr.,Services,Services,Commercial Services & Supplies,Trading & Distributors,42,-29,-119,125,-0.02|0.01|-0.04|-0.02|0.67|-0.64|-0.16|0.22,310,-222,-8|-15|-112|-42|-222|310,-4.30,10|-0.3|2.5|0.9|-1.6|-23,,0.5|0.49|0.46|0.38|0.3|0.28|0.26|0.26,,0|0|0|0|0|0,75|301|476|446|480|499,-4|29|-16|13|-11|18
Caprihans India,https://www.screener.in/company/509486/,213 Cr.,121,139 / 50.3,,164,0.00 %,2.15 %,-17.0 %,10.0,1.03,0.64,0.00 %,0.00 %,5.70 %,4.95 %,-6.55 %,-7.48 %,-8.81 %,%,-39.4 %,%,0.00 %,3.01,0.00 %,0.00 Cr.,0.00 Cr.,0.00 Cr.,Industrials,Capital Goods,Industrial Products,Plastic Products - Industrial,7.01,6.31,-15.96,-24.98,-21.59|-14.09|1.77|-9.27|-17.08|-10.91|3.97|3.98,121,107,14|15|-8|1|-3|10|8|10|-53|-47|107|121,6.00,4.4|7|5|2.6|1.9|4|8|7|6|6|5|6,,,0.01|0.01|0.01|0.01|0.01|0.01|0.01|0.01,28|36|20|48|27|0|0|0|0|0|0|0,253|239|233|249|269|289|297|798|937|704|752|710,7|5|10|4|4|9|20|-40|72|-52|-62|-48
Lakshmi Mills,https://www.screener.in/company/LAKSHMIMIL/,533 Cr.,"7,654","8,950 / 6,863",54.5,"10,240",0.13 %,2.09 %,-2.00 %,100,1.06,2.38,0.00 %,0.00 %,12.1 %,7.67 %,-6.62 %,-1.99 %,0.20 %,%,%,%,0.00 %,0.11,0.34 %,6.96 Cr.,0.00 Cr.,1.87 Cr.,Consumer Discretionary,Textiles,Textiles & Apparels,Other Textile Products,3.11,1.92,2.04,2.52,16.39|-55.64|-9.49|-316.71|36.23|29.33|27.6|44.71,8,28,19|11|16|13|3|29|8|28|38|16|28|8,7.22,8|7|6|8|6|3.5|13|14|1.9|0.2|8|12,,0.23|0.23|0.23|0|0|0|0|0,2.45|2.45|2.45|2.44|2.44|2.44|2.44|2.44,24|60|59|44|-4|0|0|7|-12|0|0|-45,221|199|227|239|248|218|184|347|240|253|263|242,4|1|1|1|-8|-2|4|24|-5|-14|-5|-16
Oricon Enterpris,https://www.screener.in/company/ORICONENT/consolidated/,828 Cr.,52.8,73.1 / 48.8,50.0,73.3,0.38 %,2.08 %,1.28 %,2.00,9.14,35.8,-0.08 %,-0.01 %,-117 %,-17.1 %,36.5 %,78.9 %,-33.9 %,9.19 %,9.19 %,37.2 %,0.00 %,0.00,0.00 %,3.14 Cr.,7.85 Cr.,8.48 Cr.,Industrials,Capital Goods,Industrial Products,Packaging,15,-4,9,9,8.19|0.2|0|0.78|0.56|0.56|-0.27|0.99,-2,-32,139|248|-35|102|159|272|83|34|25|58|-32|-2,-34.82,9|7|9|7|9|11|3.7|4.9|-23|-22|-17|-117,,0.07|0|0.01|0.09|0.28|0.1|0.08|0,1.59|1.13|0.32|0.32|0.32|0.32|0.31|0.3,16|42|0|44|22|56|-401|12|53|26|6|12,1048|1165|1167|1014|1119|890|437|510|146|146|172|42,85|32|50|22|40|26|-7|114|15|30|139|26
GFL,https://www.screener.in/company/GFLLIMITED/consolidated/,620 Cr.,56.4,81.0 / 37.1,10.2,233,0.00 %,2.07 %,1.77 %,1.00,51.5,,0.03 %,-0.06 %,51.4 %,"-1,325 %","1,134 %","-2,071 %",-88.3 %,66.7 %,66.7 %,18.7 %,0.00 %,0.00,0.00 %,0.00 Cr.,0.00 Cr.,0.00 Cr.,Financial Services,Financial Services,Finance,Holding Company,7.44,25.56,13.00,14.63,-3.22|0.42|-1.66|-0.74|1.33|1.18|2.33|0.68,0,0,149|379|732|952|996|1214|-156|89|402|0|0|0,-280.40,19|19|18|19|16|45|-61|11|99|-238|-1325|51,,0.27|0.22|0.25|0.21|0.23|0.2|0.17|0.2,1.97|1.97|1.79|1.53|1.39|0.42|0.06|0,7|10|44|15|0|0|0|0|0|0|0|0,5310|6972|6288|3893|2969|1908|117|699|2454|4|4|4,667|609|215|240|1349|-236|-430|-244|2235|-8|-76|45
NDL Ventures,https://www.screener.in/company/NDLVENTURE/,414 Cr.,123,140 / 79.3,552,17.6,0.41 %,2.04 %,1.53 %,10.0,11.5,,-0.01 %,0.00 %,8.91 %,7.14 %,22.5 %,14.0 %,%,49.9 %,49.9 %,15.1 %,0.00 %,0.00,0.00 %,1.68 Cr.,1.68 Cr.,5.39 Cr.,Financial Services,Financial Services,Finance,Other Financial Services,0.09,0.15,0.23,0.28,0.06|0.02|0.04|0.07|0.08|0.07|0.04|0.03,-4.68,-4.21,8.27|-3.8|-129.04|-73.05|-173.19|225.36|121.18|34.4|74.87|-10.73|-4.21|-4.68,22.16,85.82|49.27|86.16|87.49|-43.13|-8.81|21.3|62.37|11.06|7.14|8.91,,5.32|5.38|5.38|5.38|5.38|5.32|5.39|5.38,1.29|1.29|0.04|0.04|0.04|0.04|0.04|0.04,33.31|35.77|34.96|37.07|-7.06|-8.81|-18.32|-15.13|2494.07|207.84|285.34|185,110.43|332.47|201.74|252.88|597.92|813.58|694.74|69.3|0|4.61|4.2|4.04,92.59|100.59|102.91|97.05|-509.6|-116.7|-52.5|-88.99|0.27|1.62|0.59|0.91
Oswal Agro Mills,https://www.screener.in/company/OSWALAGRO/consolidated/,455 Cr.,33.9,81.0 / 32.4,,66.8,0.00 %,2.03 %,-2.00 %,10.0,52.3,11.9,-0.03 %,0.02 %,3.37 %,82.9 %,-96.0 %,69.8 %,-11.7 %,%,%,%,0.00 %,0.00,0.00 %,0.00 Cr.,0.00 Cr.,0.00 Cr.,Services,Services,Commercial Services & Supplies,Trading & Distributors,5.13,-45.61,4.36,1.77,0.15|3.27|4.7|1.3|0.13|0.32|-3.4|0.38,51,56,-113|-111|161|-32|11|-28|-63|7|-16|-82|56|51,-73.12,24|-36|-44|-44|-109|-37|-81|-34|-337|83|3.4,,0.01|0|0.02|0.1|0|0|0.03|0,0.18|0.18|0.18|0.14|0.1|0.1|0.09|0.11,0|0|0|0|0|0|0|0|0|0|0|0,42|15|16|22|0|15|29|11|28|2|162|19,16|17|31|27|26|32|23|19|24|5|113|-22
Sagar Cements,https://www.screener.in/company/SAGCEM/consolidated/,"1,984 Cr.",152,280 / 142,,130,0.00 %,1.97 %,-1.05 %,2.00,0.63,0.09,-0.06 %,-0.09 %,11.0 %,6.25 %,-0.28 %,-8.62 %,5.93 %,%,%,%,30.0 %,1.01,0.00 %,0.00 Cr.,0.00 Cr.,5.30 Cr.,Commodities,Construction Materials,Cement & Cement Products,Cement & Cement Products,-28,100,-64,-44,-4.25|-4.21|-5.41|0.09|-3.24|-4.41|6.7|-1.77,216,234,126|129|101|150|133|202|377|87|175|400|234|216,10.20,20|16|14|15|12|16|29|17|7|10|6|11,,2.64|2.63|2.58|2.63|2.84|1.76|1.67|1.61,17.54|17.87|18|17.87|17.39|18.37|18.48|18.39,24|20|-78|31|38|21|8|12|32|-21|0|0,425|753|814|1038|1218|1175|1371|1597|2230|2505|2258|2650,20|44|-4|26|14|27|186|59|8|-52|-217|-1
Atlantaa,https://www.screener.in/company/ATLANTAA/consolidated/,294 Cr.,36.0,73.4 / 31.5,,26.1,0.00 %,1.95 %,-0.81 %,2.00,1.60,0.59,0.00 %,0.00 %,49.0 %,48.1 %,-2.31 %,62.4 %,12.7 %,24.9 %,24.9 %,14.6 %,0.00 %,1.49,0.00 %,0.00 Cr.,0.00 Cr.,0.00 Cr.,Industrials,Construction,Construction,Civil Construction,-5.06,21.61,-0.80,-20.81,-0.21|2.66|1.14|-0.21|-2.55|-0.1|2.65|-0.62,-33.25,54.69,218.61|493.28|101.34|-18.62|80.12|151.33|106.91|109.16|45.75|-34.68|54.69|-33.25,10.52,21.38|7.92|52.76|29.53|-40.82|40.99|46.21|-122.62|38.08|40.1|48.06|48.97,,0.01|0|0|0|0|0|0|0,,5.06|0|8.18|-3.9|0|0|0|0|0|0|0|0,540.58|159.28|262.91|189.65|48.21|96.22|88.33|234.5|51.65|132.77|68.1|73.9,48.39|-39.58|29.88|-62.73|-92.02|-798.34|-70.14|-402.47|-32.4|467.86|42.57|-1.71
BIGBLOC Const.,https://www.screener.in/company/BIGBLOC/consolidated/,572 Cr.,40.4,80.0 / 37.9,340,9.71,0.00 %,1.87 %,-1.25 %,2.00,1.03,0.75,0.00 %,0.00 %,6.33 %,13.2 %,-2.95 %,1.39 %,12.3 %,%,%,%,0.00 %,1.47,0.00 %,0.00 Cr.,0.00 Cr.,1.56 Cr.,Commodities,Construction Materials,Cement & Cement Products,Cement & Cement Products,-0.72,-0.82,0.44,-3.15,0.15|0.15|0.07|-0.23|-0.08|0.13|0.06|0.01,19,13,4|6|4|24|32|19|13|19,16.60,7|9|12|16|25|23|13|6,,0.24|0.24|0.31|0.22|0.21|0.24|0.21|0.21,0.08|0.08|0|0|0|0|0|0,0|14|14|13|9|9|0|0,100|119|103|175|200|243|224|283,-1|2|2|16|30|31|3|-8
Guj Apollo Inds,https://www.screener.in/company/GUJAPOLLO/consolidated/,454 Cr.,350,519 / 300,80.9,391,0.57 %,1.82 %,1.19 %,10.0,4.64,2.79,-0.18 %,0.00 %,-20.3 %,-33.0 %,11.2 %,1.86 %,-9.65 %,-19.0 %,-21.5 %,0.38 %,0.00 %,0.08,0.00 %,2.59 Cr.,2.36 Cr.,2.41 Cr.,Industrials,Capital Goods,Industrial Manufacturing,Industrial Products,0.81,1.83,0.63,2.34,4.06|1.97|-7.42|0.97|1.98|0.49|1.41|0.62,-38.78,-15.57,-36.42|16.02|-2.11|-40.03|-8.15|10.5|-63.27|-14.46|-69.55|7.4|-15.57|-38.78,-14.09,-8.16|-10.53|-24.36|-13.53|-22.13|-25.59|-19.99|-6.62|-7.11|-3.37|-33.04|-20.31,,0.03|0.01|0.01|0.14|0|0.05|0.18|0,,-379|17.88|10.91|12.06|19.83|27.97|5.68|28.85|18.93|20.83|160.54|43.6,80.86|81.59|67.57|68.44|30.05|26.49|55.03|55.63|71.84|56.74|41.46|52.98,-1|19.1|31.29|31.49|19.15|13.58|44.6|8.18|12.47|11.33|1.47|5.95
Rajapalayam Mill,https://www.screener.in/company/RAJPALAYAM/consolidated/,729 Cr.,791,928 / 668,5.91,"2,633",0.06 %,1.81 %,4.79 %,10.0,0.78,0.89,0.00 %,0.00 %,12.9 %,8.15 %,12.0 %,1.82 %,3.01 %,14.5 %,14.5 %,1.61 %,0.00 %,0.47,0.00 %,0.46 Cr.,0.46 Cr.,0.65 Cr.,Consumer Discretionary,Textiles,Textiles & Apparels,Other Textile Products,18,30,60,17,-6.18|37.2|-5.03|8.81|18.55|64.56|32.11|19.03,66,116,44|45|32|76|21|43|34|4|-46|148|116|66,13.00,22|15|19|14|13|10|10|19|15|10|8|13,,0.07|0.07|0.07|0.07|0.07|0.07|0.07|0.07,0.02|0.02|0.02|0.02|0.02|0.02|0.02|0.02,20|2|2|3|3|1|0|1|1|1|3|0,367|393|407|426|413|358|412|690|862|859|898|942,23|103|145|115|104|92|101|167|82|44|17|114
Batliboi,https://www.screener.in/company/BATLIBOI/consolidated/,383 Cr.,81.1,157 / 66.4,25.8,40.4,0.74 %,1.79 %,0.37 %,5.00,1.22,4.21,0.00 %,0.00 %,1.22 %,2.61 %,0.24 %,1.55 %,5.33 %,-59.3 %,-65.5 %,15.8 %,0.00 %,0.42,-0.13 %,2.83 Cr.,2.82 Cr.,1.55 Cr.,Industrials,Capital Goods,Industrial Manufacturing,Industrial Products,0.49,4.71,-1.83,6.10,1.64|-0.15|1.59|-0.55|1.21|-0.52|1.07|0.22,14,-5,-19|-2|-9|1|2|11|-3|20|1|7|-5|14,3.94,-0.5|-1.3|-2.9|-2.3|1.9|-3.5|2.5|3.9|6|6|2.6|1.2,,0.31|0.33|0|0|0|0|0|0,0.29|0|0|0|0|0|0|0,0|0|0|0|0|0|0|0|0|16|49|-55,267|216|204|211|249|195|152|197|254|415|291|297,-12|0|-14|-10|13|-16|8|-5|11|13|6|-5
Nitiraj Engineer,https://www.screener.in/company/NITIRAJ/,238 Cr.,232,241 / 168,99.1,80.3,0.65 %,1.79 %,1.28 %,10.0,6.58,47.1,0.00 %,0.00 %,7.63 %,12.3 %,2.28 %,5.97 %,0.24 %,%,%,-21.8 %,0.00 %,0.00,0.00 %,0.00 Cr.,1.54 Cr.,0.62 Cr.,Consumer Discretionary,Consumer Durables,Consumer Durables,Consumer Electronics,1.02,-0.64,0.39,1.63,0.02|6.35|-0.06|-0.31|1.59|0.38|-0.62|1,-3.43,14.20,-2.94|-4.29|-4.96|-2.8|15.86|9.9|1.54|1.45|0.71|17.87|14.2|-3.43,10.10,14.13|14.05|13.51|9.74|16.17|7.52|15.19|4.54|7.68|18.31|12.32|7.63,,0|0|0.05|0|0|0|0|0,,0|0|3.57|0|0|0|0|0|0|12.77|31.83|0,43.51|61.06|58.84|38.8|53.88|47.86|53.4|39.63|46.08|100.44|76.52|46.41,4.18|5.36|4.6|3.07|6.07|2.59|3.63|-3.36|-0.37|12.04|4.83|1.06
SIL Investments,https://www.screener.in/company/SILINV/consolidated/,474 Cr.,447,772 / 376,9.45,"2,420",0.56 %,1.75 %,1.32 %,10.0,7.73,"6,149",0.00 %,0.00 %,83.0 %,78.3 %,60.9 %,57.1 %,12.8 %,10.4 %,10.4 %,13.2 %,0.00 %,0.00,0.00 %,2.65 Cr.,2.65 Cr.,2.65 Cr.,Financial Services,Financial Services,Finance,Investment Company,21,-9,20,20,15.41|13.03|-2.54|7.47|18.44|18.37|-8.59|19.08,48,10,-7|-5|-10|-75|68|24|-17|30|100|16|10|48,82.20,94|89|89|97|81|87|78|86|85|79|78|83,,0.3|0.09|0.09|0.09|0.09|0.09|0.09|0.09,0.05|0.05|0.05|0.05|0.05|0.05|0.02|0.02,11|10|8|1|8|8|13|8|9|9|9|7,27|26|32|178|26|39|28|49|44|51|55|63,12|13|19|136|20|36|21|33|29|30|31|38
Sakuma Exports,https://www.screener.in/company/SAKUMA/consolidated/,237 Cr.,1.51,3.10 / 1.10,22.2,4.78,0.00 %,1.74 %,1.31 %,1.00,4.55,14.4,0.00 %,0.00 %,0.42 %,0.61 %,0.56 %,0.50 %,-18.6 %,-27.9 %,-27.9 %,-1.18 %,0.00 %,0.01,0.00 %,0.00 Cr.,7.84 Cr.,2.27 Cr.,Services,Services,Commercial Services & Supplies,Trading & Distributors,2.82,6.52,0.61,0.73,0.01|0.02|0.03|0.01|0|0|0.04|0.02,269,-138,-6|4|1|86|12|86|-77|-57|91|-85|-138|269,1.00,0.9|1.6|1.3|1.4|2.1|0.7|1.2|1.1|1.2|1.7|0.6|0.4,,0.13|0.13|0.13|0.13|0|0|0|0,,8|5|5|4|3|0|11|4|4|3|53|0,1799|3131|3915|4546|4363|2546|1328|2853|3173|2125|2290|1708,20|32|36|49|70|18|11|27|28|40|15|10
Praveg,https://www.screener.in/company/PRAVEG/consolidated/,647 Cr.,247,410 / 175,,172,0.20 %,1.72 %,-2.51 %,10.0,1.40,0.27,-0.91 %,-0.86 %,23.9 %,30.2 %,-4.11 %,9.98 %,41.8 %,%,%,%,0.00 %,0.38,0.12 %,1.31 Cr.,2.61 Cr.,5.38 Cr.,Consumer Discretionary,Consumer Services,Leisure Services,Hotels & Resorts,-13,-5,10,-9,0.55|3.52|1.55|-2.35|-3.7|3.55|-1.91|-5.17,60,33,3|6|15|7|25|17|33|60,36.60,7|11|35|44|53|32|30|24,,10|10.41|10.57|5.48|5.01|3.47|2.73|1.82,4.88|5.28|4.21|7.65|6.04|4.86|4.65|3.79,0|73|69|91|33|19|16|-11,60|60|45|45|84|92|167|241,3|4|11|12|28|13|16|-10
HLV,https://www.screener.in/company/HLVLTD/,445 Cr.,6.75,12.3 / 5.52,57.0,7.14,0.00 %,1.60 %,1.07 %,2.00,1.75,3.47,-0.13 %,-0.02 %,7.13 %,13.8 %,2.49 %,12.5 %,5.14 %,-12.2 %,-12.2 %,16.1 %,36.5 %,0.07,0.00 %,0.00 Cr.,0.00 Cr.,0.00 Cr.,Consumer Discretionary,Consumer Services,Leisure Services,Hotels & Resorts,-0.78,8.60,6.87,-9.92,0.05|0.16|0.16|-0.05|-0.15|0.1|0.13|-0.01,36,34,231|174|220|192|209|139|-29|-49|35|24|34|36,3.40,14|23|25|-9|-54|-25|-280|-28|9|15|14|7,,0.16|0.14|0.13|0.08|0.09|0.11|0.16|0.03,1.55|1.56|1.56|1.56|1.56|1.56|1.55|1.53,0|0|0|0|0|0|0|0|0|0|0|0,636|661|698|138|154|146|19|73|173|199|203|201,-416|-180|-15|-23|-119|194|-36|-43|8|24|26|2
Kiran Vyapar,https://www.screener.in/company/KIRANVYPAR/consolidated/,566 Cr.,207,230 / 148,81.9,817,0.48 %,1.59 %,0.05 %,10.0,22.4,1.51,0.00 %,0.00 %,39.2 %,60.4 %,0.52 %,52.1 %,16.6 %,-70.3 %,-70.3 %,-59.3 %,0.00 %,0.22,0.00 %,2.70 Cr.,2.70 Cr.,2.97 Cr.,Financial Services,Financial Services,Finance,Non Banking Financial Company (NBFC),19,-10,-3,-0,11.46|2.96|-4.67|7.09|0.03|-0.9|-3.79|7.19,-77,-68,89|18|-96|14|23|-30|-10|65|-45|58|-68|-77,,,,,,9|18|13|22|30|-25|4|3|7|5|4|265,,75|39|51|30|24|-8|98|118|39|52|59|1
STEL Holdings,https://www.screener.in/company/STEL/consolidated/,"1,207 Cr.",654,735 / 342,61.5,872,0.00 %,1.58 %,1.18 %,10.0,27.9,,0.00 %,-0.06 %,97.3 %,97.1 %,72.4 %,72.4 %,16.9 %,17.4 %,17.4 %,18.1 %,0.00 %,0.00,0.40 %,0.00 Cr.,0.00 Cr.,0.00 Cr.,Financial Services,Financial Services,Finance,Investment Company,-0.13,0.52,12.58,6.65,3.1|0.05|5.41|0.19|3.6|6.82|0.28|-0.07,-6,43,0|-4|-3|-2|-1|21|-10|15|14|12|43|-6,96.60,92|-39|85|87|94|96|96|97|96|96|97|97,,0.13|0.08|0.02|0|0.01|0|0.01|0.01,0.17|0.17|0.17|0.17|0.17|0.15|0.13|0.07,0|0|0|0|0|0|0|0|0|0|0|0,4|10|7|7|10|16|12|20|17|18|22|27,4|-4|5|6|9|15|9|15|12|13|16|20
Summit Securitie,https://www.screener.in/company/SUMMITSEC/consolidated/,"1,539 Cr.","1,412","2,559 / 1,306",12.9,"7,847",0.00 %,1.52 %,1.14 %,10.0,0.87,,-0.02 %,0.00 %,96.9 %,96.0 %,72.6 %,67.1 %,41.8 %,41.3 %,41.3 %,41.7 %,0.00 %,0.00,0.00 %,0.00 Cr.,0.00 Cr.,0.00 Cr.,Financial Services,Financial Services,Finance,Investment Company,35,-23,17,91,68.93|-4.46|-4.26|18.52|83.16|15.61|-21.32|32.37,98,74,24|48|2|31|-4|80|-1|47|38|36|74|98,95.40,94|95|54|98|92|86|89|95|93|96|96|97,,0.44|0.06|0.04|0.07|0.11|0.04|0.07|0.05,0.21|0.21|0.27|0.3|0.43|0.45|0.46|0.46,0|0|0|0|0|0|0|0|0|0|0|0,26|53|5|141|38|82|29|74|51|102|119|144,25|50|7|121|34|72|18|51|37|76|69|105
Veritas (India),https://www.screener.in/company/512229/consolidated/,428 Cr.,160,372 / 132,,"1,068",0.03 %,1.52 %,0.71 %,1.00,1.45,0.97,0.00 %,0.00 %,2.74 %,4.58 %,0.63 %,2.77 %,12.9 %,-40.8 %,-40.8 %,-29.0 %,0.00 %,0.15,0.00 %,0.13 Cr.,0.13 Cr.,0.13 Cr.,Commodities,Chemicals,Chemicals & Petrochemicals,Trading - Chemicals,3.66,-15.93,10.88,0.60,13.67|11.16|-0.41|9.01|0.22|4.06|-5.94|1.37,-233,41,-25|156|80|279|225|145|144|121|81|56|41|-233,5.26,3.8|4.7|5|4.7|6|7|9|7|7|5|4.6|2.7,,9.7|9.7|9.7|9.7|9.7|9.7|9.7|9.7,0|0.14|0.14|0.14|0.14|0.12|0|0,0|0|0|0|0|0|0|0|0|0|0|1,1503|1456|1648|1679|1876|2037|1876|2131|2163|3855|4098|3113,48|60|71|68|44|122|109|105|95|187|114|20
Hinduja Global,https://www.screener.in/company/HGS/consolidated/,"1,765 Cr.",379,550 / 342,,"1,788",1.32 %,1.46 %,0.39 %,10.0,1.66,0.54,-0.04 %,0.00 %,2.38 %,5.98 %,0.10 %,2.28 %,-1.49 %,-49.8 %,-47.8 %,-42.5 %,0.00 %,0.24,0.00 %,0.00 Cr.,0.00 Cr.,206 Cr.,Services,Services,Commercial Services & Supplies,Business Process Outsourcing (BPO)/ Knowledge Process Outsourcing (KPO),-66,-14,34,-27,-9.74|-0.57|0.82|3.75|-4.2|9.15|-1.78|-12.51,413,457,191|146|409|343|170|884|692|530|111|192|457|413,5.68,11|9|11|11|9|13|3.1|6|6|8|6|2.4,,12.88|11.98|11.93|11.83|11.83|11.82|11.77|11.73,0.24|0.24|0.01|0.01|0.01|0.01|0.01|0.01,25|31|12|10|12|21|25|15|24|24|0|0,2808|3321|3711|3849|4470|4986|2602|4273|4505|4616|4404|4307,165|100|179|199|176|206|336|6061|334|131|101|5
Purple Finance,https://www.screener.in/company/544191/,484 Cr.,72.0,78.5 / 33.0,,22.3,0.00 %,1.46 %,-6.33 %,10.0,6.06,0.81,0.74 %,-0.39 %,10.8 %,-87.7 %,-13.9 %,-105 %,165 %,-1.50 %,%,%,0.24 %,0.83,9.69 %,0.00 Cr.,0.00 Cr.,Cr.,Financial Services,Financial Services,Finance,Non Banking Financial Company (NBFC),0.38,0.02,0.01,-1.63,-1.02|-0.34|-0.72|-0.89|-0.3|0|0|0.06,-98.16,-77.93,-0.44|-60.21|-77.93|-98.16,,,,0|0|0|0|0|0|0|0.74,4.09|4.09|3.72|3.72|3.72|3.22|3.22|2.83,0|0|0|0,,-6.33|-7.61|-15.55|-6.44
Ekansh Concept,https://www.screener.in/company/531364/consolidated/,305 Cr.,202,272 / 143,,30.0,0.00 %,1.43 %,-6.54 %,10.0,1.37,0.32,0.00 %,0.00 %,-8.69 %,2.62 %,-11.4 %,-5.32 %,-26.3 %,%,%,%,0.00 %,0.57,0.00 %,0.00 Cr.,0.00 Cr.,0.00 Cr.,Services,Services,Commercial Services & Supplies,Consulting Services,0.30,-1.72,-3.28,1.28,1.24|-1.35|1.12|0.45|0.85|-2.17|-1.14|0.2,-13.35,25.04,243.25|-187.83|-0.48|19.45|-19.96|17.63|31.14|6.48|-44.01|-37.01|25.04|-13.35,0.17,1.81|-6.34|1.01|-8|-90.34|-5.35|3.31|-10.22|10.89|6.27|2.62|-8.69,,2.88|9.92|9.92|9.92|12.83|12.83|12.83|12.83,,0|0|0|0|0|0|0|0|0|0|0|0,44.81|19.09|12.93|19.88|10.46|54.16|51.72|49.88|67.32|43.4|39.32|26.94,1.02|0.42|1.11|1.05|-6.01|-6.67|7.44|7.4|7.51|-3.3|1.92|-3.04
Lotus Eye Hospit,https://www.screener.in/company/LOTUSEYE/,239 Cr.,115,153 / 97.6,"1,496",28.9,0.00 %,1.41 %,0.13 %,10.0,1.22,1.19,0.00 %,0.00 %,6.61 %,7.18 %,0.15 %,1.47 %,4.52 %,-73.0 %,-73.0 %,-44.4 %,87.2 %,0.26,0.00 %,0.00 Cr.,0.00 Cr.,0.42 Cr.,Healthcare,Healthcare,Healthcare Services,Hospital,0.61,-0.32,-0.26,0.12,0.05|-0.12|0.12|0.26|0.06|-0.13|-0.15|0.29,3.02,2.70,2.37|3.38|2.97|5.78|4.2|4.97|2.73|4.41|4.39|5.68|2.7|3.02,11.82,7.29|12.82|9.81|11.42|8.38|9.82|11.19|15.22|16.33|13.76|7.18|6.61,,0|0|0|0.01|0|0.01|0|0,0|0.04|0.04|0.02|0.02|0.02|0.02|0.02,0|0|236.36|59.43|0|0|66.24|34.9|25.49|0|0|0,29.9|31.13|33.96|38.02|38.43|40.55|32.35|38.9|47.03|48.2|49.55|53.7,-1.98|0.1|0.44|1.75|0.71|1.06|1.57|2.98|4.08|2.91|0.74|0.08
Oswal Green Tech,https://www.screener.in/company/OSWALGREEN/,499 Cr.,19.4,43.8 / 18.6,12.9,92.9,0.00 %,1.40 %,1.11 %,10.0,24.9,63.6,-0.01 %,0.00 %,-62.5 %,-122 %,73.4 %,24.2 %,-27.6 %,-10.7 %,-10.7 %,-11.6 %,0.00 %,0.00,0.00 %,0.00 Cr.,0.00 Cr.,7.70 Cr.,Financial Services,Financial Services,Finance,Investment Company,8.42,-83.16,8.58,5.50,0.15|0.02|-0.02|0.26|0.21|0.33|-3.24|0.33,-10,135,72|-13|55|-13|-22|-43|-46|-57|-145|-466|135|-10,-8.60,39|13|72|71|63|111|74|62|63|17|-122|-63,,0.03|0|0.02|0|0.01|0.01|0.02|0.01,0.02|0.02|0.02|0.02|0.02|0.02|0.02|0.02,0|0|0|0|0|0|0|0|102|0|0|0,84|458|105|103|112|116|113|105|97|91|35|37,37|36|47|43|48|71|50|46|38|6|9|-62
Raghuvir Synth,https://www.screener.in/company/514316/consolidated/,335 Cr.,86.4,129 / 82.6,,8.76,0.00 %,1.40 %,-3.70 %,1.00,0.94,0.52,0.23 %,0.00 %,3.12 %,4.92 %,-0.51 %,2.70 %,39.8 %,23.2 %,23.2 %,%,0.00 %,2.27,0.00 %,0.00 Cr.,0.00 Cr.,0.00 Cr.,Consumer Discretionary,Textiles,Textiles & Apparels,Other Textile Products,-3.58,-4.35,2.33,4.32,0.13|1.08|0.06|1.06|1.11|0.6|-1.12|-0.92,-43,24,5|7|14|16|24|-43,2.56,4.3|3.3|-4.5|6|4.9|3.1,,4.41|4.61|4.61|4.68|4.68|4.69|4.83|5.06,,0|0|0|0|0|0,174|215|93|241|333|255,6|3|-10|5|9|-1
BPL,https://www.screener.in/company/BPL/,224 Cr.,45.8,88.0 / 37.6,,48.6,0.00 %,1.37 %,-0.37 %,10.0,1.04,-9.95,-0.02 %,0.00 %,6.82 %,16.3 %,-1.16 %,21.7 %,14.4 %,%,%,14.4 %,79.6 %,0.45,0.00 %,0.00 Cr.,0.00 Cr.,0.00 Cr.,Consumer Discretionary,Consumer Durables,Consumer Durables,Consumer Electronics,-3.54,-10.99,0.16,-0.20,0.84|0.06|-3.56|0.56|-0.04|0.03|-2.24|-0.72,-86,9,-121|-20|-60|4|-7|8|1|0|6|8|9|-86,11.64,2.6|-2.1|-24|8|2.2|-17|5|0.2|13|22|16|7,,0|0.01|0.03|0|0.03|0.07|0.02|0,,0|0|0|0|0|0|0|0|0|0|0|0,24|40|94|124|140|95|44|38|52|66|78|78,8|-8|53|7|1|4|-21|13|6|13|0|-8
Lancer Containe.,https://www.screener.in/company/LANCER/consolidated/,450 Cr.,12.1,22.4 / 7.16,29.1,19.8,0.00 %,1.36 %,0.19 %,5.00,1.69,4.24,-0.01 %,-0.09 %,0.19 %,2.23 %,0.27 %,-0.31 %,-22.2 %,-72.2 %,-77.6 %,-43.1 %,0.00 %,0.04,3.41 %,0.00 Cr.,0.00 Cr.,0.00 Cr.,Services,Services,Transport Services,Logistics Solution Provider,5.24,10.90,-7.43,6.77,0.62|0.17|-1.3|-0.18|0.27|-0.3|0.31|0.15,11,310,17|32|47|-223|43|310|11,7.08,8|8|8|11|14|2.2|0.2,,6.16|1.06|0.74|0.74|0.61|0.43|0.43|0.42,2.68|2.35|2.31|2.31|2.31|1.64|1.64|1.55,0|5|0|0|0|0|0,265|313|642|837|633|699|394,8|10|29|54|58|0|6
AVATAR Industries,https://www.screener.in/company/AVATAR/consolidated/,217 Cr.,208,258 / 59.0,586,34.0,0.00 %,1.36 %,1.05 %,10.0,235,,0.00 %,0.00 %,-0.19 %,%,0.36 %,%,%,%,%,%,0.00 %,0.00,0.00 %,0.00 Cr.,0.00 Cr.,Cr.,Consumer Discretionary,Automobile and Auto Components,Auto Components,Auto Components & Equipments,,0,0,-0,-0.03|0.25|0.12,1,-0,0|1,-0.20,-0.2,,,,0|0,0|103,0|0
Texmaco Infrast.,https://www.screener.in/company/TEXINFRA/consolidated/,"1,447 Cr.",114,122 / 78.7,160,83.7,0.13 %,1.35 %,0.91 %,1.00,0.48,6.78,0.20 %,-0.02 %,-25.7 %,-44.9 %,63.9 %,-43.8 %,1.84 %,52.4 %,52.4 %,10.6 %,0.00 %,0.03,0.15 %,1.91 Cr.,1.91 Cr.,1.72 Cr.,Services,Services,Commercial Services & Supplies,Diversified Commercial Services,1.62,0.69,1.07,6.01,0.21|-0.89|0.09|0.26|0.47|0.08|0.05|0.12,15.70,184.37,6.13|4.92|-0.95|1.71|6.81|-0.58|-7.67|-3.43|-2.1|3.46|184.37|15.7,-26.18,32.65|40.19|27.49|25.83|12.78|10.38|-4.88|-38.3|-8.41|-13.62|-44.86|-25.72,,0.2|0.75|0.07|0.33|0.5|1.5|1.51|1.71,0.01|2.81|2.7|2.42|2.42|2.28|2.28|2.26,19.7|11.11|12.15|25.69|9.51|-23.23|23.02|-1.11|61.65|35.59|-26.5|17.48,16.97|20.33|23.9|18.27|19.01|18.78|14.75|19.11|16.53|16.08|15.87|17.46,9.74|23.04|21.03|9.98|26.85|-10.96|11.07|-86.24|3.08|5.4|-6.95|11.16
Aurum Proptech,https://www.screener.in/company/AURUM/consolidated/,"1,585 Cr.",220,265 / 151,"1,686",70.4,0.00 %,1.33 %,-3.76 %,5.00,1.11,0.97,0.29 %,0.00 %,22.1 %,15.8 %,-4.29 %,-15.9 %,44.3 %,14.4 %,14.4 %,%,0.00 %,0.44,0.48 %,0.00 Cr.,0.00 Cr.,0.00 Cr.,Information Technology,Information Technology,IT - Services,IT Enabled Services,45,16,3,-8,-3.27|-2.26|-2.46|-1.34|-1.19|0.45|2.31|6.33,63,28,0|-15|88|-23|48|119|-786|-24|-50|20|28|63,-18.72,1.3|2.9|2.8|10|-9|-106|-120|-13|1.4|16|22,,0.38|0.38|0.38|0.38|0.36|0.12|0.13|0.42,,0|0|0|45|8|10|116|0|0|0|0|0,0|757|826|806|988|10|10|16|127|214|253|381,0|7|7|3|72|90|2413|-13|-40|-66|-40|-12
Shipping Land,https://www.screener.in/company/SCILAL/,"1,716 Cr.",36.8,55.0 / 34.3,60.2,64.5,1.49 %,1.31 %,0.96 %,10.0,3.77,"3,822",0.00 %,-0.04 %,-179 %,-96.1 %,124 %,"-1,035 %",23.1 %,-6.76 %,%,%,0.00 %,0.00,0.00 %,25.6 Cr.,25.6 Cr.,16.4 Cr.,Financial Services,Financial Services,Finance,Investment Company,14,-1,11,4,0.28|0.22|-4.82|0.31|0.09|0.24|-0.02|0.3,-61,-49,-23|-379|-49|-61,-171.50,-260|-151|-96|-179,,1.54|1.12|1.12|1.11|1.13|1.12|1.04|1.04,6.52|6.52|6.19|6.2|6.2|6.2|6.19|6.15,0|65|-14|89,0|12|17|18|23,0|36|47|-189|29
Urja Global,https://www.screener.in/company/URJA/consolidated/,527 Cr.,9.15,14.2 / 8.00,371,3.07,0.00 %,1.30 %,0.77 %,1.00,1.86,3.74,-0.08 %,0.00 %,3.31 %,3.03 %,2.02 %,2.05 %,19.0 %,-4.09 %,-4.09 %,-5.45 %,0.00 %,0.05,-0.98 %,0.00 Cr.,0.00 Cr.,0.00 Cr.,Industrials,Capital Goods,Electrical Equipment,Other Electrical Equipment,0.43,0.36,0.25,0.42,0.01|0.01|0|0.01|0.01|0.01|0|0.01,-26.12,-6.51,13.19|-2.15|8.27|-8.92|-1.21|-0.64|-7.16|-8.3|-5.13|-8.64|-6.51|-26.12,3.41,0.44|2.11|1.55|-0.46|-0.34|0.7|-0.13|0.69|4.27|5.73|3.03|3.31,,0.11|0.13|0.12|0.16|0.44|0.18|0.1|0.02,,0|0|0|0|0|0|0|0|0|0|0|0,120.8|127.92|128.32|133.25|136.38|163.56|148.46|72.97|39.58|44.47|67.25|66.67,-1.51|1.06|1.04|-0.87|0.01|1.12|1.73|0.77|1.53|2.04|1.38|1.35
Coffee Day Enter,https://www.screener.in/company/COFFEEDAY/consolidated/,645 Cr.,30.5,46.0 / 21.0,,132,0.00 %,1.27 %,-1.01 %,10.0,3.53,0.73,-0.63 %,-1.18 %,11.4 %,11.0 %,-2.37 %,-27.9 %,6.18 %,24.6 %,24.6 %,14.1 %,0.00 %,0.30,-0.09 %,0.00 Cr.,0.00 Cr.,0.00 Cr.,Consumer Discretionary,Consumer Services,Leisure Services,Restaurants,4.52,132.07,70.49,-15.70,-0.16|-0.49|-1.56|1.33|-0.59|2.62|6.25|0.04,172,196,469|318|368|534|375|611|67|108|172|189|196|172,2.42,14|16|20|15|11|-13|-9|0.1|-25|15|11|11,,1.03|0.79|0.63|0.68|0.47|0.45|0.85|0.22,0|0.59|1.18|1.18|1.18|2.39|2.38|1.2,0|0|0|0|0|0|0|0|0|0|0|0,2691|3028|2761|4142|3889|2796|888|626|994|1091|1159|1190,-65|-10|82|148|147|1849|-652|-131|-387|-307|-143|210
Integ. Proteins,https://www.screener.in/company/519606/,254 Cr.,13.6,16.3 / 2.07,437,1.10,0.00 %,1.26 %,1.13 %,1.00,257,39.0,0.00 %,0.00 %,2.82 %,0.47 %,2.31 %,0.79 %,288 %,97.2 %,14.7 %,17.7 %,0.00 %,0.00,0.01 %,0.00 Cr.,0.00 Cr.,0.00 Cr.,Fast Moving Consumer Goods,Fast Moving Consumer Goods,Agricultural Food & other Products,Edible Oil,0.36,0.19,-0.02,0.05,-0.01|0.02|0.07|0|0|0|0.01|0.02,3.60,-23.56,-0.07|-0.08|-0.21|-0.24|0.14|-0.16|-0.09|-0.09|-0.12|-0.06|-23.56|3.6,-37.43,-55.56|-87.5|-52.94|-50|0.47|2.82,,,,0|0|0|0|0|0|0|0|0|0|0|0,0.09|0.08|0|0|0|0|0|0|0.17|0.24|21.5|9.94,0.09|0.08|0.05|0.01|0.02|0.01|0.02|0.04|0.03|0.09|0.25|0.23
Suraj Industries,https://www.screener.in/company/526211/consolidated/,275 Cr.,56.9,69.7 / 38.1,66.8,30.1,0.00 %,1.25 %,-0.51 %,10.0,1.13,1.93,0.01 %,0.03 %,6.06 %,-6.83 %,-1.34 %,15.4 %,-9.44 %,%,%,%,14.6 %,1.20,0.11 %,0.00 Cr.,0.00 Cr.,Cr.,Fast Moving Consumer Goods,Fast Moving Consumer Goods,Beverages,Breweries & Distilleries,4.27,-0.27,0.85,0.02,0.8|0.34|-0.3|-0.23|-0.01|0.17|-0.04|0.86,-3.05,1.86,0|-1.62|1.86|-3.05,4.44,11.92|6.6|-6.83|6.06,,0|0|0|0|0|3.16|3.16|3.17,0|0|0|0|0|0|0|0.03,0|0|0|0,67.38|50.45|26.08|50.04,7.41|4.44|4.01|-0.67
Repro India,https://www.screener.in/company/REPRO/consolidated/,438 Cr.,305,596 / 285,,244,0.00 %,1.21 %,-4.42 %,10.0,1.44,0.31,0.01 %,0.17 %,7.37 %,6.87 %,-3.28 %,-0.42 %,5.39 %,%,%,11.0 %,0.00 %,0.53,0.00 %,0.00 Cr.,0.00 Cr.,0.00 Cr.,Consumer Discretionary,"Media, Entertainment & Publication",Printing & Publication,Printing & Publication,129,-11,1,-20,-3.11|0.82|0.79|-1.91|-14|0.52|-7.85|89.62,3,50,50|92|18|65|4|63|55|25|23|27|50|3,7.92,12|7|8|4.7|11|12|-3.6|4.6|10|11|7|7,,10.01|9.99|9.81|9.79|9.08|9.05|9.06|9.07,0|0|0|0.09|0.09|0.09|0.09|0.26,57|-34|0|0|0|0|0|0|0|0|0|0,396|384|321|299|399|367|138|287|422|479|466|494,19|-10|-1|16|24|19|-43|-23|9|12|-2|-33
Capital India,https://www.screener.in/company/CIFL/consolidated/,781 Cr.,20.0,40.0 / 18.6,,17.2,0.10 %,1.17 %,-8.63 %,2.00,2.13,0.19,-0.01 %,0.03 %,7.62 %,16.2 %,-12.4 %,-2.65 %,-7.17 %,-13.6 %,-13.2 %,%,0.00 %,1.43,0.00 %,0.00 Cr.,0.78 Cr.,0.62 Cr.,Financial Services,Financial Services,Finance,Non Banking Financial Company (NBFC),-9.63,-2.98,-5.19,44.69,0.08|0.02|-0.02|-0.07|1.15|-0.07|0|-0.08,-254,-93,-5|-453|30|-69|-313|-23|121|-93|-254,,,,0|0|0.13|0.28|0.08|0.06|0.03|0.02,0|0|0|0|0|0|0|0.03,13|48|5|8|-28|-2|7|-63|0,,3|7|14|6|-21|-87|-6|-10|31
Kavveri Defence,https://www.screener.in/company/KAVDEFENCE/consolidated/,437 Cr.,72.7,163 / 51.0,,18.6,0.00 %,1.14 %,1.25 %,10.0,5.67,-33.7,0.16 %,0.00 %,-16.5 %,12.1 %,14.7 %,37.4 %,44.0 %,-66.9 %,-77.0 %,15.2 %,5.08 %,0.04,0.00 %,0.00 Cr.,0.00 Cr.,0.00 Cr.,Industrials,Capital Goods,Aerospace & Defense,Aerospace & Defense,-1.21,0.28,-0.60,0.47,0.24|1.1|1.83|0.31|0.14|-0.17|0.05|-0.2,-22.87,0.65,-1.84|-27.5|16.83|15.22|-26.06|30.05|-10.77|24.29|-18.65|-11.34|0.65|-22.87,-1482.39,24.69|13.35|4.01|-84|-18.25|-11.65|-41.3|-19.79|-7316.67|-71.07|12.09|-16.51,,13.01|13.01|13.01|7.61|4.7|4.73|2.04|2.2,0.02|0.02|0.02|0.01|0.01|0.01|0.01|0.01,0|0|0|0|0|0|0|0|0|0|0|0,51.51|40.52|25.41|14.69|5.59|4.55|4.14|5.61|2.82|1.59|17.12|8.42,-37.81|-35.26|-31.52|-29.73|0.77|-17.67|-16.43|-18.09|31.49|-1.33|6.41|1.24
Graviss Hospital,https://www.screener.in/company/GRAVISSHO/consolidated/,270 Cr.,38.2,51.3 / 25.2,"13,487",27.2,0.00 %,1.10 %,-0.41 %,2.00,0.46,4.32,0.00 %,0.00 %,12.5 %,11.5 %,-1.25 %,15.3 %,-1.21 %,%,%,14.3 %,0.00 %,0.05,0.00 %,0.00 Cr.,0.00 Cr.,0.00 Cr.,Consumer Discretionary,Consumer Services,Leisure Services,Hotels & Resorts,-1.52,-0.14,2.99,-1.30,1.26|0.2|-0.03|-0.32|-0.18|0.42|-0.02|-0.22,7.95,3.10,4.55|3.95|3.8|11.02|4.5|5.9|3.52|22.16|22.14|9.43|3.1|7.95,9.06,8.4|4.85|-1.39|12.8|0.95|-11.73|-60.21|-7.08|16.06|12.34|11.46|12.53,,,,0|0|0|0|0|0|0|0|0|0|0|0,51.52|49.86|43.23|48.51|47.52|39.54|22.87|48.33|65.46|54.14|61.15|63.11,-2.22|-2.42|-4.37|-0.94|-1.89|-8.82|-15.25|-6.5|5.95|3.01|9.39|-0.66
S.A.L Steel,https://www.screener.in/company/SALSTEEL/,"1,191 Cr.",82.3,86.3 / 26.1,,10.1,0.00 %,1.08 %,-17.7 %,10.0,2.31,1.05,0.00 %,0.00 %,7.00 %,4.27 %,-7.93 %,-0.42 %,-25.2 %,%,%,%,19.0 %,2.38,0.00 %,0.00 Cr.,0.00 Cr.,0.00 Cr.,Commodities,Metals & Mining,Ferrous Metals,Sponge Iron,3.09,-1.03,6.63,3.73,0.01|-0.08|-0.7|-1.14|0.44|0.61|-0.07|0.21,-84,-21,22|2|-6|7|-4|54|24|22|8|26|-21|-84,3.20,7|7|2.7|1.4|1.6|-4.5|-0.1|-0.7|1.7|3.7|4.3|7,,0.07|0.05|0|0.15|0|0|0|0,,0|0|0|0|0|0|0|0|0|0|0|0,363|327|361|446|571|408|301|505|496|577|544|207,-76|-29|1|42|-22|16|12|12|4|0|-6|0
Naperol Invest.,https://www.screener.in/company/500298/,371 Cr.,645,990 / 490,34.4,"1,609",3.02 %,1.07 %,1.03 %,10.0,5.57,,0.00 %,0.00 %,41.3 %,58.2 %,40.0 %,52.4 %,142 %,260 %,260 %,-21.0 %,0.00 %,0.00,0.00 %,1.72 Cr.,5.18 Cr.,2.07 Cr.,Financial Services,Financial Services,Finance,Investment Company,0.18,11.22,-0.59,-0.01,2.33|-0.46|17.21|0.14|-0.02|-1.04|19.68|0.32,-9,-3,21|22|59|94|148|16|61|9|1|1|-3|-9,12.80,11|15|30|47|56|20|25|10|-13|-32|58|41,,1.91|1.98|1.98|1.76|1.76|1.76|1.76|1.76,0.01|0.02|0.02|0.02|0.02|0.02|0.01|0.01,46|32|52|39|24|41|35|56|0|0|49|16,196|233|233|306|402|208|226|232|2|2|20|27,6|18|38|95|153|17|21|5|375|0|11|11
Omnitex Industri,https://www.screener.in/company/514324/,312 Cr.,743,892 / 380,,421,1.08 %,1.06 %,0.82 %,10.0,3.92,,0.00 %,0.00 %,-18.5 %,-4.39 %,34.4 %,796 %,132 %,102 %,102 %,60.1 %,0.00 %,0.00,-0.09 %,0.00 Cr.,3.38 Cr.,0.68 Cr.,Consumer Discretionary,Textiles,Textiles & Apparels,Other Textile Products,-0.15,-0.04,-0.19,-0.04,0.12|0.05|-3.45|4.09|-0.1|-0.45|-0.1|-0.36,-1.51,-27.70,-0.15|-0.15|-0.14|-0.14|-0.12|-0.43|-0.04|-0.2|-0.38|-0.33|-27.7|-1.51,-24.43,-50|-32.5|-30|-15|-150|-55|-6.54|-46.34|-47.06|-5.88|-4.39|-18.48,,0|0|0|0|2.12|2.12|2.12|2.12,,0|0|0|0|0|0|0|0|0|0|270.72|0,0.22|0.4|0.5|0.8|0.1|0.4|2.14|0.41|0.34|1.7|3.19|4.22,0.04|-0.06|-0.14|0.07|0.05|-0.06|-0.17|-0.24|-0.21|3.52|1.25|1.45
Hercules Investments,https://www.screener.in/company/505720/,372 Cr.,116,226 / 85.8,47.4,216,2.15 %,1.05 %,1.00 %,1.00,13.3,,0.00 %,0.00 %,89.9 %,92.2 %,86.4 %,90.7 %,-61.0 %,-33.1 %,-33.1 %,-0.51 %,0.00 %,0.00,0.00 %,8.00 Cr.,12.8 Cr.,10.3 Cr.,Industrials,Capital Goods,Industrial Manufacturing,Industrial Products,0.12,-0.08,2.61,5.20,0.83|0.85|0|0|1.62|0.82|-0.02|0.04,-1.10,7.59,12.91|-3.79|12.19|15.12|12.81|10.22|15.54|14.1|11.68|-1.11|7.59|-1.1,40.97,10.77|7.67|1.41|5.1|9.19|5.59|5.3|6.35|11.08|92.2|89.93,,1.66|0|0.06|0|0|0|0|0,,37.97|36.12|40.2|40.9|37.5|44.38|61.86|55.69|9.29|144.96|229.39|103.63,97.48|91.14|73.06|75.47|102.17|83|78.37|108.45|150.77|0|6.15|8.94,12.64|13.29|7.96|9.78|12.8|12.98|7.76|14.94|103.31|8.83|5.58|7.72
Chemfab Alka.,https://www.screener.in/company/CHEMFAB/consolidated/,531 Cr.,369,703 / 270,,261,0.34 %,1.03 %,-2.49 %,10.0,1.00,0.68,0.00 %,-0.03 %,8.83 %,13.2 %,-3.02 %,-1.29 %,-2.09 %,%,%,-2.90 %,0.00 %,0.34,0.00 %,1.80 Cr.,1.80 Cr.,1.78 Cr.,Commodities,Chemicals,Chemicals & Petrochemicals,Commodity Chemicals,5.73,0.48,-4.45,-2.01,-0.37|1.32|-6.4|1.78|-1.4|-3.1|0.33|3.99,38,40,54|45|55|93|31|40|38,18.60,27|13|21|33|17|13|9,,0.11|0.03|0.03|0.01|0|0.08|0.04|0.04,0.07|0.27|0.27|0.27|0.27|0.22|0.1|0.07,7|0|6|3|7|-26|-52,205|181|272|331|327|334|311,25|-8|29|65|26|-7|-3
Satani Bearings,https://www.screener.in/company/505703/,577 Cr.,289,310 / 103,"5,249",8.97,0.00 %,1.00 %,0.56 %,10.0,1.02,,0.00 %,0.00 %,0.06 %,%,0.14 %,%,"1,425 %",28.2 %,26.2 %,15.1 %,0.00 %,0.00,0.54 %,0.00 Cr.,0.00 Cr.,0.00 Cr.,Industrials,Capital Goods,Industrial Manufacturing,Industrial Products,-0.21,0.21,0.15,-0.04,-0.18|-0.23|-0.23|-0.26|-0.02|0.08|0.1|-0.1,-17.76,-0.20,0.24|0.67|-0.36|-0.22|-0.16|-0.71|-0.37|-0.25|-0.13|-0.23|-0.2|-17.76,-1420.92,-2.98|-37.23|-44.06|-16.52|-63.38|-73.05|-31.63|-2300|-4700|0.06,,,,0|0|0|0|0|0|0|0|0|0|0|0,3.36|1.37|1.43|3.33|0.71|1.41|0.98|0.02|0.01|0|0|35.44,-0.2|-0.11|-0.38|-0.61|-0.5|-0.29|-0.27|-0.41|-0.42|-0.18|-0.16|0.05
VLS Finance,https://www.screener.in/company/VLSFINANCE/consolidated/,747 Cr.,238,340 / 199,16.0,673,0.63 %,0.96 %,0.95 %,10.0,4.62,293,-0.06 %,-0.05 %,45.1 %,55.4 %,52.9 %,45.7 %,-21.3 %,-27.1 %,-21.8 %,-34.5 %,0.00 %,0.00,0.00 %,4.72 Cr.,5.12 Cr.,5.94 Cr.,Financial Services,Financial Services,Finance,Investment Company,96,-75,18,7,15.02|-17.14|-11.71|20.92|2.09|5.31|-23.75|30.59,-18,170,-30|-17|-12|-21|-22|-104|166|165|7|194|170|-18,71.80,0.2|0.4|2.3|1.4|-82|-47|94|91|74|94|55|45,,2.14|2.03|1.99|1.93|1.91|1.3|1.32|1.26,0.03|0.03|0.04|0.04|0.04|0.31|0.08|0.03,0|0|9|15|-93|15|3|3|9|3|11|22,4625|1915|2694|2162|15|8|222|232|84|409|101|41,7|9|44|25|-4|39|221|210|56|324|46|22
Shree Rama News.,https://www.screener.in/company/RAMANEWS/,462 Cr.,31.3,42.0 / 25.5,,-5.60,0.00 %,0.93 %,%,10.0,0.17,0.05,0.00 %,0.00 %,0.67 %,15.9 %,-104 %,-64.8 %,-11.2 %,%,%,9.29 %,0.00 %,,0.00 %,0.00 Cr.,0.00 Cr.,0.00 Cr.,Commodities,Forest Materials,"Paper, Forest & Jute Products",Paper & Paper Products,-10,-38,-10,-10,-0.68|-5.47|-0.36|-0.7|-0.69|-0.69|-2.57|-0.71,-1,9,83|-46|11|-15|48|36|-11|11|30|13|9|-1,9.94,-10|-3.7|4|2.3|18|2.6|-6|9|10|14|16|0.7,,0.08|0.05|0.05|0.05|0.43|0.43|0.43|0.43,1.57|1.57|1.57|1.57|1.57|1.57|1.57|1.57,0|0|0|0|0|0|0|0|0|0|0|0,375|382|390|434|504|337|265|32|47|47|44|33,-43|5|-9|-30|38|-45|-77|-70|-118|-48|-106|-69
Nagpur Power,https://www.screener.in/company/532362/consolidated/,228 Cr.,174,215 / 80.2,,63.3,0.00 %,0.91 %,-2.55 %,10.0,1.73,0.20,0.00 %,0.00 %,3.38 %,4.73 %,-2.54 %,1.33 %,24.3 %,13.8 %,13.8 %,%,0.00 %,0.28,0.00 %,0.00 Cr.,0.00 Cr.,0.00 Cr.,Commodities,Metals & Mining,Ferrous Metals,Ferro & Silica Manganese,-0.16,-1.99,0.46,-0.99,2.15|-2|1.48|0.3|-0.76|0.35|-1.52|-0.12,-3.01,-9.13,-3.56|-2.56|0.37|-1.87|1.92|-3.85|-3.69|2.45|2.28|-3.95|-9.13|-3.01,0.51,-8.56|-7.74|-1.95|1.18|4.03|-14.3|5.07|-5.51|-0.66|0.6|4.73|3.38,,,6.85|6.85|6.73|6.73|6.73|6.73|6.73|6.73,0|0|0|0|0|0|0|0|0|0|0|0,17.87|21.71|20.54|29.59|40.99|30.77|29.96|32.83|43.83|46.6|62.18|84.12,-2.66|-1.87|0.22|-0.31|0.04|-5.24|2.66|2.65|-3.73|-0.63|2.75|-2.14
Likhami Consult.,https://www.screener.in/company/539927/,297 Cr.,299,431 / 270,929,35.3,0.00 %,0.89 %,0.66 %,10.0,86.1,,0.00 %,0.00 %,41.0 %,44.8 %,29.5 %,32.8 %,7.95 %,10.6 %,10.6 %,18.1 %,0.00 %,0.00,0.00 %,0.00 Cr.,0.00 Cr.,0.00 Cr.,Services,Services,Commercial Services & Supplies,Consulting Services,0.01,0.23,0.04,0.04,0.03|0.03|0.21|0.01|0.04|0.04|0.23|0.01,0.00,0.16,0|-0.22|0.06|0.18|-0.08|0.05|0.04|-0.05|0.12|0.02|0.16|0,36.07,11.11|-42.55|13.51|12.24|16.92|4|26.92|20.93|38.71|34.92|44.78|41.03,,,,0|0|0|0|0|0|0|0|0|0|0,0.09|0.47|0.37|0.49|0.65|0.5|0.52|0.43|0.62|0.63|0.67|0.78,0.01|0.07|0.01|0.03|0.01|0|0.1|-4.09|0.17|0.16|0.22|0.23
PG Foils,https://www.screener.in/company/526747/,251 Cr.,212,294 / 166,,280,0.00 %,0.87 %,-2.47 %,10.0,2.63,0.95,0.00 %,0.00 %,-1.72 %,2.69 %,-2.59 %,4.83 %,-1.90 %,%,%,%,0.00 %,0.43,0.00 %,0.00 Cr.,0.00 Cr.,0.36 Cr.,Commodities,Metals & Mining,Non - Ferrous Metals,Aluminium,14,-10,0,-8,5.82|8.97|-4.09|7.88|-6.81|0.19|-8.25|12.16,-110,17,-35|0|-7|-22|64|-1|-32|-82|77|21|17|-110,1.30,4.3|1.2|6|4.1|3.2|6|6|11|0.5|-6|2.7|-1.7,,,,0|8|4|13|0|0|0|4|0|0|0|0,250|211|237|247|259|217|252|395|337|317|491|318,5|10|21|7|16|15|15|47|0|16|24|-8
DCX Systems,https://www.screener.in/company/DCXINDIA/consolidated/,"1,817 Cr.",163,281 / 153,,136,0.00 %,0.87 %,-0.53 %,2.00,2.75,-1.41,0.89 %,-0.22 %,-2.31 %,0.42 %,-1.04 %,3.59 %,-16.0 %,%,%,%,0.00 %,0.00,0.00 %,0.00 Cr.,0.00 Cr.,0.00 Cr.,Industrials,Capital Goods,Aerospace & Defense,Aerospace & Defense,-8.66,-0.30,-2.43,-9.04,0.47|0.9|1.86|0.36|-0.81|-0.22|-0.03|-0.78,2,-314,114|-134|-590|4|-314|2,3.42,1.6|6|7|6|0.4|-2.3,,0.77|1.01|1.17|0.71|1.48|1.06|0.83|1.72,7.88|5.39|4.04|4.56|3.22|3.64|2.91|2.69,0|0|0|0|0|0,641|1102|1254|1424|1084|743,30|66|72|76|39|-8
Albert David,https://www.screener.in/company/ALBERTDAVD/,476 Cr.,834,932 / 580,21.1,686,0.60 %,0.82 %,-0.44 %,10.0,1.29,11.7,-0.01 %,-0.02 %,1.72 %,0.92 %,-0.52 %,4.88 %,-0.83 %,%,%,%,0.00 %,0.08,0.00 %,2.86 Cr.,2.86 Cr.,4.51 Cr.,Healthcare,Healthcare,Pharmaceuticals & Biotechnology,Pharmaceuticals,32,-21,15,-3,31.66|-16.45|-18.1|13.91|-5.78|26.81|-37.55|56.07,-8,-28,28|68|20|30|32|30|37|40|11|46|-28|-8,8.32,12|10|9|6|10|10|8|13|13|13|0.9|1.7,,0.88|0.86|1|0.84|0.6|0.6|0.58|0.57,1.63|1.63|1.64|1.65|1.65|1.65|1.65|1.63,23|7|20|32|13|21|15|15|14|9|17|-192,317|318|293|285|316|320|246|313|341|362|345|333,14|48|16|10|27|19|22|35|36|75|17|-1
Mercantile Vent.,https://www.screener.in/company/MERCANTILE/consolidated/,254 Cr.,22.7,32.8 / 17.5,37.7,24.4,0.00 %,0.82 %,1.97 %,10.0,3.62,46.9,0.00 %,0.00 %,0.47 %,1.88 %,2.08 %,14.5 %,25.6 %,-26.6 %,-26.6 %,-12.0 %,0.00 %,0.00,0.00 %,0.00 Cr.,0.00 Cr.,0.00 Cr.,Services,Services,Commercial Services & Supplies,Diversified Commercial Services,1.21,1.71,0.81,-0.06,0.07|0.17|0.81|-0.1|0.13|0.26|0.28|-0.06,0.83,-32.81,8.88|-19.46|-27.09|4.15|10.23|-9.31|22.72|-6.14|-13.74|39.24|-32.81|0.83,3.14,12.66|15.06|9.76|9.38|8.78|10.2|11.82|5.94|7.17|0.25|1.88|0.47,,,,0|0|0|0|0|0|0|0|0|0|0|0,13.03|18.13|27.14|29.95|34.4|38.24|37.3|37.04|47.15|60.39|72.19|93.34,21.67|4.32|-27.93|1.14|6.66|21.09|9.38|16.4|16.62|-7.62|16.23|1.94
Uniphos Enter.,https://www.screener.in/company/UNIENTER/,631 Cr.,90.7,162 / 86.7,31.1,352,3.86 %,0.80 %,0.80 %,2.00,1.50,,0.00 %,0.00 %,-11.6 %,-3.43 %,64.7 %,0.25 %,179 %,-18.4 %,-18.4 %,-2.80 %,0.00 %,0.00,0.00 %,24.3 Cr.,3.48 Cr.,30.4 Cr.,Commodities,Chemicals,Chemicals & Petrochemicals,Trading - Chemicals,-1.19,-0.70,-1.01,23.16,0.56|-0.27|-0.23|-0.11|3.33|-0.15|-0.1|-0.17,-3,-3,-8|-2|-2|-3|-3|-2|-5|1|-1|-3|-3|-3,-94.68,-47|-987|-370|-257|-195|-6|-3.4|-12,,15.72|15.72|15.72|15.71|15.71|15.71|15.82|15.82,,0|0|0|0|0|0|97|72|115|103|1242|118,2|0|0|0|0|0|1|1|1|51|112|32,9|12|11|18|21|20|24|55|39|39|0|21
Valiant Laborato,https://www.screener.in/company/VALIANTLAB/consolidated/,669 Cr.,123,130 / 49.5,41.8,57.2,0.00 %,0.75 %,-1.20 %,10.0,1.91,9.46,-0.20 %,0.00 %,2.69 %,-3.50 %,-1.38 %,-2.52 %,-10.7 %,%,%,%,0.00 %,0.15,0.00 %,0.00 Cr.,0.00 Cr.,Cr.,Healthcare,Healthcare,Pharmaceuticals & Biotechnology,Pharmaceuticals,21,2,-7,0,-0.87|0.43|0.13|0.34|0.04|-1.3|0.32|3.88,-10,1,56|2|1|-10,1.40,11|-4.6|-3.5|2.7,,0|0|0.64|0.63|0.02|0.01|0.2|0,0|0|0|0.46|0|0|0|0,0|0|0|0,334|182|133|237,29|0|-2|-3
DCM Shriram Fine Chemicals,https://www.screener.in/company/DSFCL/consolidated/,227 Cr.,26.1,52.5 / 17.3,,24.3,1.53 %,0.74 %,-0.29 %,2.00,2.27,-2.25,-0.45 %,-0.55 %,1.81 %,7.70 %,-0.16 %,4.39 %,%,%,%,%,0.00 %,0.06,0.00 %,0.00 Cr.,0.00 Cr.,Cr.,Commodities,Chemicals,Chemicals & Petrochemicals,Specialty Chemicals,2.59,-3.83,-1.49,-2.53,0.24|0.44|0.43|-0.25|-0.17|-0.44|0.3,16,15,15|16,4.90,8|1.8,,1.49|1.48|1.03,12.72|11.92|11.37,0|0,429|386,19|-4
ZR2 Bioenergy,https://www.screener.in/company/506640/consolidated/,218 Cr.,137,409 / 90.0,237,87.9,0.07 %,0.70 %,0.72 %,1.00,15.4,90.0,0.00 %,0.00 %,%,-25.5 %,5.37 %,5.37 %,%,%,%,%,0.00 %,0.00,0.00 %,0.00 Cr.,0.00 Cr.,Cr.,Commodities,Chemicals,Chemicals & Petrochemicals,Commodity Chemicals,0.22,0.20,0.23,0.27,-0.19|-0.73|0.31|0.87|0.76|0.64|0.13|0.14,-0.69,31.05,0.91|31.05|-0.69,-10.60,4.31|-25.5,,,0.05|0.06|0.06|0.06|0.06|0.06|0.06|0.06,0|0|0,1.16|1.49|0,0.39|0.09|1
SAB Industries,https://www.screener.in/company/SAB/consolidated/,265 Cr.,174,222 / 105,,226,0.00 %,0.69 %,-0.81 %,10.0,1.67,-2.45,0.00 %,0.00 %,2.38 %,-37.2 %,-9.30 %,-45.2 %,%,%,%,%,0.00 %,0.22,0.00 %,0.00 Cr.,0.00 Cr.,0.00 Cr.,Industrials,Construction,Construction,Civil Construction,29,-11,-15,-23,-0.15|-5.1|-7.4|30.56|-15.25|-9.66|-7.02|18.88,-10,6,6|-8|-4|-34|-22|6|-10,-78.72,-47|-251|-115|7|-37|2.4,,,0.01|0.01|0.01|0.01|0.01|0.01|0.01|0.01,0|0|0|0|0|0|0|0,27|10|1|0|0|46|47|30,-12|-20|17|42|14|39|-21|-2
JTL Defence,https://www.screener.in/company/537254/consolidated/,866 Cr.,822,924 / 5.88,"1,546",186,0.00 %,0.68 %,1.29 %,10.0,2.86,1.28,0.00 %,0.00 %,21.9 %,-118 %,1.40 %,-657 %,-5.72 %,26.3 %,26.5 %,14.9 %,0.00 %,0.30,0.00 %,0.00 Cr.,0.00 Cr.,0.00 Cr.,Industrials,Capital Goods,Industrial Products,"Aluminium, Copper & Zinc Products",-2.67,1.70,-0.03,1.56,-0.89|-0.91|-1.31|-1.89|1|-0.03|1.62|-2.54,-15.48,-8.40,-31.47|0.8|14.12|-4.33|45.23|25.59|1.06|-1.16|1.21|4.81|-8.4|-15.48,-65.16,1.55|2.26|3.09|2.84|3.81|-25.82|-202.26|-100.96|-30.1|-98.26|-118.37|21.88,,,,0|0|0|4.1|1.83|0|0|0|0|0|0|0,978.84|1270.19|1734.67|2033.13|1997.53|456.83|70.8|59.68|23.02|2.3|0.98|19.29,6.18|14.93|35.84|32.8|36.67|-166.35|-156.95|-71.66|-17.19|-9.22|-6.44|0.27
Modi Rubber,https://www.screener.in/company/MODIRUBBER/consolidated/,301 Cr.,120,168 / 98.4,"30,108",270,0.00 %,0.63 %,0.09 %,10.0,2.23,2.64,0.00 %,-0.01 %,-75.8 %,-70.0 %,1.87 %,66.5 %,86.0 %,-71.3 %,-71.3 %,-37.0 %,0.00 %,0.03,0.00 %,0.00 Cr.,0.00 Cr.,0.00 Cr.,Consumer Discretionary,Automobile and Auto Components,Auto Components,Tyres & Rubber Products,4.25,-13.88,5.08,4.56,2.52|2.47|0.46|1.95|1.82|2.03|-5.54|1.7,-23.44,-28.92,-1.28|0.86|0.02|-13.33|21.39|4.33|-5.86|-24.64|-18.13|-22.35|-28.92|-23.44,-203.49,17.25|13.12|-279.22|-339.29|-304.39|-313.09|-502.89|-424.76|-366.17|-80.7|-70|-75.8,,2.02|2.02|2|2.01|1.98|1.98|2.01|2.01,0.01|0.01|0.01|0.01|0.01|0.01|0.01|0,0|0|0|0|0|0|0|0|0|0|0|0,143.78|146.37|5.15|5.93|5.24|4.89|2.77|5.13|5.32|22.44|29.2|34.25,15.89|16.03|24.45|15.36|9.06|-2.33|4.62|25.63|27.66|15.53|20.46|0.64
Welspun Investme,https://www.screener.in/company/WELINV/,847 Cr.,"2,320","2,367 / 1,000",275,"1,838",0.00 %,0.58 %,0.43 %,10.0,,,0.00 %,-0.03 %,77.5 %,93.4 %,58.3 %,70.3 %,-12.1 %,-17.9 %,-17.9 %,30.8 %,0.00 %,0.00,0.00 %,0.00 Cr.,0.00 Cr.,0.00 Cr.,Financial Services,Financial Services,Finance,Investment Company,-0.15,-0.13,-0.13,3.49,9.88|0.19|0|-0.55|9.55|-0.36|-0.36|-0.41,-2.01,-1.52,-0.25|-0.1|-0.26|-0.29|-0.27|-0.26|-0.61|-1.31|-2.18|-1.3|-1.52|-2.01,89.71,6.9|13.51|5.81|18.98|28.49|87.71|77.37|91.94|95.69|90.07|93.35|77.5,,,0.14|0.14|0.14|0.14|0.14|0.14|0.14|0.11,0|0|0|0|0|0|0|0|0|0|0|0,0.87|0.74|0.86|1.37|1.79|8.3|1.37|4.22|7.65|4.13|5.26|5.2,0.05|0.1|0.05|0.26|0.61|7.33|0.79|2.47|5.48|2.78|3.7|3.03
NBI Indl. Fin.,https://www.screener.in/company/NBIFIN/,582 Cr.,"1,971","2,991 / 1,539",41.9,"8,929",0.04 %,0.56 %,0.42 %,5.00,2.14,,0.00 %,0.01 %,84.1 %,77.6 %,62.6 %,60.9 %,25.0 %,33.1 %,25.2 %,45.0 %,0.00 %,0.00,0.00 %,0.22 Cr.,0.15 Cr.,0.10 Cr.,Financial Services,Financial Services,Finance,Non Banking Financial Company (NBFC),1.11,0.26,6.49,6.03,17.95|1.38|13.57|-1.18|20.41|21.96|0.88|3.76,6,5,-1|-3|-32|13|-2|-1|0|8|6|7|5|6,,,,0.2|0.2|0.17|0.17|0.17|0.17|0.17|0.17,0.48|0.41|2.46|2.46|2.46|2.46|2.45|2.46,0|0|0|0|0|0|0|0|0|1|2|2,,4|3|81|4|4|13|2|8|5|11|8|12
Belding India,https://www.screener.in/company/513307/consolidated/,"1,426 Cr.",985,"2,400 / 570",,725,0.00 %,0.53 %,-1.14 %,10.0,4.14,-0.10,-3.40 %,0.00 %,"-2,600 %",%,"-20,000 %",1.13 %,%,%,%,%,0.00 %,0.04,0.00 %,0.00 Cr.,0.00 Cr.,Cr.,Industrials,Capital Goods,Industrial Products,"Aluminium, Copper & Zinc Products",-4.13,-4.65,-1.22,-0.02,0.75|0.38|0.33|-1.44|-0.22|-0.84|-2.86|-2.21,14,2,2|14,-1298.75,2.5|-2600,,0|0|0|0|0|3.71|3.6|0.2,0|0|0|0|0|6.35|6.36|6.36,0|0,0|0,0|-4
Jay Shree Tea,https://www.screener.in/company/JAYSREETEA/consolidated/,258 Cr.,89.4,113 / 70.6,,137,0.56 %,0.51 %,-7.51 %,5.00,0.76,0.40,-0.01 %,0.00 %,1.96 %,4.41 %,-3.29 %,4.02 %,4.61 %,2.15 %,2.15 %,%,0.00 %,1.06,0.00 %,0.00 Cr.,1.44 Cr.,0.29 Cr.,Fast Moving Consumer Goods,Fast Moving Consumer Goods,Agricultural Food & other Products,Tea & Coffee,-5.94,-34.16,-1.50,19.58,10.54|25.48|10.89|-3.11|6.78|-0.52|-11.83|-2.06,-46,-43,67|81|51|11|63|8|121|10|0|-17|-43|-46,0.36,2.6|5|7|1.6|2.9|-7|8|0|1.4|-6|4.4|2,,4.87|5.14|4.85|5.28|4.88|4.85|4.86|4.85,0.55|0.51|0.51|0.51|0.51|0.51|0.51|0.51,-13|-36|7|3|-22|0|0|0|0|0|1|0,721|744|723|755|757|717|802|726|813|742|858|930,-23|-7|17|34|-4|-102|19|24|-47|13|126|-25
GKW,https://www.screener.in/company/GKWLIMITED/,948 Cr.,"1,587","1,985 / 1,375",,"4,367",0.00 %,0.47 %,-0.11 %,10.0,1.01,1.08,0.00 %,0.00 %,1.03 %,-30.5 %,-8.79 %,-68.7 %,16.4 %,%,%,%,0.00 %,0.00,0.00 %,0.00 Cr.,0.00 Cr.,0.00 Cr.,Financial Services,Financial Services,Finance,Investment Company,11,-6,5,-16,11.15|-52.03|6.33|23.02|-25.98|8.47|-9.35|17.97,20.72,-202.91,-4.27|5.97|0.05|1.05|-11.04|-9.33|1.84|0.41|-1.92|17.19|-202.91|20.72,32.49,-114.56|21.7|43.72|48.23|67.74|21.04|79.95|73.91|66.7|51.33|-30.54|1.03,,3.1|3.1|3.1|3.1|3.1|3.1|3.1|3.1,1.2|1.02|1.02|1.02|1.02|1.02|1.02|1.02,0|0|0|0|0|0|0|0|0|0|0|0,5.15|11.98|16.97|17.81|30.41|10.93|39.1|23.96|20.33|38.77|32.78|32.09,1.06|11.12|6.28|8.29|19.88|2.62|27.27|13.4|8.77|13.85|-18.47|-2.31
Electrotherm(I),https://www.screener.in/company/ELECTHERM/consolidated/,"1,179 Cr.",926,"1,278 / 550",,-121,0.00 %,0.45 %,%,10.0,0.53,-1.70,3.42 %,-0.02 %,1.16 %,9.03 %,-0.33 %,7.81 %,6.30 %,%,%,%,7.88 %,,-0.04 %,0.00 Cr.,0.00 Cr.,0.00 Cr.,Industrials,Capital Goods,Industrial Products,Iron & Steel Products,6.93,13.63,-35.42,-21.62,46.67|69.33|145.57|21.78|-16.97|-27.8|10.7|5.44,351,329,72|52|58|161|344|181|225|179|107|351|329|351,5.52,-15|-1.5|2.7|5|8|4|9|3|4.4|10|9|1.2,,4.81|4.61|4.54|4.6|5.06|5.89|5.86|9.28,0.08|0.08|0.39|1.01|0.97|0.85|0.8|0.78,0|0|0|0|0|0|0|0|0|0|0|0,2048|2101|2259|2927|4040|3212|2518|2831|3074|4272|4115|3692,-480|-180|-91|3|142|24|49|-40|-12|317|442|-16
Ashima,https://www.screener.in/company/ASHIMASYN/consolidated/,300 Cr.,15.6,24.7 / 11.3,,14.4,0.00 %,0.43 %,-7.39 %,10.0,2.81,0.69,0.00 %,0.00 %,-26.3 %,50.1 %,-177 %,-170 %,%,%,%,-34.7 %,0.00 %,0.59,0.00 %,0.00 Cr.,0.00 Cr.,Cr.,Consumer Discretionary,Textiles,Textiles & Apparels,Other Textile Products,1.93,-6.94,-2.74,-8.08,-0.62|-0.6|0.17|-0.13|-0.42|-0.14|-0.36|0.1,-40,-20,6|5|-3|6|-2|-26|4|-8|-26|-39|-20|-40,19.56,2.1|-2.6|-0.1|1.2|3.9|-1.1|-1.3|-2.7|-3.5|80|50|-26,,0|0|0.03|0.05|0.04|0.1|0.14|0.14,0.13|0.13|0|0|0|0|0|0,0|0|0|0|0|0|0|0|0|0|0|0,236|223|208|225|259|336|285|104|207|90|10|12,-26|-44|-28|-44|-5|33|-3|-11|18|96|-19|-20
AksharChem (I),https://www.screener.in/company/AKSHARCHEM/,315 Cr.,392,472 / 141,25.5,326,0.13 %,0.19 %,-0.81 %,10.0,0.99,2.14,0.00 %,0.00 %,4.57 %,7.17 %,-0.57 %,1.38 %,3.63 %,%,%,%,0.00 %,0.41,0.00 %,0.40 Cr.,0.40 Cr.,0.40 Cr.,Commodities,Chemicals,Chemicals & Petrochemicals,Dyes And Pigments,15,5,-5,-1,1.29|1.48|1.73|0.88|-1.71|-5.75|6.03|18.93,2,35,28|13|41|30|-9|26|49|4|38|-7|35|2,4.94,14|17|31|16|11|10|10|8|4.6|0.5|7|4.6,,0.07|0|0|0.03|0.02|0|0|0,0.06|0.06|0.06|0.06|0.06|0.06|0.06|0.06,16|15|5|9|13|18|23|3|-43|-2|8|-91,200|188|248|264|323|260|246|380|335|302|346|372,16|17|53|31|23|16|12|16|-1|-19|5|0
Naga Dhunseri,https://www.screener.in/company/NDGL/consolidated/,265 Cr.,"2,650","4,050 / 2,100",,"12,936",0.09 %,0.14 %,-1.06 %,10.0,1.35,0.13,0.00 %,0.00 %,-4.06 %,25.5 %,-3.32 %,38.2 %,248 %,%,%,%,0.00 %,0.19,0.00 %,0.25 Cr.,0.25 Cr.,0.25 Cr.,Financial Services,Financial Services,Finance,Non Banking Financial Company (NBFC),38,-41,-11,7,115|110.2|-53.6|273.5|-20.1|-79.3|-267.5|363.6,48,-8,-8|1|-8|1|6|-7|2|-1|5|-8|48,,,,,0.44|0.43|0.43|0.43|0.43|0.43|0.43|0.43,-1|0|1|3|-2|0|0|0|1|1|-3,,-18|86|31|9|-5|57|73|70|34|27|-10
SJ Corp,https://www.screener.in/company/504398/consolidated/,816 Cr.,188,188 / 61.8,816,11.2,0.00 %,0.14 %,-0.84 %,1.00,1.32,0.58,0.00 %,0.00 %,-2.53 %,-1.05 %,-0.98 %,-1.31 %,%,%,%,%,0.00 %,3.32,0.00 %,0.00 Cr.,0.00 Cr.,Cr.,Consumer Discretionary,Consumer Durables,Consumer Durables,"Gems, Jewellery And Watches",1.54,-0.61,0.13,0.30,0.13|0.36|0.16|-0.14|0.36,-71.82,0.74,0.74|-71.82,-1.79,-1.05|-2.53,,,,0|0,15.31|24.5,-0.2|-0.24
Spel Semiconduct,https://www.screener.in/company/SPELS/,638 Cr.,138,226 / 123,,0.66,0.00 %,0.06 %,-64.5 %,10.0,0.53,-0.07,0.00 %,0.00 %,-15.0 %,-67.9 %,-82.0 %,-106 %,-17.4 %,%,%,2.42 %,0.00 %,6.84,0.00 %,0.00 Cr.,0.00 Cr.,0.00 Cr.,Industrials,Capital Goods,Electrical Equipment,Other Electrical Equipment,-1.34,0.77,-6.56,-12.47,-1.01|-1.05|-1.73|-1.21|-2.7|-1.42|0.17|-0.29,13,-2,6|-7|-29|-6|4|-7|-2|-22|-3|-9|-2|13,-17.60,26|-37|-6|-7|-30|16|-35|-24|35|-16|-68|-15,,0.02|0.02|0.02|0.02|0.02|0.02|0.02|0.02,0.02|0.02|0.02|0.02|0.02|0.02|0.02|0.02,0|0|0|0|0|0|0|0|0|0|0|0,47|26|36|42|26|37|16|9|11|12|8|6,0|-20|-31|-8|-11|1|-9|-13|-3|-17|-21|-24
Nectar Lifesci.,https://www.screener.in/company/NECLIFE/consolidated/,213 Cr.,11.0,22.5 / 9.20,,30.0,0.00 %,0.05 %,-31.3 %,1.00,9.21,-2.10,-0.10 %,0.00 %,%,-1.77 %,"-2,853 %",-6.83 %,%,%,%,%,0.00 %,0.00,0.00 %,0.00 Cr.,0.00 Cr.,0.00 Cr.,Healthcare,Healthcare,Pharmaceuticals & Biotechnology,Pharmaceuticals,-15,-68,14,-176,0.25|0.35|-5.8|-2.82|-7.85|0.64|-3.5|-0.79,-349,169,144|169|199|65|239|285|21|95|134|225|169|-349,-579.86,16|14|14|13|10|9|7|10|3.5|9|-1.8|-2920,,3.24|0.73|1.65|0.82|0.62|0.52|0.6|0.5,0|0|0.15|0.19|0.08|0|0.01|0.01,3|4|2|2|2|4|0|0|0|0|0|0,1638|1674|1635|1874|2779|2363|1541|1665|1520|1682|1664|0,66|54|55|52|48|32|-73|25|-24|5|-114|-293
Andhra Paper,https://www.screener.in/company/ANDHRAPAP/,"1,484 Cr.",74.6,86.9 / 57.0,53.7,97.5,0.67 %,0.04 %,-1.66 %,2.00,1.52,3.39,-0.06 %,-0.31 %,4.03 %,9.05 %,-1.89 %,2.58 %,-6.74 %,%,%,%,0.00 %,0.12,0.00 %,9.94 Cr.,19.9 Cr.,29.8 Cr.,Commodities,Forest Materials,"Paper, Forest & Jute Products",Paper & Paper Products,30,8,10,-20,2.1|0.59|0.39|1.07|-1.02|0.5|0.39|1.52,104,-55,128|111|172|215|310|177|104|202|536|319|-55|104,17.60,8|12|15|18|27|24|7|16|35|24|9|4,,1.35|1.02|0.96|0.84|0.79|0.79|0.33|0.27,4.53|4.67|4.67|4.68|4.68|4.74|5.79|5.48,0|0|0|0|0|0|-432|21|10|12|22|53,1163|1124|1172|1264|1427|1270|887|1380|2098|1801|1541|1701,0|37|32|83|200|213|-5|140|522|340|89|19
Anjani Portland,https://www.screener.in/company/APCL/consolidated/,287 Cr.,97.8,149 / 96.0,,126,0.00 %,0.04 %,-10.1 %,10.0,0.93,-0.34,0.00 %,0.00 %,7.36 %,-4.56 %,-5.90 %,-18.9 %,-11.7 %,14.4 %,14.4 %,%,0.00 %,0.75,0.00 %,0.00 Cr.,0.00 Cr.,1.52 Cr.,Commodities,Construction Materials,Cement & Cement Products,Cement & Cement Products,-9.80,1.65,-19.63,-4.88,-9.62|-7|-4.42|-1.16|-1.67|-6.66|-0.3|-2.41,-29,10,11|33|30|4|16|62|52|99|21|53|10|-29,5.64,28|32|29|21|21|23|19|18|3.2|4.6|-4.6|7,,0.08|0.03|0.04|0.01|0.01|0|0|0,0.09|0.09|0.09|0.11|0.11|0.11|0.11|0.11,16|16|16|15|204|13|0|18|0|0|0|0,66|117|150|144|193|311|305|801|662|624|430|455,12|18|17|12|1|17|4|42|-58|-39|-81|-26
Grand Oak Canyon,https://www.screener.in/company/GRANDOAK/consolidated/,"1,776 Cr.",34.2,66.3 / 24.0,362,16.4,0.00 %,0.00 %,0.01 %,10.0,"2,180",,0.00 %,0.00 %,12.0 %,"-6,262 %",36.0 %,"-6,262 %",%,%,%,%,0.00 %,3.12,0.00 %,0.00 Cr.,0.00 Cr.,Cr.,Financial Services,Financial Services,Finance,Non Banking Financial Company (NBFC),-0.02,0.01,0.06,4.86,-0.09|-0.01|0|0|0.09|0|0|0,-0.14,-5.34,0.01|-2.18|-1.56|0.63|-5.34|-0.14,,,,,0.03|0.03|0.02|0.02|0.02|0.02|0.02|0.02,0|0|0|0|0|0,,0.08|0.17|0.26|0.01|-5.01|0.09
Hind.Organ.Chem.,https://www.screener.in/company/500449/consolidated/,258 Cr.,38.4,46.6 / 21.0,,154,0.00 %,-0.02 %,-1.88 %,10.0,3.61,0.84,0.41 %,0.00 %,-3.06 %,-16.1 %,-3.38 %,-21.3 %,-3.14 %,17.0 %,17.0 %,%,0.00 %,0.28,0.00 %,0.00 Cr.,0.00 Cr.,0.00 Cr.,Commodities,Chemicals,Chemicals & Petrochemicals,Commodity Chemicals,3.84,15.69,-3.88,-18.16,-2.03|-11.76|77.39|-0.94|-2.7|-0.58|2.34|0.57,-70,631,-116|46|59|-451|-160|-81|-50|10|-13|-66|631|-70,-3.60,-72|-85|-90|-61|6|-18|7|0.2|1|-0.1|-16|-3.1,,0|0|0|0|0|0|0|0.41,0.02|0.02|0.02|0.02|0.02|0.02|0.02|0.02,0|0|0|0|0|0|0|0|0|0|0|0,178|143|176|275|503|325|407|434|631|704|536|574,-217|-185|-259|-187|73|-98|-8|-32|-55|-54|392|-13
Bharat Global,https://www.screener.in/company/521238/,"1,509 Cr.",149,340 / 78.2,,18.8,0.00 %,-0.04 %,-0.06 %,10.0,1.62,,0.00 %,0.00 %,-4.14 %,1.06 %,-0.46 %,2.40 %,%,%,%,%,0.00 %,0.43,0.00 %,0.00 Cr.,0.00 Cr.,0.00 Cr.,Information Technology,Information Technology,IT - Hardware,Computers Hardware & Equipments,-1.12,-1.30,-0.38,0.17,1|0.14|0.2|0.14|0.02|-0.04|-0.13|-0.11,5.90,-156.42,0.01|-4.43|-0.51|0.75|0.02|-0.01|0.01|-0.04|-0.02|-96.4|-156.42|5.9,9.66,3.85|2.78|1.54|7.14|11.11|0|33.33|0|18.05|1.06|-4.14,,,,0|0|0|0|0|0|0|0,0.26|0.36|0.65|0.14|0.09|0.05|0.03|0.04|0|25.76|668.55|26.11,0.01|0|0.01|0.01|0.01|0|0.01|0|0|3.33|16.03|-0.12
Health X Platform,https://www.screener.in/company/HEALTHX/consolidated/,954 Cr.,300,375 / 252,,201,0.00 %,-0.05 %,0.29 %,10.0,1.68,-21.8,0.12 %,0.00 %,-3.95 %,-1.62 %,-0.05 %,4.19 %,7.55 %,26.6 %,26.6 %,16.9 %,0.00 %,0.04,-0.77 %,0.00 Cr.,0.00 Cr.,0.00 Cr.,Healthcare,Healthcare,Healthcare Services,Healthcare Service Provider,1.99,-12.97,0.37,-15.44,-34.39|-8.47|4.3|7.52|-3.99|0.36|-3.51|0.8,-74,-17,-12|-12|-2|-49|-30|-69|-31|-207|-112|36|-17|-74,8.94,-19|-31|-15|-8|-15|-13|-1.9|62|-10|-1.7|-1.6|-4,,0.99|1.71|1.6|1.88|2.04|2.25|2.17|2.29,1.98|1.85|2.06|2.09|2.07|2.07|2.6|2.6,0|0|0|0|0|0|0|0|0|0|0|0,52|89|135|162|222|388|551|1798|1060|1432|1159|1319,-15|-37|-29|-15|-43|-52|-17|865|-99|6|-134|-1
Hexa Tradex,https://www.screener.in/company/HEXATRADEX/consolidated/,875 Cr.,158,192 / 147,,835,0.00 %,-0.12 %,-0.19 %,2.00,3.41,-3.04,0.00 %,-0.47 %,-104 %,-88.7 %,-161 %,-455 %,72.1 %,18.4 %,18.4 %,%,0.00 %,0.00,0.00 %,0.00 Cr.,0.00 Cr.,0.00 Cr.,Financial Services,Financial Services,Finance,Investment Company,1.67,-3.32,-4.35,-0.89,-8.25|4.74|-0.67|-0.03|-0.16|-0.79|-0.6|0.3,-3.63,22.49,142.03|-5.62|1.76|-0.77|-1.48|5.75|-2.25|-21.7|-22.99|96.31|22.49|-3.63,-513.47,48.07|-9.52|-119.06|-4235.54|-18466.67|-10713.04|-412.82|-1851.16|-620.75|97.52|-88.69|-104.26,,0.05|0.05|0.05|0.05|0.05|0.05|0.05|0.05,0.01|0.13|0.13|0.13|0.16|0.24|0.51|0.04,0|0|0|0|0|0|0|0|0|0|0|0,42.58|19.01|8.29|1.21|0.06|0.23|0.39|0.43|1.06|133.23|5.48|5.4,13.16|-4.34|-0.03|-54.4|47.17|-19.93|9.52|-25.05|-25.61|92.29|-24.95|-8.72
OnMobile Global,https://www.screener.in/company/ONMOBILE/consolidated/,519 Cr.,48.8,84.1 / 40.2,,58.7,0.00 %,-0.12 %,-1.82 %,10.0,1.16,-3.72,-0.11 %,0.00 %,-3.95 %,2.05 %,-2.24 %,-5.54 %,-0.53 %,%,%,%,0.00 %,0.12,0.00 %,0.00 Cr.,0.00 Cr.,6.35 Cr.,Consumer Discretionary,"Media, Entertainment & Publication",Media,Web based media and service,-29,-37,4,6,-1.11|-0.48|-0.75|1.47|0.57|0.34|-3.44|-2.71,87,-24,115|108|90|35|10|17|39|-24|44|38|-24|87,2.82,15|18|14|10|6|7|12|9|2.5|4.6|2|-4,,0.25|0.31|0.23|0.24|1.86|0.91|0.17|0.06,0|0|0|0|0|0|0|0,-51|-59|111|140|84|57|34|49|236|0|0|0,847|816|720|636|594|572|551|520|525|513|573|517,-32|-28|14|11|19|28|46|32|7|15|-41|-11
The Peria Karamalai Tea,https://www.screener.in/company/PKTEA/,282 Cr.,910,"1,169 / 605",,"1,452",0.08 %,-0.26 %,-3.43 %,10.0,0.79,0.95,0.00 %,0.00 %,1.11 %,9.99 %,-16.6 %,-0.16 %,9.84 %,%,%,%,0.00 %,0.10,0.00 %,0.23 Cr.,0.31 Cr.,0.26 Cr.,Fast Moving Consumer Goods,Fast Moving Consumer Goods,Agricultural Food & other Products,Tea & Coffee,9.90,-9.81,0.41,-5.12,14.99|-11.73|-10.89|25.36|-16.54|1.32|-31.69|31.98,0.08,-4.57,-3.05|7.18|-3.84|6.67|-2.19|0.44|2.71|34.24|-29.46|-1.48|-4.57|0.08,7.98,-12.34|0.86|9.4|18.93|18.92|11.6|39.88|15.17|2.44|11.19|9.99|1.11,,,3.67|3.41|3.41|3.41|3.41|3.41|3.41|3.41,-56.3|-10.62|31.63|3.71|7.91|-4.28|4.08|62|-4.61|5.81|129.17|-3.49,30.63|39.65|45.23|49.87|49.2|39.38|72.79|47.2|51.54|53.7|50.57|68.3,-4.13|-2.19|0.98|6.27|2.94|-3.62|11.4|0.5|-3.36|5.34|0.24|-6.67
Keto Motors,https://www.screener.in/company/537392/,"1,788 Cr.",254,368 / 105,"6,876",8.35,0.00 %,-0.30 %,-0.55 %,10.0,5.31,14.0,0.00 %,0.00 %,23.9 %,%,-8.45 %,%,%,-14.9 %,22.9 %,14.4 %,0.00 %,0.65,-0.17 %,0.00 Cr.,0.00 Cr.,0.00 Cr.,Consumer Discretionary,Consumer Services,Retailing,Diversified Retail,0.44,0.06,-0.11,-0.13,-0.01|-0.01|-0.01|-0.01|-4.53|-0.08|0.01|0.06,-36.05,0.00,17.99|5.44|-2.4|1.43|-0.32|-1.67|-0.11|-0.11|0|0|0|-36.05,-2.64,4.82|3.93|6.1|2.63|-34.32|-11.54|23.94,,,0|0|0|0|0|0|0.86|0.86,0|0|0|0|0|0|0|0|0|0|0|0,382.96|258.49|118.3|55.05|7.08|1.04|0|0|0|0|0|2.13,1.6|0.27|-1.2|0.18|-2.65|-0.88|-0.39|-0.2|-0.13|-0.07|-0.05|-0.18
Greenpanel Inds.,https://www.screener.in/company/GREENPANEL/,"1,935 Cr.",158,314 / 149,288,111,0.32 %,-0.40 %,-2.13 %,1.00,1.94,1.18,-0.13 %,0.09 %,5.18 %,9.14 %,-1.89 %,5.02 %,-4.78 %,%,%,%,0.00 %,0.27,0.13 %,6.13 Cr.,3.68 Cr.,13.0 Cr.,Consumer Discretionary,Consumer Durables,Consumer Durables,Plywood Boards/ Laminates,1.23,1.37,10.24,-6.12,1.51|0.69|2.4|-2.82|-0.5|0.84|0.11|0.1,111,78,0|27|101|211|360|339|135|78|111,15.80,14|16|20|26|23|16|9|5,,2.7|3|2.92|1.64|1.36|1.1|1.07|0.94,27.7|28.47|28.62|28.76|29.62|28.45|28.4|28.49,0|0|0|0|8|8|14|5|-21,0|587|860|1020|1624|1783|1567|1436|1539,0|44|16|76|233|230|135|72|-29
Sayaji Hotels,https://www.screener.in/company/SAYAJIHOTL/consolidated/,559 Cr.,319,365 / 250,,88.8,0.00 %,-0.49 %,-14.6 %,10.0,1.32,0.38,0.00 %,0.00 %,14.6 %,19.8 %,-15.4 %,1.50 %,8.97 %,%,%,9.17 %,2.56 %,0.81,0.00 %,0.00 Cr.,0.00 Cr.,0.00 Cr.,Consumer Discretionary,Consumer Services,Leisure Services,Hotels & Resorts,0.30,6.06,2.61,-9.85,-0.74|3.65|-2.45|-2.93|-5.63|1.49|3.46|0.17,44,28,28|26|38|29|37|50|13|34|38|47|28|44,24.60,19|20|19|16|12|15|-29|29|29|30|20|15,,,0.02|0.02|0.02|0.02|0.02|0.02|0.02|0.02,0|0|0|0|0|0|0|0|0|0|0|0,143|181|179|216|244|215|77|163|115|112|138|149,1|10|-3|-4|-13|-19|-53|33|35|14|2|-6
Soma Textiles,https://www.screener.in/company/SOMATEX/consolidated/,267 Cr.,81.0,164 / 62.2,65.1,50.8,0.62 %,-0.66 %,-2.06 %,10.0,2.90,80.5,0.00 %,0.00 %,-1.81 %,-60.9 %,-4.14 %,-14.3 %,150 %,-17.2 %,-17.2 %,12.8 %,0.00 %,0.00,0.00 %,0.00 Cr.,0.00 Cr.,0.00 Cr.,Consumer Discretionary,Textiles,Textiles & Apparels,Other Textile Products,2.76,4.88,1.94,-0.63,20.64|-0.1|0.07|1.1|-0.19|0.59|1.48|0.84,-103,-6,50|16|25|13|-18|-6|-6|33|170|26|-6|-103,-50.16,-4.2|2.4|4.9|6|-21|-7|-41|-33|-96|-59|-61|-1.8,,0.04|0|0|0|0.05|0.01|0|0,0.04|0.04|0.04|0.04|0.1|0.04|0.04|0.04,0|0|0|0|0|0|0|0|0|0|0|0,226|170|127|83|38|26|13|15|5|6|9|81,-34|-14|-8|-8|-17|-6|-22|-16|165|21|69|10
Ent.Network,https://www.screener.in/company/ENIL/consolidated/,486 Cr.,102,169 / 98.6,364,159,1.96 %,-0.75 %,0.25 %,10.0,1.86,-0.44,-0.14 %,-0.16 %,7.96 %,14.5 %,0.39 %,1.21 %,3.40 %,26.2 %,26.2 %,15.4 %,0.00 %,0.23,0.00 %,9.53 Cr.,9.53 Cr.,7.15 Cr.,Consumer Discretionary,"Media, Entertainment & Publication",Entertainment,Media & Entertainment,-6.01,8.27,-6.30,-4.09,-0.87|1.92|2.53|-1.13|-0.86|-1.35|1.73|-1.26,86,26,95|109|104|106|119|119|31|40|114|127|26|86,7.80,33|31|23|22|22|23|6|14|-17|20|14|8,,6.12|6.12|6.13|6.15|6.21|6.27|6.19|6.05,4.06|4.06|4.06|4.06|4.37|3.96|3.86|3.7,4|4|9|13|9|45|-4|-13|-3|22|83|-124,438|509|556|537|621|548|272|319|511|538|544|565,106|109|55|36|54|11|-110|-36|-165|33|12|-7
Bombay Oxygen,https://www.screener.in/company/509470/,273 Cr.,"18,204","26,201 / 17,511",260,"31,509",0.14 %,-0.81 %,-0.68 %,100,3.97,,0.00 %,0.00 %,-202 %,91.9 %,81.7 %,81.7 %,%,%,%,%,0.00 %,0.00,0.00 %,0.38 Cr.,0.52 Cr.,0.36 Cr.,Financial Services,Financial Services,Finance,Non Banking Financial Company (NBFC),29,-31,9,-5,1230|-1032|-820|1615.33|-348|610.67|-2094|1901.33,-2.18,-2.61,-5.29|-8.2|4.93|-4.77|-2.73|-2.26|-1.64|-2.68|-5.41|-1.78|-2.61|-2.18,,,,,0.06|0.06|0.06|0.06|0.06|0.06|0.06|0.06,1.95|39.47|4.82|10.87|2.2|-0.76|0.51|1.07|4.57|0.65|3|-11.57,,7.7|0.38|6.23|1.38|6.81|-19.72|58.29|28.07|4.92|57.6|17.51|-3.24
Vaarad Ventures,https://www.screener.in/company/532320/consolidated/,231 Cr.,9.25,15.3 / 8.15,,0.88,0.00 %,-0.85 %,-0.99 %,1.00,2.53,,0.00 %,0.00 %,%,%,%,-230 %,%,1.43 %,1.43 %,4.84 %,0.00 %,0.18,0.00 %,0.00 Cr.,0.00 Cr.,0.00 Cr.,Financial Services,Financial Services,Finance,Non Banking Financial Company (NBFC),-1.71,-0.04,-0.03,-0.08,0|0|0|0|0|0|0|-0.07,-0.22,-0.07,11.36|-0.22|1.57|-0.38|-0.35|1.15|-0.9|-0.06|-0.06|-0.1|-0.07|-0.22,,,,,,0|0|0|0|0|0|0|0|0|0|0|0,,-1.02|-0.75|-0.43|-0.07|-0.08|-0.12|-0.29|-0.29|-0.23|-0.27|-0.23|-0.22
Quint Digital,https://www.screener.in/company/QUINT/consolidated/,331 Cr.,70.0,70.0 / 19.7,,34.5,0.00 %,-0.91 %,-2.47 %,10.0,0.60,-0.49,0.00 %,0.00 %,-11.9 %,-55.8 %,-7.98 %,-36.2 %,2.93 %,19.9 %,20.0 %,12.6 %,56.8 %,0.41,-0.03 %,0.00 Cr.,0.00 Cr.,0.00 Cr.,Consumer Discretionary,"Media, Entertainment & Publication",Media,Electronic Media,-2.97,-1.94,39.04,-0.05,-0.1|-0.33|-0.25|0.49|0|4.14|-0.31|-0.42,-14,-30,-1|-18|-22|-20|-30|-14,-30.60,-92|-30|-22|-33|-56|-12,,11.77|11.77|11.77|11.77|11.77|11.77|11.77|11.77,,0|0|0|0|0|0,35|56|74|66|32|81,-61|-25|-28|57|-33|42
Prozone Realty,https://www.screener.in/company/PROZONER/consolidated/,811 Cr.,53.2,72.8 / 39.3,,29.9,0.00 %,-1.04 %,-1.84 %,2.00,1.97,1.32,-0.04 %,0.00 %,-17.9 %,25.2 %,-21.6 %,-30.8 %,-27.5 %,%,%,11.1 %,0.00 %,1.44,0.07 %,0.00 Cr.,0.00 Cr.,0.00 Cr.,Consumer Discretionary,Realty,Realty,"Residential, Commercial Projects",1.30,3.91,6.79,3.42,-0.09|0.05|-2.15|0.05|0.1|0.12|0.44|0.09,0,40,30|-30|-52|-10|28|-18|-18|91|82|60|40|0,22.20,30|28|8|39|51|57|43|42|32|30|25|-18,,3.01|3.02|3.01|3.01|3.31|3.26|3.05|3.01,0|0|0.1|0.1|0.06|0.03|0|0,0|0|0|0|0|0|0|0|0|0|0|0,58|86|63|96|118|85|45|93|173|185|179|66,-12|4|2|-7|7|-4|-42|-1|38|3|-54|18
Dai-ichi Karkari,https://www.screener.in/company/DAICHI/consolidated/,244 Cr.,328,384 / 219,103,248,0.46 %,-1.06 %,-0.34 %,10.0,1.68,3.09,0.00 %,0.00 %,2.15 %,7.97 %,-0.40 %,3.79 %,-4.28 %,%,%,14.6 %,0.00 %,0.07,0.00 %,1.12 Cr.,2.61 Cr.,1.64 Cr.,Commodities,Chemicals,Chemicals & Petrochemicals,Specialty Chemicals,2.93,0.09,-0.86,0.01,-0.31|3.52|8.32|0.03|0.01|-1.15|0.12|3.93,5,16,5|11|3|-8|6|1|-22|-3|23|10|16|5,1.78,12|17|14|10|-12|-4.7|-14|-15|9|4.8|8|2.1,,,0|0|0|0|0|0|0|0,10|10|9|14|-15|-8|4|0|15|11|29|-151,181|194|126|147|92|107|97|122|184|132|181|161,23|22|25|14|-13|-23|51|-18|20|14|9|-1
Ushanti Colour,https://www.screener.in/company/UCL/consolidated/,320 Cr.,230,260 / 39.4,,36.0,0.00 %,-1.15 %,-0.80 %,10.0,1.00,-0.27,0.00 %,0.00 %,0.22 %,2.17 %,-6.87 %,-9.03 %,46.7 %,20.9 %,22.0 %,%,0.00 %,1.07,-13.0 %,0.00 Cr.,0.00 Cr.,0.00 Cr.,Commodities,Chemicals,Chemicals & Petrochemicals,Dyes And Pigments,-1,-4,-3,-3,-0.04|0.94|-1.44|-1.23|-1.01|-0.46|-1.89|1.38,-5,5,0|1|3|5|-5|5|-5,2.78,11|14|8|0|3.5|2.2|0.2,,,,6|0|0|0|0|0|0,46|35|48|44|51|78|139,2|2|1|1|-5|-7|-5
Essen Speciality,https://www.screener.in/company/ESFL/,310 Cr.,125,310 / 108,,59.0,0.80 %,-1.25 %,-2.70 %,10.0,3.09,-2.06,0.00 %,0.00 %,0.29 %,12.2 %,-2.48 %,6.75 %,11.2 %,%,%,%,0.00 %,0.32,0.01 %,0.00 Cr.,2.48 Cr.,0.81 Cr.,Consumer Discretionary,Consumer Durables,Consumer Durables,Plastic Products - Consumer,0.36,-8.80,-2.20,5.19,2.55|3.01|-1.83|0.72|2.09|-0.89|-3.54|0.14,1,-12,7|15|-7|25|-3|-12|1,11.26,20|19|11|16|17|12|0.3,,0.2|0.13|0.16|0.14|0|0|0|0,1.45|0.17|0|0|0|0.98|0|0,31|21|0|0|11|21|0,73|96|117|119|143|173|163,8|9|5|13|14|12|-4
Shivam Autotech,https://www.screener.in/company/SHIVAMAUTO/,255 Cr.,19.4,34.5 / 13.0,,-3.09,0.00 %,-1.28 %,%,2.00,0.76,0.02,0.00 %,0.00 %,7.06 %,9.78 %,-19.9 %,-10.6 %,-4.51 %,%,%,%,0.00 %,10.8,0.00 %,0.00 Cr.,0.00 Cr.,0.00 Cr.,Consumer Discretionary,Automobile and Auto Components,Auto Components,Auto Components & Equipments,-21,-27,-25,-12,-0.91|-0.97|-1.12|-1.34|-0.94|-1.87|-2.03|-1.6,5,77,7|47|27|79|94|104|72|65|65|33|77|5,10.40,19|17|10|14|13|9|16|15|11|9|10|7,,0|0|0.04|0|0.04|0.03|0|0,0.01|0.01|7.06|7.06|7.06|7.06|7.06|7.06,21|21|0|0|0|0|0|0|0|0|0|0,446|425|456|557|636|588|487|469|470|470|454|410,28|19|-4|-1|-18|-37|-23|-16|-35|-50|-48|-81
Jindal Photo,https://www.screener.in/company/JINDALPHOT/consolidated/,"1,155 Cr.","1,126","1,635 / 971",,992,0.00 %,-1.38 %,-2.29 %,10.0,2.68,-10.7,-0.01 %,0.00 %,-115 %,83.8 %,-181 %,"9,147 %",17.0 %,%,%,%,0.00 %,0.06,0.00 %,0.00 Cr.,0.00 Cr.,0.00 Cr.,Financial Services,Financial Services,Finance,Investment Company,13,-6,-117,47,121.06|23.89|28.37|50.85|46.06|-113.53|-5.5|12.7,7,0,639|-258|-4|0|-1|0|0|0|-1|0|0|7,-1.20,-7|16|-10|-308|-24|-167|94|98|84|-115,,0|0|0|0.02|0|0|0.01|0,0.02|0.02|0.02|0.02|0.02|0.02|0.02|0.02,0|0|0|0|0|0|0|0|0|0|0|0,21|1412|0|0|1|0|0|0|8|20|2|13,-63|-355|0|-2|-3|-3|-4|634|167|266|226|-23
Shiva Cement,https://www.screener.in/company/SHIVACEM/,456 Cr.,15.4,30.4 / 12.0,,-2.26,0.00 %,-1.43 %,%,2.00,0.28,-0.03,0.00 %,0.00 %,3.11 %,-2.00 %,-28.4 %,-44.1 %,"3,417 %",%,%,%,0.00 %,24.9,0.00 %,0.00 Cr.,0.00 Cr.,0.00 Cr.,Commodities,Construction Materials,Cement & Cement Products,Cement & Cement Products,-21,-29,-34,-33,-1.14|-1.15|-1.8|-1.03|-1.11|-1.15|-0.97|-0.72,85,-56,9|14|35|-59|-5|-11|-4|-113|-110|253|-56|85,-26269.78,15|14|-26|-33|-24|-21|-33|-261|-131100|11|-2|3.1,,0.11|0.11|0.11|0.11|0.11|0.11|0.11|0.11,0.07|0.07|0.07|0.07|0.07|0.07|0.07|0.07,0|0|0|0|0|0|0|0|0|0|0|0,66|68|22|25|29|32|28|3|0|347|311|435,2|0|-20|-31|-21|-23|-22|-26|-80|-68|-142|-126
Hi-Klass Trading,https://www.screener.in/company/542332/,273 Cr.,90.2,108 / 14.8,37.5,17.5,0.00 %,-1.46 %,-4.69 %,5.00,19.0,19.9,0.00 %,0.00 %,-10.4 %,-315 %,-32.0 %,-210 %,161 %,%,-32.4 %,11.7 %,23.1 %,0.01,0.00 %,0.00 Cr.,0.00 Cr.,0.00 Cr.,Financial Services,Financial Services,Finance,Other Financial Services,8.48,-2.32,1.23,-0.13,0.52|-0.13|-0.51|-0.18|-0.09|0.87|-0.77|2.81,-1.68,-1.49,0|-0.06|-0.07|-0.78|0|-0.54|-1.07|1.65|0.14|0.03|-1.49|-1.68,-196.28,90.8|0|29.49|35.29|-22.83|14.29|-838.46|31.82|-61.54|-626.32|-315|-10.37,,,,0|0|0|0|0|0|0|0|0|0,0.87|0.32|0.78|0.17|0.92|0.14|0.13|0.22|0.26|0.19|0.2|4.63,0.52|0|0.15|0.03|-0.23|0.02|-1.16|0|-0.18|-1.18|-0.42|-1.48
Andhra Petrochem,https://www.screener.in/company/500012/,373 Cr.,43.9,59.0 / 29.4,,59.5,0.00 %,-1.69 %,-2.53 %,10.0,11.4,-0.54,0.00 %,0.00 %,-4.45 %,-4.57 %,-2.85 %,-2.95 %,-12.6 %,%,%,%,0.00 %,0.16,0.00 %,0.00 Cr.,0.00 Cr.,11.0 Cr.,Commodities,Chemicals,Chemicals & Petrochemicals,Commodity Chemicals,-3.25,1.38,-10.77,2.14,-0.43|-1.78|-1.79|-0.99|0.25|-1.27|0.16|-0.38,13,-57,-32|-17|-14|60|79|41|125|177|16|103|-57|13,7.78,-21|-3.4|3.9|13|16|7|24|32|5|11|-4.6|-4.5,,1.13|0.95|0.95|0.94|0.91|0.9|0.9|0.9,0.02|0.02|0.02|0.02|0.02|0.02|0.02|0.02,0|0|0|0|18|0|17|11|62|27|0|0,140|334|329|520|666|456|566|965|683|789|502|456,-45|-24|-7|46|70|14|76|227|20|63|-18|-16
Aion-Tech Soluti,https://www.screener.in/company/GOLDTECH/consolidated/,216 Cr.,41.3,70.0 / 29.7,,58.5,0.00 %,-1.71 %,-0.92 %,10.0,1.18,-0.02,0.00 %,0.00 %,7.19 %,-2.98 %,-6.55 %,-3.64 %,13.2 %,%,%,-3.43 %,3.24 %,0.31,0.00 %,0.00 Cr.,0.00 Cr.,0.00 Cr.,Information Technology,Information Technology,IT - Software,Software Products,-2.60,-2.69,-1.76,-0.48,2.87|-0.12|0.21|1.5|-0.03|0|0.06|-0.33,-14,-12,10|2|-4|-9|0|-3|2|8|-11|4|-12|-14,0.72,8|-0.7|-3.4|1.7|1.4|1.6|0.1|-2.2|2|-0.2|-3|7,,0.08|0.08|0.1|0.08|0|0.01|6.43|6.43,0.01|0.01|0.01|0.01|0.01|0.01|0.01|0.01,0|0|0|0|0|0|0|0|0|0|0|0,70|52|37|36|42|43|50|61|93|93|89|135,-3|-1|0|2|-1|0|-1|1|0|-2|10|1
Heranba Inds,https://www.screener.in/company/HERANBA/consolidated/,668 Cr.,167,365 / 155,,190,0.60 %,-1.72 %,-9.69 %,10.0,1.08,-0.21,-0.06 %,0.01 %,4.35 %,6.95 %,-4.94 %,0.04 %,6.54 %,%,%,%,0.00 %,0.76,0.00 %,0.00 Cr.,0.00 Cr.,Cr.,Commodities,Chemicals,Fertilizers & Agrochemicals,Pesticides & Agrochemicals,7.03,-58.32,-23.44,-2.14,9.49|-2.55|-10.37|1.52|-0.36|-5.81|-14.45|1.78,-96,101,0|107|101|-96,7.33,12|6|7|4.3,,0.4|0.42|0.1|0.05|0.06|0.08|0.07|0.01,0|0.21|0.21|0.28|0.28|0.28|0.28|0.29,5|14|0|0,1319|1257|1410|1595,104|34|2|-78
C C C L,https://www.screener.in/company/CCCL/consolidated/,615 Cr.,13.8,27.6 / 12.8,,6.24,0.00 %,-1.85 %,-4.32 %,2.00,1.62,0.51,-0.04 %,0.04 %,-11.2 %,-29.6 %,-3.51 %,-17.7 %,28.4 %,24.0 %,24.2 %,13.9 %,0.00 %,0.00,0.00 %,0.00 Cr.,0.00 Cr.,0.00 Cr.,Consumer Discretionary,Realty,Realty,"Residential, Commercial Projects",-5.49,-2.00,3.52,-0.43,1.16|-0.28|1.25|1.74|-0.01|0.08|-0.04|-0.12,-98,156,-18|-126|57|49|42|16|8|8|0|51|156|-98,-117.00,-4.6|-10|-2.4|-4.5|0.7|-18|-23|-47|-23|-474|-30|-11,,0|0.01|0.02|0|0.02|0|0.04|0,10.01|9.54|8.93|8.93|8.93|8.93|8.93|8.97,0|0|0|0|0|0|0|0|0|0|0|0,670|403|586|471|465|344|204|131|139|131|182|295,-183|-188|-159|-87|-72|-157|-103|-141|-113|673|88|79
Mirza Internatio,https://www.screener.in/company/MIRZAINT/,403 Cr.,29.1,43.5 / 24.8,,34.0,0.00 %,-1.87 %,-3.75 %,2.00,4.06,-3.34,-0.03 %,0.00 %,4.01 %,5.78 %,-3.39 %,-0.89 %,-6.28 %,%,%,%,0.00 %,0.00,0.00 %,0.00 Cr.,0.00 Cr.,0.00 Cr.,Consumer Discretionary,Consumer Durables,Consumer Durables,Leather And Leather Products,-4.51,-11.69,-7.83,3.99,0.23|-0.53|-0.04|1.28|0.29|-0.57|-0.85|-0.33,49,21,97|90|114|-24|35|228|234|341|69|41|21|49,8.00,16|18|17|18|12|14|11|13|9|8|6|4,,0.3|0.17|0.14|0.14|0.14|0.25|0.17|0.14,0|0.01|0.01|0.01|0.01|0.01|0.01|0.01,9|7|15|14|22|23|0|0|0|0|0|0,918|926|936|972|1152|1260|1047|1386|627|603|570|516,51|78|72|78|49|48|7|86|26|13|-4|2
Bharat Parenter.,https://www.screener.in/company/BPLPHARMA/consolidated/,"1,040 Cr.","1,510","1,649 / 880",,468,0.07 %,-1.87 %,-2.54 %,10.0,1.94,-1.25,0.00 %,0.31 %,4.58 %,1.10 %,-7.99 %,-12.6 %,16.6 %,%,%,%,0.00 %,0.45,0.03 %,0.69 Cr.,0.69 Cr.,0.48 Cr.,Healthcare,Healthcare,Pharmaceuticals & Biotechnology,Pharmaceuticals,-3.56,-8.16,-9.67,-8.60,-11.5|-2.42|-6.86|11.94|-10.49|-6.37|-6.96|1.47,38,-27,0|-2|6|20|14|24|-1|22|-5|-27|38,7.74,8|6|9|13|12|12|14|9|10|1.1|4.6,,0.08|0.11|0.11|0.11|0.11|0.11|0.11|0.11,0.57|0.54|0.54|0.54|0.54|0.54|1.07|1.38,0|0|0|0|0|0|0|3|4|-5|-8,124|111|137|220|228|205|212|218|261|340|345,6|7|9|21|24|20|21|16|11|-44|-27
Frog Innovations,https://www.screener.in/company/FROG/consolidated/,438 Cr.,282,305 / 124,,102,0.00 %,-1.91 %,-0.71 %,10.0,3.55,-6.22,0.00 %,0.43 %,-1.49 %,16.2 %,-1.07 %,10.7 %,-7.27 %,%,%,%,0.00 %,0.08,0.00 %,0.00 Cr.,0.00 Cr.,0.00 Cr.,Telecommunication,Telecommunication,Telecom -  Equipment & Accessories,Telecom -  Equipment & Accessories,-1,-1,18,5,6.35|3.43|3.43|11.75|-0.66|-0.35,23,-2,9|-2|11|7|10|7|7|-2|23,11.90,6|-5|7|9|15|17|13|16|-1.5,,2.22|0|0|0|0.01|0.29|0.2|0.2,0.76|1.75|1.87|0|0|0|0.12|0.55,0|0|0|0|0|0|0|0|0,89|60|87|121|133|133|158|219|106,3|-7|2|14|15|15|16|24|-2
One Mobikwik,https://www.screener.in/company/MOBIKWIK/consolidated/,"1,673 Cr.",212,303 / 151,569,68.4,0.00 %,-2.25 %,-8.28 %,2.00,1.47,1.13,0.24 %,-0.55 %,-3.59 %,-8.69 %,-4.17 %,-10.4 %,27.5 %,13.0 %,16.8 %,14.8 %,0.00 %,0.51,-0.01 %,0.00 Cr.,0.00 Cr.,0.00 Cr.,Financial Services,Financial Services,Financial Technology (Fintech),Financial Technology (Fintech),7.62,4.38,4.05,-28.62,-0.63|-7.12|-7.21|-5.36|-3.64|0.51|0.56|0.97,-78,-68,-35|-321|27|-22|-68|-78,-9.82,-40|-25|-14|2.5|-9|-3.6,,4.83|3.9|7.08|3.74|3.19|4.24|4.48,8.85|4.55|4.74|4.31|4.77|4.07|3.52,0|0|0|0|0|0,289|527|539|875|1170|1119,-111|-128|-84|14|-122|-62
Sutlej Textiles,https://www.screener.in/company/SUTLEJTEX/consolidated/,625 Cr.,38.1,43.4 / 23.7,,49.8,0.00 %,-2.32 %,-8.86 %,1.00,1.13,0.12,-0.10 %,0.00 %,2.05 %,1.60 %,-2.94 %,-2.72 %,-5.73 %,%,%,%,0.00 %,1.14,0.00 %,0.00 Cr.,0.00 Cr.,12.6 Cr.,Consumer Discretionary,Textiles,Textiles & Apparels,Other Textile Products,0.85,-18.18,-16.17,-21.86,-1.14|-1.57|-0.77|-1.84|-1.33|-0.99|-1.11|0.05,72,66,157|216|319|89|95|196|222|66|72,4.44,10|8|7|6|12|8|-1.4|1.6|2,,1.45|1.49|1.45|1.44|1.41|1.4|1.04|0.94,0.02|0.02|0.02|0.02|0.02|0.02|0.02|0.02,19|18|18|-134|20|44|-12|0|0,2476|2614|2417|1884|3076|3074|2703|2677|2575,113|58|28|-4|150|37|-136|-68|-86
Rudra Ecovation,https://www.screener.in/company/514010/,263 Cr.,22.0,37.6 / 14.0,,9.23,0.00 %,-2.56 %,-3.94 %,1.00,1.98,-2.67,0.00 %,0.00 %,-7.47 %,-6.17 %,-12.9 %,-12.4 %,5.61 %,%,%,6.26 %,0.00 %,0.16,0.00 %,0.00 Cr.,0.00 Cr.,0.00 Cr.,Consumer Discretionary,Textiles,Textiles & Apparels,Other Textile Products,-0.97,-1.39,-0.99,-0.82,-0.15|-0.11|-0.01|-0.08|-0.07|-0.09|-0.12|-0.08,-16.74,15.05,13.76|4.97|3.81|5.1|5.74|5.34|0.06|33.47|11.07|3.57|15.05|-16.74,-3.30,7.87|11.55|6.63|8.84|9.25|2.09|-4.88|-14.58|6.67|5.05|-6.17|-7.47,,0|0.29|0.19|0|0|0|0|0,5.41|7.01|6.93|6.93|6.93|6.93|6.65|6.65,0|0|0|0|0|0|0|0|0|0|0|0,84.58|47.34|55.78|55.76|47.76|42.66|14.54|27.29|26.83|19.62|26.59|31.6,-1.24|0.17|-1.62|-0.68|0.41|-2.3|-5.04|-6.87|2.93|-0.64|-3.29|-4.07
Samor Reality,https://www.screener.in/company/543376/,211 Cr.,93.3,105 / 48.6,,27.9,0.00 %,-2.81 %,-11.0 %,10.0,9.66,-0.99,0.00 %,0.00 %,%,%,%,-500 %,%,%,%,%,0.00 %,0.40,0.00 %,0.00 Cr.,0.00 Cr.,0.00 Cr.,Consumer Discretionary,Realty,Realty,"Residential, Commercial Projects",-0.09,-6.57,0.10,-0.20,-0.12|-0.03|-0.2|-0.07|-0.09|0.04|-2.91|-0.04,-8.13,-24.68,0.92|-2.26|-8.15|-12.9|-28.88|-24.68|-8.13,225.53,2.41|-8.49|1.45|0.64|0.73|1133.33,,,,0|0|0|0|0|0|0|0,8.3|1.06|9.64|17.32|12.41|0.06|0|0,0.11|-0.09|0.1|0.11|-0.23|-0.3|-0.63|-6.82
Kisan Mouldings,https://www.screener.in/company/530145/consolidated/,269 Cr.,22.5,42.4 / 21.0,,16.2,0.00 %,-3.14 %,-5.29 %,10.0,1.12,-3.27,0.00 %,0.38 %,-0.84 %,3.89 %,-4.23 %,1.21 %,-2.88 %,21.8 %,24.8 %,14.1 %,0.00 %,0.16,0.00 %,0.00 Cr.,0.00 Cr.,0.00 Cr.,Industrials,Capital Goods,Industrial Products,Plastic Products - Industrial,-6.69,-3.31,-3.61,-0.57,-0.04|0.03|0.04|0.01|-0.05|-0.3|-0.28|-0.56,-3,-43,49|38|7|45|25|5|33|12|12|-43|-3,-5.98,6|7|7|6|-8|-4.2|-16|-8|-9|3.9|-0.8,,0.54|0.54|0.54|0.54|0.54|0.54|0.54|0.54,0|0|0|0|0|0|0|0.38,0|0|0|0|0|0|0|0|0|0|0,464|480|559|534|248|210|307|273|268|273|250,-15|-1|0|-10|-42|-47|-85|-55|58|3|-7
Thirumalai Chem.,https://www.screener.in/company/TIRUMALCHM/consolidated/,"1,911 Cr.",159,327 / 144,,130,0.00 %,-3.15 %,-11.8 %,1.00,0.62,-0.37,-0.60 %,0.14 %,-2.03 %,2.38 %,-9.24 %,-2.36 %,-6.63 %,%,%,%,0.00 %,1.39,0.00 %,0.00 Cr.,0.00 Cr.,10.2 Cr.,Commodities,Chemicals,Chemicals & Petrochemicals,Commodity Chemicals,-44,-28,-47,-33,0.48|-4.1|-1.37|-5.86|-2.81|-3.86|-2.32|-3.62,-131,-66,154|126|108|81|234|140|221|402|54|237|-66|-131,6.78,3.6|10|15|22|16|7|20|22|9|2.5|2.4|-2,,2.86|2.77|1.97|1.88|2.15|1.97|2.06|1.46,1.3|1.27|1.12|1.05|9.32|9.47|9.93|10.07,-30|51|27|12|18|0|19|9|17|-26|0|0,1070|940|1028|1312|1261|1085|1086|1998|2132|2083|2050|1736,-14|32|71|170|114|23|118|281|90|-39|-46|-168
Indl. Inv. Trust,https://www.screener.in/company/IITL/consolidated/,300 Cr.,143,229 / 108,,191,0.00 %,-3.50 %,-2.85 %,10.0,20.5,-17.2,-5.16 %,-0.06 %,-85.4 %,42.4 %,26.2 %,26.2 %,%,%,%,11.2 %,0.00 %,0.00,6.12 %,0.00 Cr.,0.00 Cr.,0.00 Cr.,Financial Services,Financial Services,Finance,Investment Company,14,-25,6,-3,4.15|-2.29|-3.34|4.56|-1.46|2.71|-11.31|6.79,17.45,-138.83,18.31|-15.38|4.64|1.38|-6.7|-5.36|-1.23|-224|276.88|-44.84|-138.83|17.45,-47.88,2.24|-0.83|-6.6|-436.61|-201.96|-151.06|-410.99|-296.37|273.43|152.11|42.4,,15.56|15.28|7.08|7.08|7.07|5.3|4.87|0.14,1.41|1.41|1.41|1.41|1.41|1.41|1.4|1.35,146.43|0|0|0|0|0|0|0|0|0|0|0,339.07|327.26|324.61|18|22.91|23.56|11.19|11.86|17.16|36.5|16.58|-15.36,2.69|-10|-27.06|-84.42|-46.24|-44.66|-46.79|35.46|44.04|71.23|4.35|-12.09
Orient Paper,https://www.screener.in/company/ORIENTPPR/,365 Cr.,17.2,29.8 / 13.2,,69.2,0.00 %,-4.24 %,-1.88 %,1.00,0.57,-3.19,-0.04 %,-0.09 %,-4.16 %,-1.64 %,-3.12 %,-5.42 %,-1.33 %,%,%,6.84 %,0.00 %,0.20,0.00 %,0.00 Cr.,0.00 Cr.,6.37 Cr.,Commodities,Forest Materials,"Paper, Forest & Jute Products",Paper & Paper Products,-8.25,-10.94,-21.26,-30.60,-0.93|-0.5|-0.85|1.6|-1.44|-1|-0.52|-0.39,-27,-12,36|76|36|126|99|68|-20|-24|62|101|-12|-27,3.06,1.6|5|0.2|17|19|8|-8|-2.9|17|7|-1.6|-4.2,,1.06|1.01|0.89|0.59|0.53|0.51|0.22|0.18,2.9|1.69|0.25|0.28|0.29|0.28|0.37|0.28,-7|24|56|43|23|53|-11|-18|21|85|0|0,1667|1819|511|661|710|607|443|586|943|832|896|906,-29|21|38|49|102|20|-47|-29|99|6|-55|-29
BirlaNu Ltd,https://www.screener.in/company/BIRLANU/consolidated/,"1,041 Cr.","1,380","2,012 / 1,190",,"1,472",1.09 %,-4.29 %,-14.9 %,10.0,0.86,-0.99,-0.13 %,0.02 %,0.25 %,1.67 %,-4.62 %,-3.69 %,2.35 %,%,%,%,0.00 %,1.00,0.00 %,11.4 Cr.,22.7 Cr.,29.1 Cr.,Commodities,Construction Materials,Other Construction Materials,Other Construction Materials,9.40,-22.35,-53.03,-42.86,19.45|-47.05|-32.77|-1.75|-56.84|-70.32|-29.64|12.47,119,82,39|187|135|130|466|166|132|173|82|119,4.52,9|12|11|9|13|11|6|3.7|1.7|0.2,,1.35|1.29|1.4|2.05|2.23|2.64|2.87|2.74,3.57|2.48|0.1|0.12|0.15|0.14|0.06|0.08,33|21|18|14|12|23|35|82|-69|-10,1100|1280|2169|2555|3044|3520|3479|3375|3615|3730,40|81|101|106|260|210|97|35|-33|-120
Transworld Shipp,https://www.screener.in/company/TRANSWORLD/consolidated/,365 Cr.,166,271 / 112,,307,0.90 %,-4.53 %,-10.8 %,10.0,1.04,-0.41,-0.01 %,0.00 %,7.98 %,24.0 %,-14.3 %,6.16 %,4.26 %,%,%,%,0.00 %,0.45,0.00 %,0.00 Cr.,3.29 Cr.,2.42 Cr.,Services,Services,Transport Services,Shipping,30,-30,-25,-11,9.69|6.72|-2.78|-4.1|-5.12|-11.52|-13.44|13.44,92,175,79|54|29|59|59|58|58|118|231|19|175|92,26.80,22|13|9|21|11|6|11|43|51|8|24|8,,0|0.51|0.08|0.01|0|0|0.01|0,,7|6|2|4|9|0|10|3|2|0|12|0,546|596|718|541|625|612|560|536|484|282|650|548,62|50|106|92|30|-66|44|211|197|-51|28|-75
Mcleod Russel,https://www.screener.in/company/MCLEODRUSS/consolidated/,463 Cr.,44.3,78.4 / 28.5,8.68,-4.83,0.00 %,-4.68 %,720 %,5.00,0.23,-0.45,-0.35 %,-0.05 %,-2.24 %,1.77 %,1.92 %,-18.3 %,-5.54 %,29.7 %,29.7 %,19.3 %,0.06 %,33.6,0.00 %,0.00 Cr.,0.00 Cr.,0.00 Cr.,Fast Moving Consumer Goods,Fast Moving Consumer Goods,Agricultural Food & other Products,Tea & Coffee,-13,-73,-36,29,8.09|-8.36|-16.7|-4.16|2.78|-3.49|-6.96|-1.28,53,72,108|207|137|196|280|84|178|105|205|34|72|53,0.32,8|9|6|7|-2.4|3.7|14|5|7|-10|1.8|-2.2,,1.86|1.37|1.48|1.56|1.5|1.43|1.84|1.49,1.31|1.29|1.28|1.28|1.25|0.61|0.59|0.54,105|59|4|2|0|0|0|0|0|0|0|0,1646|1926|1871|2055|1723|1143|1438|1356|1370|1136|1185|1154,33|35|64|219|39|-148|-52|-181|-1057|-312|-198|-124
FratelliVineyard,https://www.screener.in/company/541741/consolidated/,589 Cr.,136,151 / 61.6,,31.3,0.00 %,-4.87 %,-17.0 %,10.0,1.37,-0.77,0.00 %,0.00 %,-4.30 %,-2.11 %,-13.7 %,-6.15 %,%,%,%,%,0.00 %,1.01,0.00 %,0.00 Cr.,0.00 Cr.,Cr.,Fast Moving Consumer Goods,Fast Moving Consumer Goods,Beverages,Breweries & Distilleries,-3.67,-7.05,-8.72,-3.31,-0.67|-0.64|-2.53|-1.34|-0.76|-2.01|-1.62|-0.84,5,-7,8|-1|51|-13|3|7|-7|5,0.34,2.7|1.4|1.9|0.5|0.6|7|-2.1|-4.3,,0.48|0.48|0.48|0.48|0.48|0.48|0.48|0.48,,0|0|0|0|0|0|0|0,416|464|488|295|245|421|276|181,3|0|2|-3|-1|9|-17|-25
Goa Carbon,https://www.screener.in/company/GOACARBON/,346 Cr.,378,495 / 272,,184,0.00 %,-4.91 %,-26.0 %,10.0,1.52,-0.52,-0.03 %,0.00 %,-4.01 %,-3.70 %,-7.22 %,-4.72 %,-20.1 %,%,%,%,92.8 %,0.99,0.00 %,0.00 Cr.,0.00 Cr.,8.69 Cr.,Commodities,Metals & Mining,Minerals & Mining,Industrial Minerals,-6.58,4.49,-23.37,-21.41,-11.07|-9.11|-7.15|-8.69|-23.4|-25.54|4.91|-7.19,78,-54,-6|35|17|27|110|3|-15|-40|-116|196|-54|78,4.46,1.1|2.2|6|16|0.1|-3.6|1.8|7|11|12|-3.7|-4,,0.1|0|0.01|0.01|0|0.01|0.03|0,0.01|0.02|0.02|0.02|0.02|0.02|0.02|0.02,-9|0|43|25|0|0|0|24|20|21|0|0,188|316|291|576|462|417|353|766|1364|1057|508|696,-10|-3|10|54|-8|-28|-5|38|81|86|-22|-48
Astec Lifescienc,https://www.screener.in/company/ASTEC/consolidated/,"1,619 Cr.",727,942 / 512,,175,0.00 %,-5.44 %,-25.2 %,10.0,0.89,-1.07,-0.02 %,0.00 %,-1.00 %,-17.4 %,-17.6 %,-35.9 %,-10.6 %,%,%,%,0.00 %,1.15,0.00 %,0.00 Cr.,0.00 Cr.,1.18 Cr.,Commodities,Chemicals,Fertilizers & Agrochemicals,Pesticides & Agrochemicals,-19,-8,-16,-24,-17.21|-18.03|-7.18|-14.75|-10.96|-7.05|-3.48|-8.4,-81,-8,7|-13|19|65|15|168|-8|24|75|10|-8|-81,3.14,20|14|21|19|18|16|20|23|12|-1.3|-17|-1,,0.53|1.2|0.25|0.02|0|0.04|0.03|0.01,4.5|5.4|4.34|4.26|4.01|3.17|3.33|3.33,16|0|15|8|8|6|5|3|12|0|0|0,267|233|299|368|431|523|555|677|628|458|381|448,15|5|19|35|36|48|65|90|26|-47|-135|-81
Indo National,https://www.screener.in/company/NIPPOBATRY/consolidated/,240 Cr.,320,488 / 255,,403,1.17 %,-5.47 %,-7.11 %,5.00,2.02,-9.69,0.00 %,0.00 %,-4.02 %,-4.76 %,-5.90 %,26.1 %,-7.52 %,%,%,%,0.00 %,0.11,0.00 %,2.81 Cr.,3.75 Cr.,3.56 Cr.,Fast Moving Consumer Goods,Fast Moving Consumer Goods,Household Products,Household Products,2.01,-21.00,-7.85,1.13,2.89|-16.09|0.11|1.36|1.84|-10.45|-27.88|2.85,40,-56,37|44|38|-19|10|11|35|36|44|-56|40,0.88,7|8|11|9|12|11|4.6|2.6|6|-4.8|-4,,0.04|0|0|0.01|0|0|0|0,,66|49|34|41|133|31|47|-66|39|3|-11,361|377|394|443|508|532|570|572|641|467|452,13|21|31|27|10|33|13|-8|15|122|-27
VISA Chrome,https://www.screener.in/company/VISACHROME/consolidated/,439 Cr.,30.1,73.7 / 27.0,,-17.0,0.00 %,-5.58 %,%,10.0,0.10,-0.59,1.15 %,0.04 %,2.43 %,5.52 %,-6.94 %,-8.34 %,-5.12 %,15.8 %,17.0 %,11.9 %,28.7 %,,4.80 %,0.00 Cr.,0.00 Cr.,0.00 Cr.,Commodities,Metals & Mining,Ferrous Metals,Ferro & Silica Manganese,-9.56,"1,082.58",-16.53,-20.22,-0.36|-1.49|-42.16|0.37|-1.75|-1.28|83.73|-0.74,36,26,-216|-333|12|151|82|59|13|17|26|17|26|36,2.42,1.2|-1.5|3.7|1.9|-1.8|-7|0.4|1.6|1.3|0.8|6|2.4,,13.35|13.35|13.34|13.34|13.34|11.95|11.95|13.1,0|0|0|0.09|0|0|0|0.04,0|0|0|0|0|0|0|0|0|0|0|0,1280|1303|1559|2067|1414|683|988|1118|657|670|566|562,-303|-659|-133|-90|-162|-192|-1197|-87|1660|-72|-517|1050
Shardul Sec.,https://www.screener.in/company/SHARDUL/consolidated/,481 Cr.,55.0,60.0 / 20.1,20.8,75.2,0.00 %,-5.79 %,-7.22 %,2.00,24.1,2.16,0.00 %,0.00 %,-297 %,75.0 %,-308 %,52.7 %,6.23 %,%,%,%,0.00 %,0.42,0.00 %,0.00 Cr.,0.00 Cr.,0.00 Cr.,Financial Services,Financial Services,Capital Markets,Stockbroking & Allied,143,-64,-17,-38,3.29|-4.56|-7.97|8.04|-4.4|-1.97|-7.29|16.31,-23,-40,-38|5|31|-14|1|5|-10|8|-18|21|-40|-23,-3.80,84|59|37|61|27|-151|90|84|25|94|75|-297,,0|0|0|0|0.24|0.3|0.3|0.3,,14|21|154|30|269|0|0|0|0|0|0|0,12|6|6|7|7|6|24|15|13|173|63|16,10|5|1|3|0|-6|16|10|2|98|33|-49
Quick Heal Tech,https://www.screener.in/company/QUICKHEAL/consolidated/,827 Cr.,152,371 / 125,,80.5,0.00 %,-5.97 %,-3.82 %,10.0,1.51,-149,-0.27 %,-1.16 %,-11.2 %,-2.36 %,-6.42 %,0.98 %,-2.09 %,%,%,%,0.00 %,0.00,-0.02 %,0.00 Cr.,0.00 Cr.,11.1 Cr.,Information Technology,Information Technology,IT - Software,Software Products,-5.28,-19.94,6.61,7.91,0.77|0.02|-0.6|-1.02|1.46|1.22|-3.68|-0.97,15,-22,77|78|36|94|61|71|99|80|31|18|-22|15,4.86,32|34|30|38|41|32|42|31|0.7|6|-2.4|-11,,1.61|1.81|2.03|1.16|0.5|0.45|0.73|0.46,2.62|2.84|2.63|2.58|2.33|2.29|1.16|0,85|30|33|25|15|35|24|31|207|66|0|0,286|302|300|318|315|286|333|342|278|292|280|261,54|58|53|83|92|74|107|83|6|24|5|-11
Lyka Labs,https://www.screener.in/company/LYKALABS/consolidated/,301 Cr.,83.3,105 / 44.1,,25.9,0.00 %,-5.98 %,-10.2 %,10.0,1.17,-2.37,-0.12 %,0.00 %,-2.72 %,13.0 %,-8.12 %,5.70 %,11.3 %,-32.4 %,-18.3 %,4.19 %,0.00 %,0.53,0.29 %,0.00 Cr.,0.00 Cr.,0.00 Cr.,Healthcare,Healthcare,Pharmaceuticals & Biotechnology,Pharmaceuticals,2.05,-8.07,-0.15,-3.22,0.59|0.76|0.5|0.26|-0.94|0|-2.13|0.57,5,2,27|12|31|11|27|5|9|79|9|2|2|5,18.86,17|16|21|-6|-2.7|-6|23|52|18|14|13|-2.7,,0.15|0.15|0.24|0.16|0.17|0.17|0.29|0.17,0.66|0.66|0.66|0.66|0.66|0.66|0.66|0.66,0|0|0|0|0|0|0|0|0|0|0|0,166|130|110|60|71|61|86|194|93|111|138|128,-5|4|-7|-19|-6|-63|-10|38|-13|-3|8|-10
Andhra Cements,https://www.screener.in/company/ACL/,393 Cr.,42.7,94.2 / 40.4,,8.76,0.00 %,-6.01 %,-64.0 %,10.0,0.67,-0.60,0.00 %,0.00 %,3.63 %,-10.7 %,-16.3 %,-55.1 %,%,%,%,-2.51 %,31.7 %,14.0,0.00 %,0.00 Cr.,0.00 Cr.,0.00 Cr.,Commodities,Construction Materials,Cement & Cement Products,Cement & Cement Products,-36,49,-44,-42,-3.78|-4.74|-5.41|-3.21|-4.55|-4.79|5.26|-3.9,-25,60,151|43|55|93|22|117|119|151|-1|-27|60|-25,-5850.72,9|12|11|12|4.1|-5|-29240|-1.2|-11|3.6,,,0.34|0.34|0.34|0.34|0.34|0.34|0.34|0.34,0|0|0|0|0|0|0|0|0|0|0|0,278|292|349|466|321|143|0|0|0|268|274|442,-99|-67|-103|-71|-180|-168|-205|-236|950|-66|-152|-67
Allcargo Global,https://www.screener.in/company/AGL/consolidated/,"1,356 Cr.",13.8,22.0 / 12.0,,,0.00 %,-6.09 %,-20.1 %,2.00,0.91,-1.88,%,%,0.09 %,2.39 %,-2.10 %,0.25 %,%,%,%,%,0.00 %,1.03,%,0.00 Cr.,0.00 Cr.,Cr.,Services,Services,Transport Services,Logistics Solution Provider,,-28,-45,-87,-0.46|-0.28,89,-0,-220|0|89,1.63,2.4|2.4|0.1,,10.02,2.06,0|0|0,5642|14077|12758,9|43|-290
Andrew Yule & Co,https://www.screener.in/company/ANDREWYU/consolidated/,"1,284 Cr.",26.3,32.8 / 15.5,,6.65,0.00 %,-6.25 %,-5.78 %,2.00,0.59,-2.55,0.00 %,0.00 %,-32.0 %,-20.4 %,-6.50 %,-8.68 %,-7.58 %,%,%,%,0.00 %,0.37,0.00 %,0.00 Cr.,0.00 Cr.,0.07 Cr.,Fast Moving Consumer Goods,Fast Moving Consumer Goods,Agricultural Food & other Products,Tea & Coffee,-2.34,-30.51,-8.80,-0.02,0.3|-0.29|-0.01|0.41|0|-0.18|-0.62|-0.05,-80,-11,24|9|6|20|-16|-14|-15|-63|54|23|-11|-80,-16.94,-3.9|1|3|1.5|-6|-12|-0.3|-2|-1.7|-29|-20|-32,,0|0|0|0|0|0|0|0,2.2|2.2|2.2|2.2|2.2|2.2|2.2|2.2,7|0|11|9|0|0|0|0|3|0|0|0,372|385|421|367|312|299|330|414|374|310|311|295,46|21|45|22|6|-22|35|-5|13|-47|-3|-19
Kothari Sugars,https://www.screener.in/company/KOTARISUG/,224 Cr.,27.0,39.9 / 22.5,,35.7,0.00 %,-6.45 %,-6.22 %,10.0,1.29,-6.17,-0.01 %,0.00 %,-6.37 %,3.95 %,-7.37 %,-0.77 %,-26.0 %,%,%,%,0.00 %,0.24,0.00 %,0.00 Cr.,0.00 Cr.,2.49 Cr.,Fast Moving Consumer Goods,Fast Moving Consumer Goods,Agricultural Food & other Products,Sugar,0.08,0.63,11.96,-7.23,0.75|0.65|-0.08|0.15|-0.87|1.44|0.08|0.01,-14,52,-13|25|25|37|26|27|82|-3|45|16|52|-14,5.80,2.8|7|11|10|7|8|8|12|10|9|4|-6,,0.62|0.6|0.56|0.59|0.22|0.17|0.16|0.15,0.66|0.66|0.66|0.63|0.63|0.62|0.49|0.49,0|0|40|0|33|0|0|0|20|14|0|0,340|247|317|287|332|352|419|422|609|503|310|247,-5|1|10|0|13|19|19|34|42|29|10|7
Tierra Agrotech,https://www.screener.in/company/543531/consolidated/,309 Cr.,47.2,64.8 / 34.4,,15.0,0.00 %,-6.53 %,-4.94 %,10.0,1.08,-4.80,0.00 %,0.00 %,-7.64 %,-23.3 %,-5.06 %,-17.6 %,17.9 %,22.2 %,24.3 %,14.4 %,0.00 %,0.20,0.00 %,0.00 Cr.,0.00 Cr.,0.00 Cr.,Fast Moving Consumer Goods,Fast Moving Consumer Goods,Agricultural Food & other Products,Other Agricultural Products,3.40,-1.27,-5.69,-3.42,-0.81|-0.95|-0.77|0.82|-0.52|-0.87|-0.19|0.52,-16,-30,-5|-9|-7|-6|-30|-16,-22.20,-3.4|-16|-44|-20|-23|-8,,,,0|0|0|0|0|0,57|57|60|67|66|98,-6|-14|-28|-9|-12|-5
Bhilwara Tech,https://www.screener.in/company/BTTL/consolidated/,231 Cr.,39.6,58.2 / 30.0,,27.6,0.00 %,-6.67 %,-7.18 %,1.00,8.91,-119,0.00 %,0.00 %,-51.0 %,-17.5 %,-44.6 %,84.1 %,29.1 %,%,%,%,0.00 %,0.00,0.17 %,0.00 Cr.,0.00 Cr.,0.00 Cr.,Consumer Discretionary,Textiles,Textiles & Apparels,Trading - Textile Products,3.62,-10.29,3.02,-4.26,0.57|-0.46|0.36|0.05|-0.73|0.52|-1.76|0.62,-1.78,-0.20,-0.39|-0.31|0.87|-0.33|-0.69|0.06|0.01|-0.52|3.85|-0.47|-0.2|-1.78,-21.02,-36.71|-226.53|0.15|4.32|-41.28|0.28|-17.48|-50.95,,,0.14|0.14|0.14|0.14|0.14|0.14|0.14|0.14,0|0|0|0|0|0|0|0|0|0|0|0,0|0|0|0|0.79|1.96|6.52|19.46|12.5|14.32|8.18|26.91,9.93|3.75|2.01|9.76|11.32|-3.74|7.99|17.34|-4.07|12.88|7.3|-11.22
Vishnu Prakash R,https://www.screener.in/company/VPRPL/,433 Cr.,34.7,109 / 23.9,,50.5,0.00 %,-6.76 %,-19.9 %,10.0,1.34,-2.30,-0.26 %,0.00 %,-9.64 %,12.6 %,-16.5 %,4.74 %,-10.0 %,%,%,%,95.2 %,1.03,-6.58 %,0.00 Cr.,0.00 Cr.,0.00 Cr.,Industrials,Construction,Construction,Civil Construction,-39,-131,-30,4,1.9|0.31|1.3|0.56|0.29|-2.41|-10.49|-3.15,142,-207,16|12|38|35|-3|-8|-316|-207|142,8.20,9|9|10|9|11|13|14|13|-10,,0.1|0.89|0.17|0.11|1.34|0.11|0.27|0.01,4.1|4.14|4.09|4.09|4.09|4.08|4.08|4.08,0|0|0|0|0|0|0|0|0,352|367|372|484|786|1168|1474|1237|851,11|12|13|19|45|91|122|59|-150
Tracxn Technolo.,https://www.screener.in/company/TRACXN/,332 Cr.,31.0,57.3 / 25.4,,4.92,0.00 %,-6.81 %,-27.7 %,1.00,0.15,,0.19 %,0.00 %,-7.43 %,1.41 %,-19.5 %,-18.5 %,2.44 %,%,%,14.5 %,0.00 %,0.00,0.09 %,0.00 Cr.,0.00 Cr.,0.00 Cr.,Services,Services,Commercial Services & Supplies,Data Processing Services,-3.01,-2.63,-0.81,-5.56,-0.44|0.13|-0.71|0.1|-0.52|-0.08|-0.25|-0.28,-3,15,-15|-16|-15|-6|1|15|11|15|-3,0.32,-103|-67|-60|-38|-2.5|3.7|6|1.4|-7,,2.86|3.02|3.16|0.64|0.41|0.84|0.52|0.71,4.86|4.38|4.47|4.61|3.24|3.3|3.44|3.44,0|0|0|0|0|0|0|0|0,28|33|37|44|63|78|83|84|84,-28|-22|-54|-5|-5|33|6|-10|-8
Emami Realty Ltd,https://www.screener.in/company/EMAMIREAL/consolidated/,350 Cr.,67.2,116 / 48.2,,-56.6,0.00 %,-6.90 %,%,2.00,1.16,-0.93,0.00 %,-0.01 %,-158 %,-104 %,-203 %,-154 %,-1.05 %,%,%,%,0.00 %,,4.97 %,0.00 Cr.,0.00 Cr.,0.00 Cr.,Consumer Discretionary,Realty,Realty,"Residential, Commercial Projects",-17,-66,-37,-36,-3.51|-5.14|-21.05|-11.59|-8.11|-8.5|-15.02|-3.23,-196,-75,-147|236|-274|-190|-177|583|-266|118|73|-36|-75|-196,-88.40,147|19|7349|6960|209|11|8|21|-31|-170|-104|-158,,0.07|0.15|0|0|0.04|0|0|0,0.09|0.09|0.09|0.08|0.08|0.08|0.08|0.07,0|0|0|0|0|0|0|0|0|0|0|0,28|242|1|1|69|1041|186|197|96|61|82|93,12|-4|13|4|0|-52|1|15|-39|-123|-126|-189
Shalimar Paints,https://www.screener.in/company/SHALPAINTS/consolidated/,677 Cr.,80.9,96.7 / 34.4,,30.0,0.00 %,-7.93 %,-21.4 %,2.00,0.81,-1.71,-0.04 %,0.00 %,-3.89 %,-9.62 %,-10.5 %,-13.5 %,5.96 %,-30.9 %,-17.6 %,4.02 %,70.5 %,0.66,0.00 %,0.00 Cr.,0.00 Cr.,0.00 Cr.,Consumer Discretionary,Consumer Durables,Consumer Durables,Paints,-21,-7,-27,-14,-2.34|-2.93|-1.14|-2|-1.69|-3.18|-0.88|-2.54,23,-59,38|38|34|36|-94|-9|16|-62|-48|18|-59|23,-6.58,2.1|8|4.1|-13|-21|-10|1.1|-6|-3|-10|-10|-3.9,,0|0|0.01|0|0.01|0.04|0.08|0.04,0.03|0.03|0.03|0.03|0.03|0.03|0.03|0.03,0|0|0|0|0|0|0|0|0|0|0|0,416|384|350|271|288|344|326|358|484|535|600|576,-11|5|-10|-46|-82|-38|-50|-60|-36|-74|-81|-65
Diamines & Chem.,https://www.screener.in/company/DIAMINESQ/consolidated/,258 Cr.,257,375 / 208,,157,0.39 %,-8.26 %,-7.93 %,10.0,5.12,-33.5,-0.08 %,0.00 %,-35.6 %,7.65 %,-32.9 %,3.85 %,-29.6 %,%,%,%,0.00 %,0.05,0.09 %,0.00 Cr.,0.98 Cr.,1.86 Cr.,Commodities,Chemicals,Chemicals & Petrochemicals,Specialty Chemicals,-0.10,-2.42,-3.40,-4.15,2.51|0.77|1.29|-2.87|-4.24|-3.48|-2.41|-0.1,-11,-5,-1|16|3|2|7|15|27|16|22|-5|-11,15.40,15|14|13|13|13|41|33|50|22|8|-36,,0|0|0.02|0|0|0|0.08|0,0.03|0.03|0.03|0.03|0.02|0.02|0.02|0.02,28|4|0|0|0|23|18|7|16|36|0,67|57|44|39|36|63|66|110|104|71|38,4|1|0|-2|0|21|17|42|15|3|-13
Kesoram Inds.,https://www.screener.in/company/KESORAMIND/consolidated/,371 Cr.,11.9,14.3 / 4.55,,11.9,0.00 %,-8.48 %,-18.6 %,10.0,0.65,-1.32,0.14 %,-0.06 %,-23.0 %,-20.0 %,-30.9 %,"2,148 %",-59.7 %,%,%,%,0.00 %,0.59,0.00 %,0.00 Cr.,0.00 Cr.,0.00 Cr.,Commodities,Construction Materials,Cement & Cement Products,Cement & Cement Products,-20,31,6,-26,-2.25|-2.23|185.57|-3.2|-0.83|0.19|1|-0.65,-107,37,370|79|177|775|787|259|324|131|-77|37|-107,-8.60,14|-0.1|-1.8|1.1|9|14|14|7|-21|-20|-23,,7.17|5.03|2.73|0.78|0.77|0.19|0|0.14,17.42|16.02|15.95|8.18|7.4|4.05|4.05|3.99,7|0|0|0|0|0|0|0|0|0|0,3882|3842|3873|2904|2646|2653|3606|3778|246|259|248,379|-242|-578|-363|-188|140|-77|-194|-381|5565|-88
Everest Inds.,https://www.screener.in/company/EVERESTIND/consolidated/,654 Cr.,412,750 / 285,,312,0.24 %,-8.50 %,-16.1 %,10.0,1.18,-1.37,-0.15 %,0.00 %,-2.66 %,1.75 %,-6.19 %,-1.37 %,-4.90 %,%,%,%,0.00 %,0.46,0.00 %,1.59 Cr.,3.96 Cr.,5.67 Cr.,Commodities,Construction Materials,Other Construction Materials,Other Construction Materials,102,-47,-38,-18,-7.38|-9.79|4.83|1.03|-11.46|-23.95|-29.75|64.39,109,-90,43|93|58|148|35|56|264|32|-168|182|-90|109,2.16,6|7|3.6|7|7|3.3|9|5|4.1|2.6|1.8|-2.7,,10.49|10.46|10.38|10.33|10.37|10.28|10.29|10.14,0.03|0.05|0.07|0.07|0.07|0.07|0.03|0.03,22|22|51|19|19|12|21|21|22|22|-110|-2,1268|1313|1160|1271|1408|1285|1218|1365|1648|1575|1723|1417,34|34|3|53|62|14|56|44|42|18|-4|-102
Music Broadcast,https://www.screener.in/company/RADIOCITY/,208 Cr.,6.01,9.97 / 4.35,,12.9,0.00 %,-8.73 %,-11.8 %,2.00,3.18,-4.60,0.00 %,0.00 %,-25.0 %,-9.51 %,-32.0 %,-14.8 %,-4.28 %,%,%,-55.3 %,0.00 %,0.05,0.00 %,0.00 Cr.,0.00 Cr.,0.00 Cr.,Consumer Discretionary,"Media, Entertainment & Publication",Entertainment,Media & Entertainment,9.22,-47.96,3.68,-6.88,-0.06|0.1|-1.1|-0.06|-0.2|0.11|-1.39|0.27,22,17,65|61|79|40|86|49|5|23|31|27|17|22,-0.20,31|34|34|33|35|23|-9|7|12|15|-10|-25,,0.03|0.01|0.01|0|0|0|0|0,0|0.01|0.01|3.75|3.75|3.75|3.75|3.75,0|0|0|0|0|0|0|0|0|0|0|0,201|225|271|298|325|248|128|168|199|229|234|174,47|28|37|52|62|28|-24|-6|3|7|-34|-53
Gamco Ltd,https://www.screener.in/company/540097/,257 Cr.,47.5,56.5 / 32.6,,23.4,0.21 %,-9.04 %,-49.2 %,2.00,5.11,-0.37,0.00 %,0.00 %,-9.30 %,29.1 %,-16.2 %,10.3 %,53.0 %,%,%,%,0.00 %,2.09,0.68 %,0.00 Cr.,0.54 Cr.,0.20 Cr.,Financial Services,Financial Services,Finance,Other Financial Services,33,-48,-4,-8,1.9|-1.05|-3.34|2.69|-1.43|-0.73|-8.85|6.05,-48,-60,-3|1|0|-2|0|0|0|1|0|3|-60|-48,6.66,1.3|1.3|2.7|1.4|-4.2|-8|26|0.3|-9|22|29|-9,,,,0|0|0|0|0|0|0|0|0|1|10|0,2|4|4|17|10|25|2|13|78|211|50|278,0|0|0|0|-1|-2|0|0|-10|33|5|-45
M T N L,https://www.screener.in/company/MTNL/consolidated/,"1,499 Cr.",23.8,45.8 / 20.3,,-476,0.00 %,-9.32 %,%,10.0,0.35,-0.01,-0.10 %,0.00 %,-13.5 %,-0.99 %,-368 %,-295 %,0.75 %,-7.45 %,-7.45 %,-10.7 %,0.00 %,,0.00 %,0.00 Cr.,0.00 Cr.,0.25 Cr.,Telecommunication,Telecommunication,Telecom - Services,Telecom - Cellular & Fixed line services,-842,-307,-897,-960,-14.13|-13.27|-13.14|-14.97|-15.24|-14.24|-4.87|-13.37,176,340,-1167|1078|-1024|155|-733|-1206|-225|704|64|130|340|176,-29.40,-21|-24|-36|-46|-62|-89|5|-26|-46|-60|-1|-14,,0.06|0.09|0.14|0.54|0.04|0.05|0.5|0.4,13.47|13.49|13.46|13.46|13.46|13.43|13.43|13.43,0|0|0|0|0|0|0|0|0|0|0|0,3494|3223|2969|2472|2085|1624|1388|1149|935|799|1130|956,-2901|-1946|-2936|-2971|-3388|-3694|-2461|-2603|-2915|-3268|-3328|-3107
Spencer's Retail,https://www.screener.in/company/SPENCERS/consolidated/,256 Cr.,28.4,61.4 / 24.3,,-101,0.00 %,-9.34 %,%,5.00,0.26,-0.42,-0.05 %,0.00 %,-0.54 %,-2.17 %,-14.4 %,-13.4 %,-9.80 %,-8.26 %,-8.26 %,-12.9 %,0.00 %,,0.00 %,0.00 Cr.,0.00 Cr.,0.00 Cr.,Consumer Discretionary,Consumer Services,Retailing,Diversified Retail,-60,-66,-58,-64,-9.67|-5.25|-7.59|-6.84|-7.08|-6.47|-7.28|-6.71,-60,37,-48|-13|114|-2|55|27|35|37|-60,-0.36,-0.4|0.4|2.2|0.3|1.1|0.2|-0.4|-2.2|-0.5,,8.31|8.54|8.74|7.56|7.36|6.5|6.55|6.5,1.99|1.99|1.99|1.99|1.99|1.99|1.99|1.99,0|0|0|0|0|0|0|0|0,1149|2187|2645|2428|2300|2453|2345|1995|1800,-14|2|-131|-164|-121|-210|-266|-246|-249
Balaji Telefilms,https://www.screener.in/company/BALAJITELE/consolidated/,"1,161 Cr.",95.2,141 / 69.5,,51.2,0.00 %,-9.54 %,-7.66 %,2.00,2.60,-12.2,-0.03 %,0.02 %,-31.2 %,-3.03 %,-23.6 %,18.4 %,-29.2 %,-1.88 %,3.97 %,11.0 %,0.00 %,0.03,-0.02 %,0.00 Cr.,0.00 Cr.,0.40 Cr.,Consumer Discretionary,"Media, Entertainment & Publication",Entertainment,Media & Entertainment,22,-14,-25,-5,0.56|-1.16|7.85|-0.48|-0.4|-2.04|-1.15|1.84,-73,52,-2|-107|-13|-104|-178|-134|-10|-120|-47|66|52|-73,-13.24,1.8|1.8|-4.7|-13|-25|1.9|-35|-36|-3.2|7|-3|-31,,18.51|18.62|25.12|25.25|25.13|24.92|24.57|24.54,0|0|0|0|0|0|0|0.02,70|-254|-11|-9|-4|-7|-2|-2|0|0|0|0,346|293|419|413|428|574|294|337|593|625|453|211,6|-4|-30|-46|-98|-59|-119|-133|-38|19|85|-50
Kerala Ayurveda,https://www.screener.in/company/530163/consolidated/,222 Cr.,171,485 / 145,,8.56,0.00 %,-9.77 %,-161 %,10.0,0.47,-1.94,0.00 %,0.00 %,-13.5 %,-3.97 %,-12.4 %,-11.1 %,12.0 %,%,%,%,20.4 %,7.78,0.00 %,0.00 Cr.,0.00 Cr.,0.00 Cr.,Healthcare,Healthcare,Pharmaceuticals & Biotechnology,Pharmaceuticals,-8.08,-7.39,-4.60,-6.36,2.84|-2.4|-12.92|1.65|-5.26|-3.69|-5.97|-6.14,-24,5,0|6|4|-10|12|5|7|0|10|-1|5|-24,0.96,15|16|14|14|9|10|1.4|12|2.8|8|-4|-14,,0|0|0|0|0|0.22|0.17|0.17,0.03|0.03|0.03|0.03|0.03|0.03|0.03|0.03,0|0|0|0|0|0|0|0|0|0|0|0,39|46|50|59|59|77|62|80|93|108|126|131,3|3|3|3|3|4|-5|2|0|-1|-14|-16
Sanginita Chemi.,https://www.screener.in/company/SANGINITA/,429 Cr.,71.1,71.1 / 9.26,,17.9,0.00 %,-11.0 %,-18.9 %,10.0,2.37,-13.8,-0.19 %,0.00 %,-3.39 %,2.04 %,-5.49 %,0.27 %,5.91 %,%,%,%,0.00 %,0.26,42.6 %,0.00 Cr.,0.00 Cr.,0.00 Cr.,Commodities,Chemicals,Chemicals & Petrochemicals,Specialty Chemicals,-11,-6,-3,-1,0.08|0.05|-0.02|0.04|-0.26|-1.07|-2.44|-1.89,16,3,2|0|-7|3|1|-2|9|-3|14|-2|3|16,0.92,3.3|3|3.2|4|4.9|5|2.4|1.4|2|2.6|2|-3.4,,0|0|0|0|0|0|0.19|0,,0|0|0|0|0|0|0|0|0|0|0|0,129|151|155|197|188|160|164|197|149|151|230|176,1|1|1|3|4|3|1|0|0|1|1|-10
Sadhana Nitro,https://www.screener.in/company/SADHNANIQ/consolidated/,834 Cr.,2.75,3.38 / 1.27,,1.53,3.64 %,-11.1 %,-23.5 %,1.00,1.81,-2.32,0.04 %,0.03 %,-107 %,25.6 %,-174 %,4.57 %,-29.8 %,%,%,%,5.12 %,0.25,-1.36 %,0.00 Cr.,0.00 Cr.,1.93 Cr.,Commodities,Chemicals,Chemicals & Petrochemicals,Commodity Chemicals,-0.55,-33.62,-25.14,-25.55,0|0.01|0.01|-0.01|-0.09|-0.08|-0.11|0,-29,48,9|-1|9|35|53|-17|1|-5|-38|-3|48|-29,-6.60,-8|5|15|31|45|27|23|11|15|22|26|-107,,0|0.06|0.04|0.04|0.14|0|0.04|0.04,0.01|0.01|0.01|0.06|0.06|0.01|0.04|0.04,0|0|0|0|0|0|0|47|95|91|0|0,48|36|55|114|267|106|103|132|143|190|166|50,4|-5|1|31|76|15|16|6|3|4|8|-86
RRP Defense,https://www.screener.in/company/530929/,860 Cr.,627,984 / 533,,9.29,0.00 %,-11.1 %,-13.7 %,10.0,1.46,,0.00 %,0.00 %,-8.40 %,15.0 %,-8.24 %,10.9 %,262 %,%,%,%,0.00 %,0.18,0.00 %,0.00 Cr.,0.00 Cr.,0.00 Cr.,Services,Services,Commercial Services & Supplies,Trading & Distributors,-1.60,-2.29,-0.13,1.59,0.06|1.34|5.74|-0.15|1.16|-0.09|-1.67|-1.17,-13.71,-0.39,0.03|0.09|-0.01|0|0.47|-0.47|0|-0.13|0.36|0.29|-0.39|-13.71,2.71,1.32|1.09|3.09|-0.89|0.24|-39.51|-3.95|2.78|3.85|0.32|15.02|-8.4,,,,0|0|0|0|0|0|0|0|0|0|0,0.76|0.92|0.97|1.12|4.18|0.81|1.77|0.36|0.26|12.51|10.45|12.38,0.01|0.02|0.02|0.01|0.01|-0.01|0|0.02|0.02|0.02|1.14|-1.02
Universus Photo,https://www.screener.in/company/UNIVPHOTO/consolidated/,639 Cr.,584,625 / 176,,741,0.00 %,-12.1 %,-12.4 %,10.0,3.55,,0.00 %,0.00 %,-530 %,-7.11 %,-558 %,298 %,-24.3 %,-13.4 %,-13.4 %,%,0.00 %,0.00,0.00 %,0.00 Cr.,0.00 Cr.,2.19 Cr.,Consumer Discretionary,Consumer Durables,Consumer Durables,Consumer Electronics,45,-13,-24,-26,190.94|-81.29|-19.22|-15.55|-23.72|-21.82|-11.94|41.41,2,185,1185|56|-60|-8|4|185|2,-275.80,15|17|19|-169|-692|-7|-530,,,,0|0|0|0|-25|0|0|0,0|62|47|56|43|32|25|19,0|44|34|514|-44|-196|87|-80
GVK Power Infra.,https://www.screener.in/company/GVKPIL/consolidated/,381 Cr.,2.41,3.90 / 2.03,,-9.23,0.00 %,-12.3 %,%,1.00,0.74,,0.00 %,-0.08 %,-364 %,82.2 %,-425 %,-1.87 %,-66.4 %,%,%,2.27 %,0.00 %,,0.00 %,0.00 Cr.,0.00 Cr.,0.00 Cr.,Utilities,Power,Power,Power Generation,-0.55,-3.01,-1.11,-1.21,4.57|-0.09|-0.83|-5.28|-0.01|-0.01|-0.02|0,5.91,598.56,1293.95|1642.57|1433.23|2482.56|1248.83|1729.82|376.95|343.15|1620.45|793.97|598.56|5.91,-19.99,26.77|29.71|28.88|25.57|41.64|17.04|27.22|34.01|62.05|85.72|82.19|-363.9,,0.53|0.19|0.05|0.03|0.03|0.03|0|0,0.49|0.49|0.49|0.46|0.42|0.42|0.42|0.34,0|0|0|0|0|0|0|0|0|0|0|0,3043.73|3206.87|3516.47|3863.21|4098.17|3846.87|310.33|858.26|2120.36|1080.14|802.16|80.53,-1136.28|-687.19|-1343.63|-537.37|-304.42|-1544.72|-937.01|2635.93|3071.08|211.21|597.66|-1382.69
Elgi Rubber Co,https://www.screener.in/company/ELGIRUBCO/consolidated/,309 Cr.,61.6,72.0 / 32.7,,15.1,0.00 %,-12.9 %,-67.5 %,1.00,0.81,-1.57,0.00 %,0.00 %,-16.8 %,1.69 %,-23.4 %,-6.24 %,-2.42 %,%,%,%,21.5 %,4.13,0.00 %,0.00 Cr.,0.00 Cr.,0.00 Cr.,Industrials,Capital Goods,Industrial Products,Rubber,41,-204,-29,-6,-0.83|-0.7|-3.4|-0.3|-1.2|-5.73|-40.77|8.16,-11,-8,50|82|-6|7|33|37|49|16|27|6|-8|-11,-0.74,0.1|4|6|4.7|2.8|-0.6|6|1.4|4.2|6|1.7|-17,,0|0.01|0|0|0|0.06|0|0,0.95|0.95|0.95|0.95|0.94|0.94|0.94|0.94,-5|-16|-16|0|0|-5|0|0|0|0|0|0,440|362|375|377|410|368|343|390|394|386|384|366,-22|-11|-4|-6|-16|-15|1|-16|7|12|-4|-240
Nimbus Projects,https://www.screener.in/company/NIMBSPROJ/consolidated/,358 Cr.,185,307 / 141,,144,0.00 %,-13.5 %,-28.4 %,10.0,1.26,-0.80,0.16 %,0.00 %,-37.7 %,-21.6 %,-44.5 %,13.6 %,365 %,%,%,-6.32 %,0.00 %,0.97,0.00 %,0.00 Cr.,0.00 Cr.,0.00 Cr.,Consumer Discretionary,Realty,Realty,"Residential, Commercial Projects",3.26,-31.17,-41.22,19.98,60.41|49.34|-104.92|-14.9|9.04|-21.2|-8.24|-0.27,-23,-121,-7|9|23|1|7|4|-1|2|4|15|-121|-23,-54.80,-33|-49|-350|-107|-364|6|-419|-73|-55|-86|-22|-38,,0|0|0|0|0.03|0.03|0.03|0.19,,0|0|0|0|0|0|0|0|0|0|0|0,17|8|8|7|5|10|5|4|2|7|176|229,-4|-5|-31|-11|-22|22|-22|14|22|93|64|-88
Artson,https://www.screener.in/company/522134/,619 Cr.,168,228 / 125,,0.10,0.00 %,-14.6 %,-429 %,1.00,0.98,-1.26,0.00 %,0.00 %,-3.37 %,-2.19 %,-6.65 %,3.06 %,7.57 %,15.5 %,15.5 %,-41.1 %,0.00 %,142,0.00 %,0.00 Cr.,0.00 Cr.,0.00 Cr.,Industrials,Capital Goods,Industrial Manufacturing,Industrial Products,-0.41,3.36,-12.22,-2.24,-0.81|1.73|0.16|0.06|-0.61|-3.31|0.91|-0.11,-5,20,1|11|1|0|3|-13|16|14|-4|-4|20|-5,0.26,4.7|3.7|4.4|2|3|7|2.8|3.9|-8|11|-2.2|-3.4,,,0.01|0.05|0.01|0.01|0.01|0.01|0.01|0.01,0|0|0|0|0|0|0|0|0|0|0|0,65|110|101|132|158|163|150|173|131|128|114|164,-2|2|27|1|-2|-1|-6|-5|-24|6|3|-11
Balgopal Commer.,https://www.screener.in/company/539834/,400 Cr.,172,273 / 130,,26.9,0.00 %,-17.0 %,-16.0 %,10.0,1.15,-69.1,0.00 %,0.00 %,"-7,000 %",-127 %,"-45,000 %",962 %,-86.5 %,%,%,%,0.00 %,0.17,4.99 %,0.00 Cr.,0.00 Cr.,0.00 Cr.,Services,Services,Commercial Services & Supplies,Trading & Distributors,5.32,-11.11,0.59,-0.16,4.3|-0.16|-2.3|0.88|-0.08|0.31|-5.31|2.29,-2.65,-9.93,0.19|-1.79|0.77|-6.01|1.67|0.37|6.76|5.65|-9.4|14.69|-9.93|-2.65,-1423.50,-8.4|-15.38|-14.22|-7.91|-20.67|-88.97|-14.37|-6.88|2.32|13.84|-126.79|-7000,,,,0|0|0|0|0|0|0|0|0|0|0|0,3.81|2.6|4.57|14.8|16.4|9.61|5.36|8|8.19|17.05|0.56|0.02,0.06|0.03|0.05|-0.32|-2.24|-6.42|5.77|0.3|0.17|13.17|6.34|-9
Onida Electronics,https://www.screener.in/company/ONIDA/,"1,215 Cr.",32.9,49.2 / 21.5,,6.44,0.00 %,-17.0 %,-34.4 %,1.00,1.60,-2.83,-0.03 %,0.08 %,-7.42 %,1.09 %,-9.48 %,-0.31 %,-15.9 %,%,%,%,28.4 %,0.33,0.00 %,0.00 Cr.,0.00 Cr.,0.00 Cr.,Consumer Discretionary,Consumer Durables,Consumer Durables,Consumer Electronics,-14,-47,-13,-2,0.05|-0.19|0.04|-0.45|-0.06|-0.35|-1.28|-0.38,-107,23,44|22|50|47|-15|-4|15|24|-9|-5|23|-107,-1.80,3.8|-0.1|4.6|6|2.6|0.8|1.8|1.1|0.5|-4.7|1.1|-7,,0|0.06|0.2|0|0.03|0.07|0.06|0.03,0|0.01|0.01|0.01|0.01|0|0|0.08,0|0|0|0|0|0|0|0|0|0|0|0,1058|759|729|728|644|604|766|1192|1110|968|747|660,1|-27|-19|23|-4|-11|2|-20|-12|-62|-2|-75
Shriram AMC,https://www.screener.in/company/531359/,476 Cr.,278,519 / 242,,89.8,0.00 %,-18.8 %,-18.9 %,10.0,1.29,,0.00 %,0.00 %,-163 %,-232 %,-167 %,-245 %,28.1 %,%,-55.6 %,%,0.00 %,0.00,0.00 %,0.00 Cr.,0.00 Cr.,0.00 Cr.,Financial Services,Financial Services,Capital Markets,Asset Management Company,-6.89,-7.94,-5.19,-4.40,-2.79|-3.98|-3.98|-1.63|-2.6|-3.07|-4.68|-4.06,-19,-13,-1|-1|0|-18|9|-4|-4|-4|-8|-4|-13|-19,-101.80,-48|-63|-34|-18|0.8|-83|-3.6|-8|-45|-61|-232|-163,,,,0|0|0|0|0|0|0|0|0|0|0|0,1|2|2|4|6|3|5|5|6|8|7|12,-1|-1|-1|0|-2|-3|0|-2|-4|-7|-17|-20
Aerpace Indus,https://www.screener.in/company/534733/consolidated/,578 Cr.,37.6,42.4 / 16.7,,2.44,0.00 %,-21.5 %,-35.2 %,1.00,0.76,-9.81,0.00 %,0.00 %,%,%,%,%,%,%,%,%,0.00 %,1.05,0.00 %,0.00 Cr.,0.00 Cr.,Cr.,Industrials,Capital Goods,Industrial Products,Iron & Steel Products,-4.16,-8.92,-2.36,-3.45,-0.05|-0.16|-0.18|-0.11|-0.19|-0.16|-0.53|-0.27,-3,-5,0|-2|-5|-3,,,,,,0|0|0|0,0|0|0|0,0|-2|-7|-16
Max India Ltd,https://www.screener.in/company/MAXIND/consolidated/,860 Cr.,153,242 / 120,,77.7,0.00 %,-23.0 %,-32.8 %,10.0,2.38,-8.91,-0.26 %,4.34 %,-41.6 %,-62.1 %,-59.6 %,-78.4 %,-0.04 %,%,%,%,0.00 %,0.24,-1.50 %,0.00 Cr.,0.00 Cr.,0.00 Cr.,Financial Services,Financial Services,Finance,Holding Company,-36,-19,-43,-34,-4.42|-8.68|-8.88|-4.91|-6.52|-8.17|-3.67|-6.91,-95,-128,-19|73|66|69|-102|-128|-95,-23.78,-25|-17|0.3|4.8|-20|-62|-42,,6.77|6.63|7.13|7.08|7.09|7.07|7.06|6.81,0.94|0.8|0.98|1.43|1.58|1.62|1.65|5.96,0|0|0|0|0|0|0,213|128|233|212|191|163|211,232|-53|-16|-10|-56|-140|-122
Birla Cotsyn,https://www.screener.in/company/533006/,395 Cr.,14.9,28.5 / 14.1,,0.62,0.00 %,-24.8 %,-62.3 %,1.00,0.53,-6.20,0.07 %,0.00 %,-33.6 %,%,-54.4 %,%,%,%,%,%,0.00 %,2.30,0.00 %,0.00 Cr.,0.00 Cr.,Cr.,Consumer Discretionary,Textiles,Textiles & Apparels,Other Textile Products,-1.90,-1.96,-8.53,-4.67,-0.01|-0.01|-0.17|-0.15|-0.18|-0.32|-0.07|-0.07,-14,-205,-10|-34|-51|80|-3|1|1|-2|5|-1|-205|-14,-9.82,8|10|7|-26|-16|-2.6|-1.9|-11|0.4|-34,,0|0|0|0|0|0|0|0.07,1.06|1.06|0|1.06|1.06|1.06|0|0,127|0|0|0|0|0|0|0|0|0|0|0,344|540|759|344|93|112|99|96|103|0|0|30,8|11|2|-140|-55|-164|-77|-88|-90|-7|-215|-19
Innovassynth Technologies,https://www.screener.in/company/533315/,"1,338 Cr.",144,144 / 45.0,,10.2,0.00 %,-24.9 %,-40.6 %,10.0,0.92,-0.14,-0.26 %,-0.34 %,-23.9 %,%,-27.3 %,20.8 %,%,%,%,%,0.00 %,1.19,1.34 %,0.00 Cr.,0.00 Cr.,0.00 Cr.,Commodities,Chemicals,Chemicals & Petrochemicals,Commodity Chemicals,6.74,11.95,-7.80,-14.28,-0.15|2.67|-0.06|-5.43|-4.15|-0.84|1.29|0.73,-39,-1,0|0|0|0|0|0|0|0|0|0|-1|-39,-1.00,22|-24,,0.01|0.01|0.01|0.01|0.01|1.39|1.39|1.13,3.21|3.93|3.89|3.89|3.89|1.46|1.46|1.12,0|0|0|0|0|0|0|0|0|0|0|0,0|0|0|0|0|0|0|0|0|0|0|102,0|0|0|0|-1|-1|-1|-1|-1|-1|-1|-29
Oil Country,https://www.screener.in/company/OILCOUNTUB/,341 Cr.,65.5,82.8 / 35.6,,38.0,0.00 %,-25.4 %,-28.7 %,10.0,4.16,-78.1,-0.01 %,0.00 %,6.55 %,35.1 %,-87.7 %,-25.9 %,538 %,%,%,-0.59 %,0.00 %,0.13,0.00 %,0.00 Cr.,0.00 Cr.,0.00 Cr.,Energy,"Oil, Gas & Consumable Fuels",Oil,Oil Equipment & Services,-15,-14,-17,-22,-2.97|0.37|-2.2|-1.69|-4.15|-3.36|-2.62|-2.91,-4,30,52|1|8|38|20|12|-26|-27|169|-19|30|-4,-1143.00,12|11|-241|-138|-200|-221|-517|-5226|-14|35|7,,0.01|0.01|0.03|0.07|0.17|0.04|0.02|0.01,0.11|0.11|0.11|0.1|0.1|0.1|0.1|0.1,0|0|0|0|0|0|0|0|0|0|0|0,260|152|7|11|25|11|2|0|0|18|123|70,-2|-7|-89|-37|-83|-62|-51|-51|105|-70|-32|-61
Khemani Distrib.,https://www.screener.in/company/539788/,261 Cr.,114,133 / 114,,34.6,0.00 %,-26.1 %,-27.5 %,5.00,0.43,-56.1,0.00 %,0.00 %,-43.1 %,16.4 %,-36.0 %,11.0 %,-5.10 %,%,%,%,30.2 %,0.42,0.00 %,0.00 Cr.,0.00 Cr.,0.00 Cr.,Consumer Discretionary,Consumer Services,Retailing,Distributors,-22,9,10,4,1.39|0.88|10.12|3.43|1.64|4.32|4.11|-9.75,7,22,5|-11|13|4|-5|-3|-4|6|-4|32|22|7,2.90,11|2.1|2.2|3.4|1.6|-58|24|11|4.5|26|16|-43,,,,0|0|0|0|0|0|0|0|0|0|0|0,67|75|71|71|61|27|61|67|77|97|86|66,7|0|5|3|3|-9|11|6|5|31|14|-13
BGR Energy Sys.,https://www.screener.in/company/BGRENERGY/consolidated/,"1,845 Cr.",256,491 / 215,,-396,0.00 %,-26.9 %,%,10.0,1.43,-0.48,-0.09 %,0.00 %,-195 %,-125 %,-431 %,-214 %,-28.1 %,%,%,%,58.8 %,,0.00 %,0.00 Cr.,0.00 Cr.,0.00 Cr.,Industrials,Construction,Construction,Civil Construction,-223,-771,-193,-63,-26.68|-46.57|-45.78|-36.74|-8.63|-26.72|-106.42|-31.06,-23,"-1,857",-5|-82|545|24|250|370|469|327|304|150|-1857|-23,-75.20,4.1|11|11|11|10|8|-14|11|-35|-32|-125|-195,,0.15|0|0.02|0.01|0.09|0.05|0.1|0.01,0.26|0.26|0.14|0.14|0|0|0|0,0|0|0|0|0|0|0|0|0|0|0|0,3366|3244|3441|3298|3273|2692|1140|1221|806|1012|452|300,-129|13|85|5|15|-10|-368|-185|-488|-761|-973|-1292
Kothari Indl,https://www.screener.in/company/KOTIC/consolidated/,"1,560 Cr.",144,610 / 123,,21.4,0.00 %,-28.9 %,-35.0 %,5.00,1.73,-9.52,0.00 %,0.00 %,-33.9 %,-16.3 %,-40.5 %,-18.7 %,165 %,%,15.0 %,%,0.00 %,0.25,-0.06 %,0.00 Cr.,0.00 Cr.,0.00 Cr.,Consumer Discretionary,Consumer Durables,Consumer Durables,Leather And Leather Products,-29,-32,-19,-7,0.02|-0.83|-1.4|-0.2|-0.61|-1.72|-2.96|-2.68,145,-124,1|-26|1|-22|1|-35|-124|145,-61.00,-14|-15|-10|-39|-70|-146|-16|-34,,0|0|0|0|0|0|0.02|0.02,5.99|5.36|2.53|2.49|2.18|2.14|2.05|2.05,0|0|0|0|0|0|0|0,18|18|12|9|10|14|87|178,1|-7|-1|-11|-20|32|-16|-72
Jaybharat Text,https://www.screener.in/company/512233/,823 Cr.,21.5,27.0 / 21.4,,-12.5,0.00 %,-29.1 %,%,2.00,0.23,,%,%,-9.20 %,-34.8 %,-68.2 %,-78.3 %,-36.1 %,18.1 %,18.1 %,%,%,,%,0.00 Cr.,0.00 Cr.,0.00 Cr.,Consumer Discretionary,Textiles,Textiles & Apparels,Other Textile Products,-7.47,-4.70,-4.70,-22.16,-3|-0.09|-0.09|-0.12|-0.58|-0.12|-0.12|-0.2,-0,0,43|-23|-9|27|-51|-120|-10|-9|30|-2|0|0,-12.32,15|15|15|10|5|1.9|10|-26|2.4|6|-35|-9,,0.01|0.01|0.01|0.01|0.01|0.01|0.62|0.01,0.61|0.61|0.61|0.61|0.61|0.61|0|0.61,16|19|20|0|0|0|0|0|0|0|0|0,422|485|535|612|719|528|521|660|118|66|129|31,33|27|19|-3|-39|-71|-8|-223|-60|-60|-101|-21
Waaree Tech.,https://www.screener.in/company/539337/,222 Cr.,206,398 / 131,,-5.66,0.00 %,-32.2 %,%,10.0,0.91,-8.27,0.00 %,0.00 %,-49.8 %,-53.4 %,-58.6 %,-55.2 %,-37.6 %,%,%,%,0.00 %,,0.00 %,0.00 Cr.,0.00 Cr.,0.00 Cr.,Utilities,Power,Power,Power Generation,-2.46,-1.72,-3.03,-2.62,0.14|-1.15|-1.85|-5.12|-2.43|-2.81|-1.6|-2.28,-2.48,-1.74,0.67|-0.85|-1.06|-1.5|0.1|0.09|3.24|-10.49|9.15|-15.12|-1.74|-2.48,-26.95,3.81|1.62|3.15|1.03|-12.93|-0.46|-3.57|-27.5|-53.42|-49.79,,0|0|0|0|0.03|0|0|0,,0|0|0|0|0|0|0|0|0|0|0|0,4.2|4.95|4.76|6.78|1.47|-0.76|0|13.13|29.4|28.55|10.24|7.13,0.11|0.1|0.11|0.05|-0.08|-0.14|-0.14|0.19|-1.09|-7.5|-5.65|-4.18
S V Global Mill,https://www.screener.in/company/SVGLOBAL/consolidated/,267 Cr.,148,193 / 114,,31.1,0.00 %,-34.1 %,-48.2 %,5.00,16.2,,0.00 %,0.00 %,-592 %,9.02 %,-848 %,5.71 %,-20.5 %,%,%,%,0.00 %,0.00,0.00 %,0.00 Cr.,0.00 Cr.,0.00 Cr.,Consumer Discretionary,Realty,Realty,"Residential, Commercial Projects",4.83,-15.68,6.50,-0.71,-0.01|0.29|-0.45|0.48|-0.39|3.59|-8.67|2.67,14.39,2.53,0.04|-80.62|71.94|89.7|16.16|-8.41|0.87|0.06|2.53|14.39,-113.63,41.84|-127|23.72|40.25|20.4|20.38|-26.07|9.02|-591.88,,,2.07|2.07|2.07|2.07|2.07|2.07|2.07|2.07,0|0|0|0|0|0|0|0|0|0,0|11.76|12.37|6.62|6.41|6.47|6.87|6.1|6.65|3.45,1.47|6.16|-15.68|0.2|1.3|0.69|0.12|0.63|0.34|-9.03
Pipan Oils,https://www.screener.in/company/538537/,325 Cr.,185,185 / 90.2,,0.11,0.00 %,-38.7 %,%,2.00,16.2,,0.00 %,0.00 %,%,%,%,"-3,300 %",%,%,%,%,0.00 %,4.68,0.00 %,0.00 Cr.,0.00 Cr.,0.00 Cr.,Services,Services,Commercial Services & Supplies,Trading & Distributors,-0.67,-1.90,-0.06,-0.11,-0.2|-0.08|-0.1|0|-0.06|-0.03|-1.08|-0.38,-0.72,-0.37,0.19|-0.28|0.24|0.24|0.12|-0.16|4.13|3.31|-10.39|-2.44|-0.37|-0.72,-658.21,-3.35|-5.14|2.87|0.49|0|-142.06|-8.33|-40.68|-3100,,,,0|0|0|0|0|0|0|0|0|0|0,2.09|2.14|1.74|2.03|1.92|0|2.14|3.6|0.59|0.01|0|0,0.02|0|0.02|0.01|0.01|-0.01|-0.02|-0.28|-4.41|-0.33|-0.19|-2.07
Shemaroo Entert.,https://www.screener.in/company/SHEMAROO/consolidated/,334 Cr.,116,143 / 73.0,,94.0,0.00 %,-39.3 %,-58.8 %,10.0,1.29,-7.07,0.00 %,0.00 %,-45.3 %,-11.6 %,-37.3 %,-12.3 %,1.54 %,%,%,%,0.00 %,1.12,0.00 %,0.00 Cr.,0.00 Cr.,0.00 Cr.,Consumer Discretionary,"Media, Entertainment & Publication",Entertainment,Media & Entertainment,-8.07,-71.97,-54.90,-45.54,-9.61|-13.32|-1.87|-16.77|-16.57|-20.29|-25.1|-2.8,24,73,-30|-49|-58|133|32|-8|10|44|-17|26|73|24,-7.60,27|29|30|29|28|15|4|10|9|0|-12|-45,,0|0.01|0.03|0|0|0|0|0,0|0|0|0|0|0|0|0,8|7|6|6|5|0|0|0|0|0|0|0,323|375|426|489|568|513|311|381|557|707|685|583,41|51|59|71|82|30|-22|5|10|-40|-84|-218
Neueon Corporation,https://www.screener.in/company/NEUEON/consolidated/,638 Cr.,11.3,28.2 / 5.49,,3.89,0.00 %,-40.4 %,-43.7 %,1.00,4.03,"-23,401",0.00 %,0.00 %,"-1,222 %",-38.3 %,"-1,598 %","-1,680 %",%,%,20.0 %,9.93 %,0.00 %,0.19,-3.63 %,0.00 Cr.,0.00 Cr.,0.00 Cr.,Industrials,Capital Goods,Electrical Equipment,Heavy Electrical Equipment,-0.91,-206.39,-8.80,-88.91,-4.24|-4.48|-7.61|-3.9|-15.72|-0.16|-3.65|-0.02,-38,"-1,227",1009|194|268|577|143|1|10|0|-5|-21|-1227|-38,-1139.80,11|16|-29|-474|-1187|-3575|-4033|-2057|-1138|-1244|-38|-1222,,,0.88|1.77|1.77|1.77|1.77|0.18|0.18|0.18,0|0|0|0|0|0|0|0|0|0|0|0,2268|1467|245|73|42|3|0|0|0|0|5|16,3|-145|-491|-463|-675|-222|-65|-95|-93|-94|-91|-326
Kaya Ltd,https://www.screener.in/company/KAYA/consolidated/,518 Cr.,341,488 / 224,,-101,0.00 %,-45.6 %,%,10.0,0.19,-1.57,0.03 %,0.04 %,-9.76 %,9.04 %,-43.5 %,32.1 %,-16.1 %,5.54 %,8.88 %,%,0.00 %,,0.00 %,0.00 Cr.,0.00 Cr.,0.00 Cr.,Consumer Discretionary,Consumer Services,Leisure Services,Wellness,-28,-36,-19,-14,78.61|-11.96|2.81|-5.36|-10.76|-12.35|-23.41|-18.28,21,1,29|5|-8|-12|22|47|32|30|63|39|1|21,-3.40,11|5|-3.8|0.4|3.1|14|10|6|-5|-17|9|-10,,1.27|1.27|1.49|0.95|0.63|0.63|0.68|0.71,3.61|3.37|1.71|2.09|2.53|2.79|2.95|2.99,0|0|0|0|0|0|0|0|0|0|0|0,332|370|409|400|421|393|275|324|377|205|217|222,32|9|-28|-20|-16|-54|-37|-68|-116|-130|84|-96
HCL Infosystems,https://www.screener.in/company/HCL-INSYS/consolidated/,345 Cr.,10.5,16.5 / 9.01,,-9.01,0.00 %,-51.6 %,%,2.00,0.30,-2.88,0.00 %,0.00 %,-271 %,-208 %,-145 %,-110 %,-11.7 %,12.0 %,12.0 %,13.0 %,0.00 %,,0.00 %,0.00 Cr.,0.00 Cr.,0.00 Cr.,Information Technology,Information Technology,IT - Hardware,Computers Hardware & Equipments,-17,-13,-10,-6,-0.24|-0.16|-0.12|-0.14|-0.17|-0.3|-0.4|-0.51,-0,-28,-369|-186|77|-351|441|62|-15|101|74|-36|-28|0,-204.60,-1.6|-5|-6|-21|-3.5|-12|-70|-144|-227|-173|-208|-271,,0|0.01|0|0.01|0.03|0.04|0|0,0|0.04|0.04|0.04|0.04|0.04|0.04|0.04,0|0|0|0|0|0|0|0|0|0|0|0,6220|3656|3225|3565|3875|1815|353|69|31|32|25|22,-185|-214|-248|-814|-135|-136|-197|25|-39|-16|-21|-33
NDTV,https://www.screener.in/company/NDTV/consolidated/,809 Cr.,71.7,134 / 58.8,,11.4,0.00 %,-72.6 %,-340 %,4.00,1.04,-10.5,-0.04 %,0.00 %,-49.4 %,-37.3 %,-60.2 %,-45.6 %,11.0 %,%,%,%,0.00 %,2.01,0.00 %,0.00 Cr.,0.00 Cr.,0.00 Cr.,Consumer Discretionary,"Media, Entertainment & Publication",Entertainment,TV Broadcasting & Software Production,-82,-99,-80,-74,-4.68|-4.94|-5.4|-6.24|-6.57|-7.11|-8.67|-7.24,-258,-144,-19|-3|-7|41|27|16|43|155|-13|-68|-144|-258,-10.80,3.2|-6|-9|-9|10|14|21|25|15|-8|-37|-49,,0.1|0.1|0.13|0.12|0.11|0.05|0.04|0,0|0|0|0|0|0|0|0,0|0|0|0|0|0|0|0|0|0|0|0,571|566|490|426|399|373|358|396|386|370|465|528,-44|-74|-86|-84|11|28|75|85|53|-21|-218|-323
Tejassvi Aaharam,https://www.screener.in/company/531628/,336 Cr.,57.8,74.0 / 13.8,,,0.00 %,-78.8 %,%,10.0,0.88,-0.52,0.00 %,0.00 %,-0.48 %,-1.34 %,-1.22 %,-4.07 %,%,-13.4 %,%,%,0.00 %,,72.6 %,0.00 Cr.,0.00 Cr.,0.00 Cr.,Consumer Discretionary,Textiles,Textiles & Apparels,Other Textile Products,-0.27,-0.40,-0.07,-0.31,,-0.55,-0.67,0|-0.33|7.82|-11.19|-1.94|-0.87|-0.03|0.07|-0.39|-0.39|-0.67|-0.55,-66.92,-64.66|-77.53|-81.57|-173.68|-1.34|-0.48,,0.03|0|0|0|0|0|0|0,,0|0|0|0|0|0|0|0|0|0|0|0,0|0|1.16|3.56|2.17|0.38|0|0|0|0|17.92|82.08,-2.62|-2.7|-2.96|-6.23|-3.15|1.34|17.01|-0.63|-0.74|-0.84|-0.73|-1
Prabhatam Infra Venture Venture,https://www.screener.in/company/531647/,614 Cr.,27.7,27.7 / 18.8,,-0.49,0.00 %,-97.1 %,%,1.00,0.02,-1.08,0.00 %,0.00 %,-144 %,%,-689 %,%,%,%,%,%,0.00 %,,-0.16 %,0.00 Cr.,0.00 Cr.,0.00 Cr.,Commodities,Forest Materials,"Paper, Forest & Jute Products",Paper & Paper Products,-0.27,-0.21,-0.28,-0.05,-0.06|-0.08|-0.15|-0.05|-0.03|-0.15|-0.11|-0.14,-1.82,-0.14,-0.17|-0.01|0.01|0.02|-0.12|0.01|-0.01|-0.01|-0.04|-0.52|-0.14|-1.82,-64.25,-3.08|-54.55|-100|37.5|-100|-14.29|-144.44,,,,0|0|0|0|0|0|0|0|0|0|0|0,0.65|0.11|0.05|0.08|0.1|0.07|0|0|0|0|0|0.09,0.18|-0.05|-0.05|0.03|-0.1|-0.01|-0.03|-0.01|-0.04|-0.74|-0.21|-0.62
BEML Land Assets,https://www.screener.in/company/BLAL/,679 Cr.,163,225 / 151,296,0.27,0.00 %,-193 %,0.90 %,10.0,1.50,0.89,-0.01 %,0.00 %,-210 %,%,1.02 %,%,%,26.3 %,26.3 %,%,0.00 %,0.00,0.00 %,0.00 Cr.,0.00 Cr.,0.00 Cr.,Financial Services,Financial Services,Finance,Investment Company,-0.47,3.75,-0.46,-0.53,-0.18|-0.11|-0.1|-0.66|-0.13|-0.11|0.9|-0.11,1.29,0.94,0|0.48|0.57|0.94|1.29,-210.20,-210.2,,0.05|0.02|0.01|0.22|0.07|0.01|0.01|0,8.2|8.22|8.21|8.21|8.21|8.21|8.21|8.21,0|0|0|0|0,0|0|0|0|0.98,-0.01|-0.63|-3.72|-3.75|0.01
Smaart Tech Services,https://www.screener.in/company/523449/,328 Cr.,126,126 / 36.0,,-54.5,0.00 %,"-7,026 %",%,10.0,0.01,-0.57,-0.31 %,0.00 %,%,%,%,%,%,-15.6 %,-15.6 %,-4.15 %,0.00 %,,-75.0 %,0.00 Cr.,0.00 Cr.,0.00 Cr.,Consumer Discretionary,Consumer Durables,Consumer Durables,Consumer Electronics,-5.76,-5.69,-5.90,-7.44,-1.85|-1.96|-1.76|-1.99|-2.87|-2.27|-2.19|-2.22,-8,-9,11|-6|7|-8|-9|-9|-8|-9|-9|-9|-9|-8,-17010.40,6|-21|-41|-477|-2450|-45450|-7208|-29467,,0|0|0|0|0|0|0.31|0,0.01|0.01|0.01|0.01|0.01|0.01|0.01|0.01,0|0|0|0|0|0|0|0|0|0|0|0,189|30|26|2|0|0|0|0|0|0|0|0,2|-14|-14|-10|-12|-14|-18|-15|-16|-18|-19|-24
Citurgia Biochem,https://www.screener.in/company/506373/,"1,407 Cr.",107,212 / 47.4,,-0.59,0.00 %,%,%,2.00,0.87,,0.00 %,0.00 %,%,%,%,%,%,-31.7 %,-31.7 %,-4.68 %,0.00 %,,0.00 %,0.00 Cr.,0.00 Cr.,0.00 Cr.,Commodities,Chemicals,Chemicals & Petrochemicals,Commodity Chemicals,-0.08,-0.26,-0.29,-0.11,-0.01|-0.01|-0.01|-0.01|-0.01|-0.02|-0.02|-0.01,-0.13,-0.12,-0.03|-0.08|-0.51|-1.32|-0.19|-0.11|-0.15|-0.03|-0.07|-0.14|-0.12|-0.13,,,,,,0|0|0|0|0|0|0|0|0|0|0|0,0|0|0|0|0|0|0|0|0|0|0|0,-0.76|-0.66|-0.54|-0.55|-0.56|-0.4|-0.61|-0.4|-0.44|-0.48|-0.42|-0.74
GTL Infra.,https://www.screener.in/company/GTLINFRA/,"1,473 Cr.",1.15,1.67 / 0.96,,-4.07,0.00 %,%,%,10.0,0.10,0.65,0.71 %,-0.08 %,25.0 %,21.1 %,-30.5 %,-65.4 %,-2.00 %,15.3 %,15.4 %,7.73 %,0.00 %,,0.00 %,0.00 Cr.,0.00 Cr.,0.00 Cr.,Telecommunication,Telecommunication,Telecom - Services,Telecom - Infrastructure,69,"1,186",20,-193,-0.17|-0.16|-0.19|-0.18|-0.15|0.02|0.93|0.05,535,635,521|449|1239|705|264|436|419|503|495|194|635|535,25.60,34|22|44|31|12|19|30|30|25|27|21|25,,0.12|0.01|0.05|0.14|0.01|0.04|0.06|0.77,37|36.14|35.2|33.78|32.87|32.18|31.28|31.2,0|0|0|0|0|0|0|0|0|0|0|0,600|913|2283|2333|1500|1417|1410|1463|1458|1372|1344|1372,-515|-605|-1399|-1893|-1539|-1864|-1271|-1475|-1817|-681|-875|779
Vardhman Polytex,https://www.screener.in/company/VARDMNPOLY/,289 Cr.,5.69,9.50 / 5.02,31.7,-4.08,0.00 %,%,%,1.00,0.80,2.04,0.00 %,0.00 %,6.01 %,4.19 %,0.61 %,0.02 %,-27.3 %,26.3 %,26.2 %,15.0 %,74.0 %,,0.00 %,0.00 Cr.,0.00 Cr.,0.00 Cr.,Consumer Discretionary,Textiles,Textiles & Apparels,Other Textile Products,311,1,0,6,0.02|0.55|0.02|0|0.14|0|0.02|6.44,-30,-98,76|108|76|49|63|13|24|61|40|-14|-98|-30,-0.16,7|7|8|-7|0.1|-0.1|2.8|6|-6|-11|4.2|6,,0.32|0.64|0.54|0.21|0.33|0.46|5.62|5.62,0.01|0|0|0|0|0|0|0,0|0|0|0|0|0|0|0|0|0|0|0,941|876|859|618|808|560|507|928|615|376|285|237,-29|9|-1|-424|-74|102|-57|-16|1|-27|15|8
Dish TV India,https://www.screener.in/company/DISHTV/consolidated/,471 Cr.,2.56,5.57 / 1.82,,-22.0,0.00 %,%,%,1.00,0.08,-2.13,-0.43 %,0.00 %,2.67 %,33.8 %,-53.9 %,-9.74 %,-19.9 %,%,%,%,11.2 %,,0.16 %,0.00 Cr.,0.00 Cr.,0.00 Cr.,Consumer Discretionary,"Media, Entertainment & Publication",Entertainment,TV Broadcasting & Software Production,-286,-304,-276,-133,-0.2|-0.25|-2.18|-0.51|-0.72|-1.5|-1.65|-1.55,71,410,767|1132|821|1036|1090|2204|1574|1141|668|676|410|71,36.14,27|34|32|29|33|60|63|59|44|41|34|2.7,,9.75|9.52|10.54|10.15|9.69|8.68|8.23|7.8,2.82|3.13|2.52|2.52|2.52|2.5|2.5|2.5,0|0|0|0|-8|0|0|0|0|0|0|0,2688|3060|3014|4634|6166|3556|3249|2802|2262|1857|1568|1163,3|692|82|-85|-1163|-1655|-1190|-1867|-1684|-1967|-488|-807
Essar Shipping,https://www.screener.in/company/ESSARSHPNG/consolidated/,335 Cr.,16.2,43.3 / 15.4,,-100,0.00 %,%,%,10.0,0.05,0.33,0.05 %,0.00 %,-898 %,-483 %,-824 %,-53.5 %,-69.2 %,-19.8 %,-19.8 %,14.6 %,0.00 %,,0.00 %,0.00 Cr.,0.00 Cr.,0.00 Cr.,Services,Services,Transport Services,Shipping,230,-36,-88,-16,31.04|1.92|0.62|1.32|-0.76|-4.26|-1.72|11.13,-130,531,559|345|274|487|157|210|97|140|514|-46|531|-130,-328.00,12|16|17|20|25|19|6|19|53|-331|-483|-898,,0|0|0.01|0|0|0|0|0.05,0.02|0.03|0.03|0.02|0.02|0.02|0.02|0.02,0|0|0|0|0|0|0|0|0|0|0|0,1911|1720|2194|1208|1309|1344|472|328|61|20|10|2,-459|-550|-583|-1685|-3771|-1687|-621|-78|1650|-104|660|-112
IL&FS Engg.,https://www.screener.in/company/IL&FSENGG/consolidated/,532 Cr.,40.6,41.0 / 21.0,40.1,-243,0.00 %,%,%,10.0,0.14,5.60,0.00 %,-0.01 %,-30.9 %,-22.6 %,1.86 %,-10.5 %,2.00 %,26.6 %,26.6 %,15.0 %,0.00 %,,0.00 %,0.00 Cr.,0.00 Cr.,0.00 Cr.,Industrials,Construction,Construction,Civil Construction,0.01,10.09,1.78,-1.26,-0.82|0.11|0.56|-0.71|-0.1|0.14|0.77|0,-112,-49,-110|-177|51|-117|229|216|35|98|8|-73|-49|-112,-52.00,7|-10|8|8|-7|1.1|-67|-71|-70|-65|-23|-31,,0.59|0.79|0.88|0.88|0.88|0.94|0.7|0.7,0.37|0.37|0.37|0.37|0.37|0.37|0.34|0.33,0|0|0|0|0|0|0|0|0|0|0|0,2783|2132|1818|1869|1239|562|333|308|177|259|321|188,-23|-437|-46|15|-2043|-405|-285|-386|-124|-77|-5|1
McNally Bharat,https://www.screener.in/company/MBECL/consolidated/,"1,339 Cr.",402,402 / 213,,171,0.00 %,%,%,10.0,1.20,-16.5,0.00 %,0.00 %,-300 %,-817 %,-601 %,"-1,632 %",-42.8 %,21.8 %,-8.04 %,%,0.00 %,0.17,0.00 %,0.00 Cr.,0.00 Cr.,0.00 Cr.,Industrials,Construction,Construction,Civil Construction,-25,-69,-61,"3,810",-10.41|-13.07|-299.69|-69.08|1143.05|-18.37|-20.74|-7.58,42,-17,-457|-392|-568|-303|359|-187|63|-7|10|-13|-17|42,-253.60,6|0.1|-16|-9|-27|-43|1.2|-21|-79|-51|-817|-300,,0|0|0.18|0.18|0.18|0.18|0.18|0.18,1.14|1.14|4.55|4.55|4.55|4.55|4.55|4.55,0|0|0|0|0|0|0|0|0|0|0|0,2430|2694|2172|1682|1739|730|502|403|394|168|105|74,-81|-377|-51|-470|-791|-387|-44|-121|-2263|-883|-1716|3450
Reliance Communi,https://www.screener.in/company/RCOM/consolidated/,254 Cr.,0.92,1.51 / 0.75,,-371,0.00 %,%,%,5.00,0.26,-5.57,0.00 %,0.00 %,-60.8 %,-3.07 %,-101 %,"-2,611 %",-13.1 %,25.5 %,25.5 %,14.2 %,0.00 %,,0.00 %,0.00 Cr.,0.00 Cr.,0.00 Cr.,Telecommunication,Telecommunication,Telecom - Services,Telecom - Cellular & Fixed line services,-809,"-3,097","-2,767","-2,701",-8.27|-8.6|-9.05|-9.26|-9.77|-10.01|-11.2|-2.93,-14,26,3158|14106|-388|964|374|19|328|119|-64|-40|26|-14,-16.40,29|28|-6|-502|-118|-1904|-739|-11|-4|-2.9|-3.1|-61,,0.07|0.07|0.07|0.07|0.07|0.07|0.07|0.07,4.39|4.38|4.38|4.38|4.38|4.38|4.38|4.38,0|0|0|0|0|0|0|0|0|0|0|0,24787|25594|6554|4593|4015|1685|760|556|479|383|358|314,623|660|-1283|-23907|-7218|-42677|-5812|-6637|-14784|-7212|-9389|-11125
S T C,https://www.screener.in/company/STCINDIA/consolidated/,669 Cr.,112,151 / 97.0,13.8,-658,0.00 %,%,%,10.0,0.36,25.2,0.04 %,0.00 %,%,%,%,%,%,15.2 %,15.2 %,23.8 %,0.00 %,,0.00 %,0.00 Cr.,0.00 Cr.,0.00 Cr.,Services,Services,Commercial Services & Supplies,Trading & Distributors,9.77,16.55,612.04,9.82,4.58|-1.25|0.27|0.53|1.64|102.01|2.76|1.63,52,-171,24|-153|71|207|1371|-449|-194|5|-62|-24|-171|52,-8.78,-0.2|-1|-1.3|-1|-1.4|-3.2|-37,,0|0|0|0|0|0|0|0.04,0.5|0.51|0.51|0.51|0.51|0.47|0.47|0.47,0|0|0|0|0|0|0|0|0|0|0|0,14494|10601|7814|10866|8903|2937|250|0|-1|0|0|0,-386|-462|-729|-618|-883|-114|-50|-87|32|51|25|648
Supreme Infra.,https://www.screener.in/company/SUPREMEINF/consolidated/,779 Cr.,79.9,115 / 56.5,,24.0,0.00 %,%,%,10.0,0.41,0.00,0.02 %,0.25 %,-2.59 %,-60.7 %,"-1,024 %","-2,162 %",-12.2 %,11.6 %,22.5 %,12.1 %,0.00 %,6.25,0.37 %,0.00 Cr.,0.00 Cr.,0.00 Cr.,Industrials,Construction,Construction,Civil Construction,-59,-60,-49,"6,306",-132.59|-140.82|-145.04|-155.62|651.87|-5.09|-6.19|-6.07,-8,11,-158|-21|406|76|-140|1519|203|-17|-18|-14|11|-8,-28.44,20|19|15|-1.5|-0.1|-12|-11|-2.6|-15|-61|-61|-2.6,,8.48|8.55|8.48|8.48|8.56|8.56|3|3.02,0|0|0|0|0|0|5.95|6.2,0|0|0|0|0|0|0|0|0|0|0|0,1814|1290|1161|1006|677|321|263|136|97|59|66|65,-22|-160|-355|-974|-1440|-831|-910|-920|-1202|-1175|-1426|5796
Unitech,https://www.screener.in/company/UNITECH/consolidated/,"1,128 Cr.",4.31,7.93 / 3.06,,-35.8,0.00 %,%,%,2.00,0.62,0.02,-0.02 %,-0.28 %,-1.10 %,-128 %,-527 %,-988 %,8.10 %,6.61 %,6.61 %,-19.0 %,3.72 %,,0.00 %,0.00 Cr.,0.00 Cr.,0.00 Cr.,Consumer Discretionary,Realty,Realty,"Residential, Commercial Projects",-703,-566,-975,-739,-2.41|-2.21|-1.18|-2.26|-2.19|-3.25|-1.69|-2.18,-116,-73,92|-238|-35|-268|-42|-129|-34|-14|251|15|-73|-116,-60.22,26|-38|-14|-2.4|-15|-27|-16|-5|-7|-160|-128|-1.1,,0.33|0.51|0.83|0.8|0.63|0.5|0.48|0.46,0.9|1.09|1.06|1.06|1.05|1.05|1.03|0.75,0|0|0|0|0|0|0|0|0|0|0|0,3431|1850|1730|1911|1337|1716|548|533|406|477|322|512,-162|-880|-427|-1306|-794|-1583|-1608|-1026|-3103|-3807|-3178|-3018
KS Smart Technlogies,https://www.screener.in/company/516038/consolidated/,"1,899 Cr.",116,291 / 71.9,25.5,18.0,0.00 %,%,25.2 %,10.0,0.91,4.78,0.00 %,0.00 %,9.14 %,4.84 %,5.67 %,2.93 %,%,%,%,%,0.00 %,0.69,0.00 %,0.00 Cr.,0.00 Cr.,Cr.,Information Technology,Information Technology,IT - Services,IT Enabled Services,,3.80,56.58,17.03,1.48|3.45|0.24,9,12,0|0|0|0|12|9,6.90,4.8|9,,0|0|0|0|0|0|8.53|8.53,2.23|2.23|2.23|2.23|2.23|0.02|0.02|0.02,0|0|0|0|0|0,0|0|0|0|688|1312,1|0|0|0|20|74
Elitecon Inter.,https://www.screener.in/company/ELITECON/consolidated/,"1,277 Cr.",7.99,237 / 7.08,3.99,2.16,0.63 %,%,43.5 %,1.00,1.42,11.7,-1.61 %,0.00 %,12.6 %,%,12.7 %,%,%,%,%,%,0.00 %,1.09,0.00 %,0.00 Cr.,Cr.,Cr.,Fast Moving Consumer Goods,Fast Moving Consumer Goods,Cigarettes & Tobacco Products,Cigarettes & Tobacco Products,104,117,72,43,0.02|0|0.02|11.02|0.27|0.45|0.64|0.65,-0,-0,-2|0|0,6.47,2.3|4.1|13,,15.49|15.49|38.3|38.26|38.21|38|38.04|36.43,,0|0|0,1|1|549,0|0|70
Evexia Lifecare,https://www.screener.in/company/524444/consolidated/,334 Cr.,1.78,2.19 / 0.47,180,3.02,0.00 %,%,%,1.00,1.75,237,-0.12 %,0.00 %,2.60 %,1.86 %,1.47 %,0.47 %,16.6 %,34.2 %,-5.06 %,-16.4 %,0.00 %,2.16,0.00 %,0.00 Cr.,0.00 Cr.,0.00 Cr.,Commodities,Chemicals,Chemicals & Petrochemicals,Trading - Chemicals,0.42,0.78,0.29,0.37,0.01|0|0|0|0|0|0|0,-23,-2,4|11|-116|-12|0|-3|2|-6|-3|17|-2|-23,2.40,-8|-0.3|0.7|-0.5|-0.8|-6|-68|3.2|0.8|3.5|1.9|2.6,,1.49|0.16|0.16|0|0.47|0.47|0.12|0,0.17|0.09|0.09|0.09|0.09|0.09|0.09|0.09,0|0|0|0|0|0|0|0|0|0|0|0,1|34|178|74|105|100|107|76|70|56|87|110,0|0|1|0|2|3|1|1|1|1|0|2
Vega Jewellers,https://www.screener.in/company/512026/consolidated/,331 Cr.,65.0,65.0 / 38.7,6.04,32.2,0.00 %,%,24.2 %,10.0,1.53,5.29,0.00 %,0.00 %,8.86 %,%,4.63 %,%,%,%,%,38.9 %,0.00 %,1.69,0.00 %,0.00 Cr.,Cr.,Cr.,Services,Services,Commercial Services & Supplies,Trading & Distributors,22,17,15,11,-0.96|0.67|-0.92|0.7|1.77|2.53|3.06|3.62,-350,-0,0|2|2|-1|0|-350,-0.06,2.2|1.3|1.8|-11|-1.4|9,,,,0|0|0|0|0,36|38|33|56|6|982,0|0|0|-7|-1|45
Divine Power,https://www.screener.in/company/DPEL/consolidated/,"1,619 Cr.",648,655 / 228,60.6,51.7,0.00 %,%,20.7 %,10.0,1.43,4.00,0.01 %,-0.46 %,8.15 %,%,4.27 %,%,60.8 %,111 %,80.9 %,%,0.00 %,1.21,0.00 %,0.00 Cr.,Cr.,Cr.,Industrials,Capital Goods,Industrial Products,Cables - Electricals,,19,8,2,1.39|3.14|7.56,-25,,-25,6.47,4.4|7|8,,0.6|0.16|0.01|0|0.01,1.87|0.23|0.17|0.46|0,0|0|0,122|151|626,1|3|27
PropsharePlatina,https://www.screener.in/company/544295/consolidated/,370 Cr.,"11,00,000","11,05,000 / 9,85,001",15.6,"9,99,559",10.4 %,%,6.92 %,"10,50,000",14.4,28.4,%,%,95.2 %,%,76.4 %,%,%,%,%,%,0.00 %,0.00,%,30.6 Cr.,Cr.,Cr.,,,,,4.40,1.01,14.18,4.16,-2911.76|3705.88|12264.71|12235.29|41705.88|2970.59|12941.18,28,,28,95.00,95,,,,130,31,24
Cupid Breweries,https://www.screener.in/company/512361/consolidated/,207 Cr.,22.7,110 / 19.3,,75.6,0.00 %,%,-0.53 %,10.0,1.98,-7.28,0.00 %,0.00 %,%,%,%,%,%,%,%,%,0.00 %,0.04,0.00 %,0.00 Cr.,Cr.,Cr.,Fast Moving Consumer Goods,Fast Moving Consumer Goods,Beverages,Breweries & Distilleries,-0.85,-1.26,-1.14,-2.38,0|-0.07|-0.46|-0.22|-0.14|-0.09,-17.71,,-17.71,,,,,,0,0,-3.67
Patil Automation,https://www.screener.in/company/PATILAUTOM/consolidated/,711 Cr.,326,338 / 112,40.0,63.5,0.00 %,%,12.8 %,10.0,1.67,10.1,-0.69 %,1.41 %,14.8 %,%,11.4 %,%,%,%,%,%,0.00 %,0.15,0.00 %,0.00 Cr.,Cr.,Cr.,Industrials,Capital Goods,Industrial Manufacturing,Industrial Products,,,12,8,3.45|4.7,-1,,-1,15.00,15,,2.93|2.42|1.73,7.33|5.94|7.35,0,167,19
Goldstar Power,https://www.screener.in/company/GOLDSTAR/consolidated/,262 Cr.,9.15,9.95 / 4.50,6.05,10.4,0.00 %,%,9.85 %,1.00,2.30,20.8,0.00 %,0.00 %,3.84 %,9.47 %,3.51 %,4.71 %,%,%,%,%,0.00 %,0.03,0.00 %,0.00 Cr.,0.00 Cr.,Cr.,Consumer Discretionary,Automobile and Auto Components,Auto Components,Auto Components & Equipments,15,18,10,1,0.06|-0.05|0.03|0.02|0.36|0.61|0.51,-108,9,9|-108,6.40,9|3.8,,,,0|0,48|838,2|29
KD Green Industries,https://www.screener.in/company/KDGREEN/consolidated/,501 Cr.,49.4,99.4 / 36.4,118,8.22,0.00 %,%,6.27 %,1.00,4.00,19.2,0.00 %,0.00 %,12.8 %,%,8.19 %,%,%,%,%,%,0.00 %,0.46,-15.8 %,0.00 Cr.,Cr.,Cr.,Consumer Discretionary,Consumer Durables,Consumer Durables,"Gems, Jewellery And Watches",3.67,2.01,1.16,1.76,0.16|0.09|0.18|0.17,3,,3,13.00,13,,,0.01|0|0|0|0|0|0|0,0,63,5
Artificial Elect,https://www.screener.in/company/526443/consolidated/,221 Cr.,79.8,195 / 68.0,4.54,44.1,0.00 %,%,30.1 %,10.0,6.40,242,0.00 %,0.07 %,32.8 %,11.5 %,24.5 %,10.8 %,%,%,%,%,0.00 %,0.90,0.00 %,0.00 Cr.,0.00 Cr.,Cr.,Information Technology,Information Technology,IT - Software,Software Products,13,12,14,10,1.13|0.31|0.36|5.75|5.41|4.31|4.53,-158,,-158,22.00,11|33,,0.07|0|0|0|0|0|0|0,0.17|0.01|0.01|0.01|0.01|0|0|0.07,0|0,26|150,3|37
Karnika Industri,https://www.screener.in/company/KARNIKA/consolidated/,744 Cr.,120,188 / 90.2,26.6,15.6,0.08 %,%,29.0 %,10.0,1.60,8.19,0.00 %,0.00 %,15.0 %,%,11.4 %,%,%,%,%,%,0.00 %,0.78,0.00 %,0.62 Cr.,Cr.,Cr.,Consumer Discretionary,Textiles,Textiles & Apparels,Garments & Apparels,,9.14,9.32,6.61,1.05|1.45|1.45,16,,16,15.00,15,,0|0|0.01|0|0|0|0,,2,248,28
Freshara Agro,https://www.screener.in/company/FRESHARA/consolidated/,"1,060 Cr.",451,494 / 130,28.6,74.5,0.00 %,%,21.2 %,10.0,1.50,7.38,0.00 %,0.42 %,14.7 %,15.7 %,10.8 %,11.3 %,%,%,%,%,0.00 %,1.03,0.00 %,0.00 Cr.,0.00 Cr.,Cr.,Fast Moving Consumer Goods,Fast Moving Consumer Goods,Food Products,Other Food Products,,,,,,-57,-2,-2|-57,15.50,16|15,,7.11|0.04|0.13|0.13,4.53|0.53|0.14|0.56,0|0,254|342,29|38
Hexagon Nutri.,https://www.screener.in/company/HEXAGON/,814 Cr.,66.3,78.7 / 48.0,19.5,,0.45 %,%,16.4 %,1.00,3.90,28.1,%,%,13.6 %,%,11.9 %,%,40.9 %,273 %,273 %,52.1 %,0.00 %,0.11,%,0.00 Cr.,Cr.,Cr.,Fast Moving Consumer Goods,Fast Moving Consumer Goods,Food Products,Packaged Foods,9.83,13.63,9.88,5.97,0.6|0.54|0.89|1.23|0.8,8,-2,10|5|1|7|-2|8,8.84,11|9|12|-0.8|10|14,,0.29,6.42,0|0|0|0|0|0,99|86|107|114|132|319,7|6|9|-3|10|38
Shah Foods,https://www.screener.in/company/519031/consolidated/,893 Cr.,383,439 / 97.6,271,75.8,0.00 %,%,1.86 %,10.0,1.49,116,0.00 %,0.00 %,-6.03 %,%,82.7 %,%,%,%,%,%,0.00 %,0.33,0.00 %,0.00 Cr.,Cr.,Cr.,Fast Moving Consumer Goods,Fast Moving Consumer Goods,Food Products,Packaged Foods,,,10,3,1.46|4.41,-54.29,,-54.29,-6.03,-6.03,,,,0,3.98,3.29
Propshare Celestia,https://www.screener.in/company/544752/consolidated/,232 Cr.,"9,95,500","10,39,999 / 9,91,000",,,1.66 %,%,%,"10,50,000",,,%,%,%,%,%,%,%,%,%,%,%,,%,Cr.,Cr.,Cr.,Consumer Discretionary,Realty,Realty,Real Estate Investment Trusts (REITs),,,,2.33,10130.43,,,,,,,,,,,
Technocraft Ven.,https://www.screener.in/company/TECHNOCRAF/,"1,746 Cr.",441,461 / 284,39.1,,0.00 %,%,%,10.0,,6.10,%,%,20.2 %,%,12.6 %,%,24.5 %,58.6 %,-0.06 %,21.7 %,0.00 %,,%,0.00 Cr.,Cr.,Cr.,Utilities,Utilities,Other Utilities,Water Supply & Management,,11,24,9,3.1|7.83|3.55,,,0|-5|-8|24,14.20,10|12|12|12|15|20,,6.49,8.34,0|0|0|0|0|0,129|91|121|179|226|345,6|4|6|11|19|43
Tandhan Industries,https://www.screener.in/company/512062/consolidated/,791 Cr.,159,175 / 11.0,73.0,35.0,0.01 %,%,6.23 %,10.0,1.64,3.73,0.00 %,0.00 %,16.4 %,%,11.2 %,%,%,%,%,%,0.00 %,0.62,0.00 %,0.00 Cr.,Cr.,Cr.,Services,Services,Commercial Services & Supplies,Diversified Commercial Services,,6.02,6.47,4.37,0.88|1.3|1.21,-36,,-36,16.00,16,,,,0,97,11
Arvaya Healthcare,https://www.screener.in/company/524723/consolidated/,557 Cr.,116,145 / 30.8,419,,0.00 %,%,%,10.0,,3.66,0.00 %,0.00 %,7.90 %,%,9.88 %,%,%,%,%,%,0.00 %,,0.00 %,0.00 Cr.,Cr.,Cr.,Services,Services,Commercial Services & Supplies,Trading & Distributors,,0.53,1.47,-0.25,-0.33|0.26|0.08,-3.28,,-3.28,7.90,7.9,,,,0,9.11,0.9
Credent Connect N Care,https://www.screener.in/company/CREDENT/consolidated/,652 Cr.,358,380 / 309,35.3,,0.00 %,%,42.1 %,10.0,2.06,18.6,%,%,13.5 %,%,8.62 %,%,%,%,%,%,%,0.50,%,0.00 Cr.,Cr.,Cr.,Services,Services,Commercial Services & Supplies,Diversified Commercial Services,,,,8,380.5,-7,,-7,13.00,13,,3.06,9.23,0,214,18
Axentra Corp,https://www.screener.in/company/511634/consolidated/,588 Cr.,299,372 / 190,600,,0.00 %,%,%,10.0,,113,0.00 %,0.00 %,6.96 %,%,10.1 %,%,%,%,%,%,0.00 %,,0.00 %,0.00 Cr.,Cr.,Cr.,Industrials,Construction,Construction,Civil Construction,,0.22,1.27,-0.13,-0.19|0.64|-0.1,,,,6.96,6.96,,0|0|0|22|15.87|15.87|58.58|58.58,,0,10.34,1.04
Rays of Belief,https://www.screener.in/company/MOMSBELIEF/consolidated/,468 Cr.,224,239 / 208,94.3,,0.00 %,%,16.1 %,10.0,2.41,5.49,%,%,15.1 %,%,6.07 %,%,%,%,%,%,0.00 %,0.30,%,0.00 Cr.,Cr.,Cr.,Healthcare,Healthcare,Healthcare Services,Hospital,,,,,,-1.94,,-1.94,15.14,15.14,,8.34,11.24,0,81.66,4.96
